Domain Code,Domain,Reporter Country Code (M49),Reporter Countries,Partner Country Code (M49),Partner Countries,Element Code,Element,Item Code (CPC),Item,Year Code,Year,Unit,Value,Flag,Flag Description
"TM","Detailed trade matrix","398","Kazakhstan","040","Austria","5910","Export quantity","0115","Barley","2018","2018","","","",""
"TM","Detailed trade matrix","398","Kazakhstan","040","Austria","5910","Export quantity","0115","Barley","2019","2019","","","",""
"TM","Detailed trade matrix","398","Kazakhstan","040","Austria","5910","Export quantity","0115","Barley","2020","2020","","","",""
"TM","Detailed trade matrix","398","Kazakhstan","040","Austria","5910","Export quantity","0115","Barley","2021","2021","","","",""
"TM","Detailed trade matrix","398","Kazakhstan","040","Austria","5910","Export quantity","0115","Barley","2022","2022","","","",""
"TM","Detailed trade matrix","398","Kazakhstan","040","Austria","5910","Export quantity","0115","Barley","2023","2023","","","",""
"TM","Detailed trade matrix","398","Kazakhstan","040","Austria","5910","Export quantity","0115","Barley","2024","2024","","","",""
"TM","Detailed trade matrix","398","Kazakhstan","040","Austria","5922","Export value","0115","Barley","2018","2018","","","",""
"TM","Detailed trade matrix","398","Kazakhstan","040","Austria","5922","Export value","0115","Barley","2019","2019","","","",""
"TM","Detailed trade matrix","398","Kazakhstan","040","Austria","5922","Export value","0115","Barley","2020","2020","","","",""
"TM","Detailed trade matrix","398","Kazakhstan","040","Austria","5922","Export value","0115","Barley","2021","2021","","","",""
"TM","Detailed trade matrix","398","Kazakhstan","040","Austria","5922","Export value","0115","Barley","2022","2022","","","",""
"TM","Detailed trade matrix","398","Kazakhstan","040","Austria","5922","Export value","0115","Barley","2023","2023","","","",""
"TM","Detailed trade matrix","398","Kazakhstan","040","Austria","5922","Export value","0115","Barley","2024","2024","","","",""
"TM","Detailed trade matrix","398","Kazakhstan","040","Austria","5910","Export quantity","01704","Lentils, dry","2018","2018","","","",""
"TM","Detailed trade matrix","398","Kazakhstan","040","Austria","5910","Export quantity","01704","Lentils, dry","2019","2019","","","",""
"TM","Detailed trade matrix","398","Kazakhstan","040","Austria","5910","Export quantity","01704","Lentils, dry","2020","2020","","","",""
"TM","Detailed trade matrix","398","Kazakhstan","040","Austria","5910","Export quantity","01704","Lentils, dry","2021","2021","","","",""
"TM","Detailed trade matrix","398","Kazakhstan","040","Austria","5910","Export quantity","01704","Lentils, dry","2022","2022","","","",""
"TM","Detailed trade matrix","398","Kazakhstan","040","Austria","5910","Export quantity","01704","Lentils, dry","2023","2023","","","",""
"TM","Detailed trade matrix","398","Kazakhstan","040","Austria","5910","Export quantity","01704","Lentils, dry","2024","2024","","","",""
"TM","Detailed trade matrix","398","Kazakhstan","040","Austria","5922","Export value","01704","Lentils, dry","2018","2018","","","",""
"TM","Detailed trade matrix","398","Kazakhstan","040","Austria","5922","Export value","01704","Lentils, dry","2019","2019","","","",""
"TM","Detailed trade matrix","398","Kazakhstan","040","Austria","5922","Export value","01704","Lentils, dry","2020","2020","","","",""
"TM","Detailed trade matrix","398","Kazakhstan","040","Austria","5922","Export value","01704","Lentils, dry","2021","2021","","","",""
"TM","Detailed trade matrix","398","Kazakhstan","040","Austria","5922","Export value","01704","Lentils, dry","2022","2022","","","",""
"TM","Detailed trade matrix","398","Kazakhstan","040","Austria","5922","Export value","01704","Lentils, dry","2023","2023","","","",""
"TM","Detailed trade matrix","398","Kazakhstan","040","Austria","5922","Export value","01704","Lentils, dry","2024","2024","","","",""
"TM","Detailed trade matrix","398","Kazakhstan","040","Austria","5910","Export quantity","01441","Linseed","2018","2018","t","148","A","Official value"
"TM","Detailed trade matrix","398","Kazakhstan","040","Austria","5910","Export quantity","01441","Linseed","2019","2019","t","304","A","Official value"
"TM","Detailed trade matrix","398","Kazakhstan","040","Austria","5910","Export quantity","01441","Linseed","2020","2020","t","299","A","Official value"
"TM","Detailed trade matrix","398","Kazakhstan","040","Austria","5910","Export quantity","01441","Linseed","2021","2021","t","262","A","Official value"
"TM","Detailed trade matrix","398","Kazakhstan","040","Austria","5910","Export quantity","01441","Linseed","2022","2022","t","131","A","Official value"
"TM","Detailed trade matrix","398","Kazakhstan","040","Austria","5910","Export quantity","01441","Linseed","2023","2023","","","",""
"TM","Detailed trade matrix","398","Kazakhstan","040","Austria","5910","Export quantity","01441","Linseed","2024","2024","","","",""
"TM","Detailed trade matrix","398","Kazakhstan","040","Austria","5922","Export value","01441","Linseed","2018","2018","1000 USD","41","A","Official value"
"TM","Detailed trade matrix","398","Kazakhstan","040","Austria","5922","Export value","01441","Linseed","2019","2019","1000 USD","154","A","Official value"
"TM","Detailed trade matrix","398","Kazakhstan","040","Austria","5922","Export value","01441","Linseed","2020","2020","1000 USD","143","A","Official value"
"TM","Detailed trade matrix","398","Kazakhstan","040","Austria","5922","Export value","01441","Linseed","2021","2021","1000 USD","177","A","Official value"
"TM","Detailed trade matrix","398","Kazakhstan","040","Austria","5922","Export value","01441","Linseed","2022","2022","1000 USD","106","A","Official value"
"TM","Detailed trade matrix","398","Kazakhstan","040","Austria","5922","Export value","01441","Linseed","2023","2023","","","",""
"TM","Detailed trade matrix","398","Kazakhstan","040","Austria","5922","Export value","01441","Linseed","2024","2024","","","",""
"TM","Detailed trade matrix","398","Kazakhstan","040","Austria","5910","Export quantity","0112","Maize (corn)","2018","2018","","","",""
"TM","Detailed trade matrix","398","Kazakhstan","040","Austria","5910","Export quantity","0112","Maize (corn)","2019","2019","","","",""
"TM","Detailed trade matrix","398","Kazakhstan","040","Austria","5910","Export quantity","0112","Maize (corn)","2020","2020","","","",""
"TM","Detailed trade matrix","398","Kazakhstan","040","Austria","5910","Export quantity","0112","Maize (corn)","2021","2021","","","",""
"TM","Detailed trade matrix","398","Kazakhstan","040","Austria","5910","Export quantity","0112","Maize (corn)","2022","2022","","","",""
"TM","Detailed trade matrix","398","Kazakhstan","040","Austria","5910","Export quantity","0112","Maize (corn)","2023","2023","","","",""
"TM","Detailed trade matrix","398","Kazakhstan","040","Austria","5910","Export quantity","0112","Maize (corn)","2024","2024","","","",""
"TM","Detailed trade matrix","398","Kazakhstan","040","Austria","5922","Export value","0112","Maize (corn)","2018","2018","","","",""
"TM","Detailed trade matrix","398","Kazakhstan","040","Austria","5922","Export value","0112","Maize (corn)","2019","2019","","","",""
"TM","Detailed trade matrix","398","Kazakhstan","040","Austria","5922","Export value","0112","Maize (corn)","2020","2020","","","",""
"TM","Detailed trade matrix","398","Kazakhstan","040","Austria","5922","Export value","0112","Maize (corn)","2021","2021","","","",""
"TM","Detailed trade matrix","398","Kazakhstan","040","Austria","5922","Export value","0112","Maize (corn)","2022","2022","","","",""
"TM","Detailed trade matrix","398","Kazakhstan","040","Austria","5922","Export value","0112","Maize (corn)","2023","2023","","","",""
"TM","Detailed trade matrix","398","Kazakhstan","040","Austria","5922","Export value","0112","Maize (corn)","2024","2024","","","",""
"TM","Detailed trade matrix","398","Kazakhstan","040","Austria","5910","Export quantity","01705","Peas, dry","2018","2018","","","",""
"TM","Detailed trade matrix","398","Kazakhstan","040","Austria","5910","Export quantity","01705","Peas, dry","2019","2019","","","",""
"TM","Detailed trade matrix","398","Kazakhstan","040","Austria","5910","Export quantity","01705","Peas, dry","2020","2020","","","",""
"TM","Detailed trade matrix","398","Kazakhstan","040","Austria","5910","Export quantity","01705","Peas, dry","2021","2021","","","",""
"TM","Detailed trade matrix","398","Kazakhstan","040","Austria","5910","Export quantity","01705","Peas, dry","2022","2022","","","",""
"TM","Detailed trade matrix","398","Kazakhstan","040","Austria","5910","Export quantity","01705","Peas, dry","2023","2023","","","",""
"TM","Detailed trade matrix","398","Kazakhstan","040","Austria","5910","Export quantity","01705","Peas, dry","2024","2024","","","",""
"TM","Detailed trade matrix","398","Kazakhstan","040","Austria","5922","Export value","01705","Peas, dry","2018","2018","","","",""
"TM","Detailed trade matrix","398","Kazakhstan","040","Austria","5922","Export value","01705","Peas, dry","2019","2019","","","",""
"TM","Detailed trade matrix","398","Kazakhstan","040","Austria","5922","Export value","01705","Peas, dry","2020","2020","","","",""
"TM","Detailed trade matrix","398","Kazakhstan","040","Austria","5922","Export value","01705","Peas, dry","2021","2021","","","",""
"TM","Detailed trade matrix","398","Kazakhstan","040","Austria","5922","Export value","01705","Peas, dry","2022","2022","","","",""
"TM","Detailed trade matrix","398","Kazakhstan","040","Austria","5922","Export value","01705","Peas, dry","2023","2023","","","",""
"TM","Detailed trade matrix","398","Kazakhstan","040","Austria","5922","Export value","01705","Peas, dry","2024","2024","","","",""
"TM","Detailed trade matrix","398","Kazakhstan","040","Austria","5910","Export quantity","21641.01","Rapeseed or canola oil, crude","2018","2018","","","",""
"TM","Detailed trade matrix","398","Kazakhstan","040","Austria","5910","Export quantity","21641.01","Rapeseed or canola oil, crude","2019","2019","","","",""
"TM","Detailed trade matrix","398","Kazakhstan","040","Austria","5910","Export quantity","21641.01","Rapeseed or canola oil, crude","2020","2020","","","",""
"TM","Detailed trade matrix","398","Kazakhstan","040","Austria","5910","Export quantity","21641.01","Rapeseed or canola oil, crude","2021","2021","","","",""
"TM","Detailed trade matrix","398","Kazakhstan","040","Austria","5910","Export quantity","21641.01","Rapeseed or canola oil, crude","2022","2022","","","",""
"TM","Detailed trade matrix","398","Kazakhstan","040","Austria","5910","Export quantity","21641.01","Rapeseed or canola oil, crude","2023","2023","","","",""
"TM","Detailed trade matrix","398","Kazakhstan","040","Austria","5910","Export quantity","21641.01","Rapeseed or canola oil, crude","2024","2024","","","",""
"TM","Detailed trade matrix","398","Kazakhstan","040","Austria","5922","Export value","21641.01","Rapeseed or canola oil, crude","2018","2018","","","",""
"TM","Detailed trade matrix","398","Kazakhstan","040","Austria","5922","Export value","21641.01","Rapeseed or canola oil, crude","2019","2019","","","",""
"TM","Detailed trade matrix","398","Kazakhstan","040","Austria","5922","Export value","21641.01","Rapeseed or canola oil, crude","2020","2020","","","",""
"TM","Detailed trade matrix","398","Kazakhstan","040","Austria","5922","Export value","21641.01","Rapeseed or canola oil, crude","2021","2021","","","",""
"TM","Detailed trade matrix","398","Kazakhstan","040","Austria","5922","Export value","21641.01","Rapeseed or canola oil, crude","2022","2022","","","",""
"TM","Detailed trade matrix","398","Kazakhstan","040","Austria","5922","Export value","21641.01","Rapeseed or canola oil, crude","2023","2023","","","",""
"TM","Detailed trade matrix","398","Kazakhstan","040","Austria","5922","Export value","21641.01","Rapeseed or canola oil, crude","2024","2024","","","",""
"TM","Detailed trade matrix","398","Kazakhstan","040","Austria","5910","Export quantity","01445","Sunflower seed","2018","2018","","","",""
"TM","Detailed trade matrix","398","Kazakhstan","040","Austria","5910","Export quantity","01445","Sunflower seed","2019","2019","","","",""
"TM","Detailed trade matrix","398","Kazakhstan","040","Austria","5910","Export quantity","01445","Sunflower seed","2020","2020","","","",""
"TM","Detailed trade matrix","398","Kazakhstan","040","Austria","5910","Export quantity","01445","Sunflower seed","2021","2021","","","",""
"TM","Detailed trade matrix","398","Kazakhstan","040","Austria","5910","Export quantity","01445","Sunflower seed","2022","2022","","","",""
"TM","Detailed trade matrix","398","Kazakhstan","040","Austria","5910","Export quantity","01445","Sunflower seed","2023","2023","","","",""
"TM","Detailed trade matrix","398","Kazakhstan","040","Austria","5910","Export quantity","01445","Sunflower seed","2024","2024","","","",""
"TM","Detailed trade matrix","398","Kazakhstan","040","Austria","5922","Export value","01445","Sunflower seed","2018","2018","","","",""
"TM","Detailed trade matrix","398","Kazakhstan","040","Austria","5922","Export value","01445","Sunflower seed","2019","2019","","","",""
"TM","Detailed trade matrix","398","Kazakhstan","040","Austria","5922","Export value","01445","Sunflower seed","2020","2020","","","",""
"TM","Detailed trade matrix","398","Kazakhstan","040","Austria","5922","Export value","01445","Sunflower seed","2021","2021","","","",""
"TM","Detailed trade matrix","398","Kazakhstan","040","Austria","5922","Export value","01445","Sunflower seed","2022","2022","","","",""
"TM","Detailed trade matrix","398","Kazakhstan","040","Austria","5922","Export value","01445","Sunflower seed","2023","2023","","","",""
"TM","Detailed trade matrix","398","Kazakhstan","040","Austria","5922","Export value","01445","Sunflower seed","2024","2024","","","",""
"TM","Detailed trade matrix","398","Kazakhstan","040","Austria","5910","Export quantity","21631.01","Sunflower-seed oil, crude","2018","2018","","","",""
"TM","Detailed trade matrix","398","Kazakhstan","040","Austria","5910","Export quantity","21631.01","Sunflower-seed oil, crude","2019","2019","","","",""
"TM","Detailed trade matrix","398","Kazakhstan","040","Austria","5910","Export quantity","21631.01","Sunflower-seed oil, crude","2020","2020","","","",""
"TM","Detailed trade matrix","398","Kazakhstan","040","Austria","5910","Export quantity","21631.01","Sunflower-seed oil, crude","2021","2021","","","",""
"TM","Detailed trade matrix","398","Kazakhstan","040","Austria","5910","Export quantity","21631.01","Sunflower-seed oil, crude","2022","2022","","","",""
"TM","Detailed trade matrix","398","Kazakhstan","040","Austria","5910","Export quantity","21631.01","Sunflower-seed oil, crude","2023","2023","","","",""
"TM","Detailed trade matrix","398","Kazakhstan","040","Austria","5910","Export quantity","21631.01","Sunflower-seed oil, crude","2024","2024","","","",""
"TM","Detailed trade matrix","398","Kazakhstan","040","Austria","5922","Export value","21631.01","Sunflower-seed oil, crude","2018","2018","","","",""
"TM","Detailed trade matrix","398","Kazakhstan","040","Austria","5922","Export value","21631.01","Sunflower-seed oil, crude","2019","2019","","","",""
"TM","Detailed trade matrix","398","Kazakhstan","040","Austria","5922","Export value","21631.01","Sunflower-seed oil, crude","2020","2020","","","",""
"TM","Detailed trade matrix","398","Kazakhstan","040","Austria","5922","Export value","21631.01","Sunflower-seed oil, crude","2021","2021","","","",""
"TM","Detailed trade matrix","398","Kazakhstan","040","Austria","5922","Export value","21631.01","Sunflower-seed oil, crude","2022","2022","","","",""
"TM","Detailed trade matrix","398","Kazakhstan","040","Austria","5922","Export value","21631.01","Sunflower-seed oil, crude","2023","2023","","","",""
"TM","Detailed trade matrix","398","Kazakhstan","040","Austria","5922","Export value","21631.01","Sunflower-seed oil, crude","2024","2024","","","",""
"TM","Detailed trade matrix","398","Kazakhstan","040","Austria","5910","Export quantity","0111","Wheat","2018","2018","","","",""
"TM","Detailed trade matrix","398","Kazakhstan","040","Austria","5910","Export quantity","0111","Wheat","2019","2019","","","",""
"TM","Detailed trade matrix","398","Kazakhstan","040","Austria","5910","Export quantity","0111","Wheat","2020","2020","","","",""
"TM","Detailed trade matrix","398","Kazakhstan","040","Austria","5910","Export quantity","0111","Wheat","2021","2021","","","",""
"TM","Detailed trade matrix","398","Kazakhstan","040","Austria","5910","Export quantity","0111","Wheat","2022","2022","","","",""
"TM","Detailed trade matrix","398","Kazakhstan","040","Austria","5910","Export quantity","0111","Wheat","2023","2023","","","",""
"TM","Detailed trade matrix","398","Kazakhstan","040","Austria","5910","Export quantity","0111","Wheat","2024","2024","","","",""
"TM","Detailed trade matrix","398","Kazakhstan","040","Austria","5922","Export value","0111","Wheat","2018","2018","","","",""
"TM","Detailed trade matrix","398","Kazakhstan","040","Austria","5922","Export value","0111","Wheat","2019","2019","","","",""
"TM","Detailed trade matrix","398","Kazakhstan","040","Austria","5922","Export value","0111","Wheat","2020","2020","","","",""
"TM","Detailed trade matrix","398","Kazakhstan","040","Austria","5922","Export value","0111","Wheat","2021","2021","","","",""
"TM","Detailed trade matrix","398","Kazakhstan","040","Austria","5922","Export value","0111","Wheat","2022","2022","","","",""
"TM","Detailed trade matrix","398","Kazakhstan","040","Austria","5922","Export value","0111","Wheat","2023","2023","","","",""
"TM","Detailed trade matrix","398","Kazakhstan","040","Austria","5922","Export value","0111","Wheat","2024","2024","","","",""
"TM","Detailed trade matrix","398","Kazakhstan","056","Belgium","5910","Export quantity","0115","Barley","2018","2018","","","",""
"TM","Detailed trade matrix","398","Kazakhstan","056","Belgium","5910","Export quantity","0115","Barley","2019","2019","","","",""
"TM","Detailed trade matrix","398","Kazakhstan","056","Belgium","5910","Export quantity","0115","Barley","2020","2020","","","",""
"TM","Detailed trade matrix","398","Kazakhstan","056","Belgium","5910","Export quantity","0115","Barley","2021","2021","","","",""
"TM","Detailed trade matrix","398","Kazakhstan","056","Belgium","5910","Export quantity","0115","Barley","2022","2022","","","",""
"TM","Detailed trade matrix","398","Kazakhstan","056","Belgium","5910","Export quantity","0115","Barley","2023","2023","","","",""
"TM","Detailed trade matrix","398","Kazakhstan","056","Belgium","5910","Export quantity","0115","Barley","2024","2024","","","",""
"TM","Detailed trade matrix","398","Kazakhstan","056","Belgium","5922","Export value","0115","Barley","2018","2018","","","",""
"TM","Detailed trade matrix","398","Kazakhstan","056","Belgium","5922","Export value","0115","Barley","2019","2019","","","",""
"TM","Detailed trade matrix","398","Kazakhstan","056","Belgium","5922","Export value","0115","Barley","2020","2020","","","",""
"TM","Detailed trade matrix","398","Kazakhstan","056","Belgium","5922","Export value","0115","Barley","2021","2021","","","",""
"TM","Detailed trade matrix","398","Kazakhstan","056","Belgium","5922","Export value","0115","Barley","2022","2022","","","",""
"TM","Detailed trade matrix","398","Kazakhstan","056","Belgium","5922","Export value","0115","Barley","2023","2023","","","",""
"TM","Detailed trade matrix","398","Kazakhstan","056","Belgium","5922","Export value","0115","Barley","2024","2024","","","",""
"TM","Detailed trade matrix","398","Kazakhstan","056","Belgium","5910","Export quantity","01704","Lentils, dry","2018","2018","","","",""
"TM","Detailed trade matrix","398","Kazakhstan","056","Belgium","5910","Export quantity","01704","Lentils, dry","2019","2019","","","",""
"TM","Detailed trade matrix","398","Kazakhstan","056","Belgium","5910","Export quantity","01704","Lentils, dry","2020","2020","","","",""
"TM","Detailed trade matrix","398","Kazakhstan","056","Belgium","5910","Export quantity","01704","Lentils, dry","2021","2021","","","",""
"TM","Detailed trade matrix","398","Kazakhstan","056","Belgium","5910","Export quantity","01704","Lentils, dry","2022","2022","","","",""
"TM","Detailed trade matrix","398","Kazakhstan","056","Belgium","5910","Export quantity","01704","Lentils, dry","2023","2023","","","",""
"TM","Detailed trade matrix","398","Kazakhstan","056","Belgium","5910","Export quantity","01704","Lentils, dry","2024","2024","","","",""
"TM","Detailed trade matrix","398","Kazakhstan","056","Belgium","5922","Export value","01704","Lentils, dry","2018","2018","","","",""
"TM","Detailed trade matrix","398","Kazakhstan","056","Belgium","5922","Export value","01704","Lentils, dry","2019","2019","","","",""
"TM","Detailed trade matrix","398","Kazakhstan","056","Belgium","5922","Export value","01704","Lentils, dry","2020","2020","","","",""
"TM","Detailed trade matrix","398","Kazakhstan","056","Belgium","5922","Export value","01704","Lentils, dry","2021","2021","","","",""
"TM","Detailed trade matrix","398","Kazakhstan","056","Belgium","5922","Export value","01704","Lentils, dry","2022","2022","","","",""
"TM","Detailed trade matrix","398","Kazakhstan","056","Belgium","5922","Export value","01704","Lentils, dry","2023","2023","","","",""
"TM","Detailed trade matrix","398","Kazakhstan","056","Belgium","5922","Export value","01704","Lentils, dry","2024","2024","","","",""
"TM","Detailed trade matrix","398","Kazakhstan","056","Belgium","5910","Export quantity","01441","Linseed","2018","2018","t","189941.77","A","Official value"
"TM","Detailed trade matrix","398","Kazakhstan","056","Belgium","5910","Export quantity","01441","Linseed","2019","2019","t","260373.11","A","Official value"
"TM","Detailed trade matrix","398","Kazakhstan","056","Belgium","5910","Export quantity","01441","Linseed","2020","2020","t","125114.76","A","Official value"
"TM","Detailed trade matrix","398","Kazakhstan","056","Belgium","5910","Export quantity","01441","Linseed","2021","2021","t","107529.4","A","Official value"
"TM","Detailed trade matrix","398","Kazakhstan","056","Belgium","5910","Export quantity","01441","Linseed","2022","2022","t","169774.53","A","Official value"
"TM","Detailed trade matrix","398","Kazakhstan","056","Belgium","5910","Export quantity","01441","Linseed","2023","2023","t","71003.8","A","Official value"
"TM","Detailed trade matrix","398","Kazakhstan","056","Belgium","5910","Export quantity","01441","Linseed","2024","2024","t","123140","A","Official value"
"TM","Detailed trade matrix","398","Kazakhstan","056","Belgium","5922","Export value","01441","Linseed","2018","2018","1000 USD","61993","A","Official value"
"TM","Detailed trade matrix","398","Kazakhstan","056","Belgium","5922","Export value","01441","Linseed","2019","2019","1000 USD","91270","A","Official value"
"TM","Detailed trade matrix","398","Kazakhstan","056","Belgium","5922","Export value","01441","Linseed","2020","2020","1000 USD","58373","A","Official value"
"TM","Detailed trade matrix","398","Kazakhstan","056","Belgium","5922","Export value","01441","Linseed","2021","2021","1000 USD","74533","A","Official value"
"TM","Detailed trade matrix","398","Kazakhstan","056","Belgium","5922","Export value","01441","Linseed","2022","2022","1000 USD","128017","A","Official value"
"TM","Detailed trade matrix","398","Kazakhstan","056","Belgium","5922","Export value","01441","Linseed","2023","2023","1000 USD","40888","A","Official value"
"TM","Detailed trade matrix","398","Kazakhstan","056","Belgium","5922","Export value","01441","Linseed","2024","2024","1000 USD","71113","A","Official value"
"TM","Detailed trade matrix","398","Kazakhstan","056","Belgium","5910","Export quantity","0112","Maize (corn)","2018","2018","","","",""
"TM","Detailed trade matrix","398","Kazakhstan","056","Belgium","5910","Export quantity","0112","Maize (corn)","2019","2019","","","",""
"TM","Detailed trade matrix","398","Kazakhstan","056","Belgium","5910","Export quantity","0112","Maize (corn)","2020","2020","","","",""
"TM","Detailed trade matrix","398","Kazakhstan","056","Belgium","5910","Export quantity","0112","Maize (corn)","2021","2021","","","",""
"TM","Detailed trade matrix","398","Kazakhstan","056","Belgium","5910","Export quantity","0112","Maize (corn)","2022","2022","","","",""
"TM","Detailed trade matrix","398","Kazakhstan","056","Belgium","5910","Export quantity","0112","Maize (corn)","2023","2023","","","",""
"TM","Detailed trade matrix","398","Kazakhstan","056","Belgium","5910","Export quantity","0112","Maize (corn)","2024","2024","","","",""
"TM","Detailed trade matrix","398","Kazakhstan","056","Belgium","5922","Export value","0112","Maize (corn)","2018","2018","","","",""
"TM","Detailed trade matrix","398","Kazakhstan","056","Belgium","5922","Export value","0112","Maize (corn)","2019","2019","","","",""
"TM","Detailed trade matrix","398","Kazakhstan","056","Belgium","5922","Export value","0112","Maize (corn)","2020","2020","","","",""
"TM","Detailed trade matrix","398","Kazakhstan","056","Belgium","5922","Export value","0112","Maize (corn)","2021","2021","","","",""
"TM","Detailed trade matrix","398","Kazakhstan","056","Belgium","5922","Export value","0112","Maize (corn)","2022","2022","","","",""
"TM","Detailed trade matrix","398","Kazakhstan","056","Belgium","5922","Export value","0112","Maize (corn)","2023","2023","","","",""
"TM","Detailed trade matrix","398","Kazakhstan","056","Belgium","5922","Export value","0112","Maize (corn)","2024","2024","","","",""
"TM","Detailed trade matrix","398","Kazakhstan","056","Belgium","5910","Export quantity","01705","Peas, dry","2018","2018","","","",""
"TM","Detailed trade matrix","398","Kazakhstan","056","Belgium","5910","Export quantity","01705","Peas, dry","2019","2019","","","",""
"TM","Detailed trade matrix","398","Kazakhstan","056","Belgium","5910","Export quantity","01705","Peas, dry","2020","2020","","","",""
"TM","Detailed trade matrix","398","Kazakhstan","056","Belgium","5910","Export quantity","01705","Peas, dry","2021","2021","","","",""
"TM","Detailed trade matrix","398","Kazakhstan","056","Belgium","5910","Export quantity","01705","Peas, dry","2022","2022","","","",""
"TM","Detailed trade matrix","398","Kazakhstan","056","Belgium","5910","Export quantity","01705","Peas, dry","2023","2023","","","",""
"TM","Detailed trade matrix","398","Kazakhstan","056","Belgium","5910","Export quantity","01705","Peas, dry","2024","2024","","","",""
"TM","Detailed trade matrix","398","Kazakhstan","056","Belgium","5922","Export value","01705","Peas, dry","2018","2018","","","",""
"TM","Detailed trade matrix","398","Kazakhstan","056","Belgium","5922","Export value","01705","Peas, dry","2019","2019","","","",""
"TM","Detailed trade matrix","398","Kazakhstan","056","Belgium","5922","Export value","01705","Peas, dry","2020","2020","","","",""
"TM","Detailed trade matrix","398","Kazakhstan","056","Belgium","5922","Export value","01705","Peas, dry","2021","2021","","","",""
"TM","Detailed trade matrix","398","Kazakhstan","056","Belgium","5922","Export value","01705","Peas, dry","2022","2022","","","",""
"TM","Detailed trade matrix","398","Kazakhstan","056","Belgium","5922","Export value","01705","Peas, dry","2023","2023","","","",""
"TM","Detailed trade matrix","398","Kazakhstan","056","Belgium","5922","Export value","01705","Peas, dry","2024","2024","","","",""
"TM","Detailed trade matrix","398","Kazakhstan","056","Belgium","5910","Export quantity","21641.01","Rapeseed or canola oil, crude","2018","2018","","","",""
"TM","Detailed trade matrix","398","Kazakhstan","056","Belgium","5910","Export quantity","21641.01","Rapeseed or canola oil, crude","2019","2019","","","",""
"TM","Detailed trade matrix","398","Kazakhstan","056","Belgium","5910","Export quantity","21641.01","Rapeseed or canola oil, crude","2020","2020","","","",""
"TM","Detailed trade matrix","398","Kazakhstan","056","Belgium","5910","Export quantity","21641.01","Rapeseed or canola oil, crude","2021","2021","","","",""
"TM","Detailed trade matrix","398","Kazakhstan","056","Belgium","5910","Export quantity","21641.01","Rapeseed or canola oil, crude","2022","2022","","","",""
"TM","Detailed trade matrix","398","Kazakhstan","056","Belgium","5910","Export quantity","21641.01","Rapeseed or canola oil, crude","2023","2023","","","",""
"TM","Detailed trade matrix","398","Kazakhstan","056","Belgium","5910","Export quantity","21641.01","Rapeseed or canola oil, crude","2024","2024","","","",""
"TM","Detailed trade matrix","398","Kazakhstan","056","Belgium","5922","Export value","21641.01","Rapeseed or canola oil, crude","2018","2018","","","",""
"TM","Detailed trade matrix","398","Kazakhstan","056","Belgium","5922","Export value","21641.01","Rapeseed or canola oil, crude","2019","2019","","","",""
"TM","Detailed trade matrix","398","Kazakhstan","056","Belgium","5922","Export value","21641.01","Rapeseed or canola oil, crude","2020","2020","","","",""
"TM","Detailed trade matrix","398","Kazakhstan","056","Belgium","5922","Export value","21641.01","Rapeseed or canola oil, crude","2021","2021","","","",""
"TM","Detailed trade matrix","398","Kazakhstan","056","Belgium","5922","Export value","21641.01","Rapeseed or canola oil, crude","2022","2022","","","",""
"TM","Detailed trade matrix","398","Kazakhstan","056","Belgium","5922","Export value","21641.01","Rapeseed or canola oil, crude","2023","2023","","","",""
"TM","Detailed trade matrix","398","Kazakhstan","056","Belgium","5922","Export value","21641.01","Rapeseed or canola oil, crude","2024","2024","","","",""
"TM","Detailed trade matrix","398","Kazakhstan","056","Belgium","5910","Export quantity","01445","Sunflower seed","2018","2018","","","",""
"TM","Detailed trade matrix","398","Kazakhstan","056","Belgium","5910","Export quantity","01445","Sunflower seed","2019","2019","","","",""
"TM","Detailed trade matrix","398","Kazakhstan","056","Belgium","5910","Export quantity","01445","Sunflower seed","2020","2020","","","",""
"TM","Detailed trade matrix","398","Kazakhstan","056","Belgium","5910","Export quantity","01445","Sunflower seed","2021","2021","","","",""
"TM","Detailed trade matrix","398","Kazakhstan","056","Belgium","5910","Export quantity","01445","Sunflower seed","2022","2022","","","",""
"TM","Detailed trade matrix","398","Kazakhstan","056","Belgium","5910","Export quantity","01445","Sunflower seed","2023","2023","","","",""
"TM","Detailed trade matrix","398","Kazakhstan","056","Belgium","5910","Export quantity","01445","Sunflower seed","2024","2024","","","",""
"TM","Detailed trade matrix","398","Kazakhstan","056","Belgium","5922","Export value","01445","Sunflower seed","2018","2018","","","",""
"TM","Detailed trade matrix","398","Kazakhstan","056","Belgium","5922","Export value","01445","Sunflower seed","2019","2019","","","",""
"TM","Detailed trade matrix","398","Kazakhstan","056","Belgium","5922","Export value","01445","Sunflower seed","2020","2020","","","",""
"TM","Detailed trade matrix","398","Kazakhstan","056","Belgium","5922","Export value","01445","Sunflower seed","2021","2021","","","",""
"TM","Detailed trade matrix","398","Kazakhstan","056","Belgium","5922","Export value","01445","Sunflower seed","2022","2022","","","",""
"TM","Detailed trade matrix","398","Kazakhstan","056","Belgium","5922","Export value","01445","Sunflower seed","2023","2023","","","",""
"TM","Detailed trade matrix","398","Kazakhstan","056","Belgium","5922","Export value","01445","Sunflower seed","2024","2024","","","",""
"TM","Detailed trade matrix","398","Kazakhstan","056","Belgium","5910","Export quantity","21631.01","Sunflower-seed oil, crude","2018","2018","t","40.99","A","Official value"
"TM","Detailed trade matrix","398","Kazakhstan","056","Belgium","5910","Export quantity","21631.01","Sunflower-seed oil, crude","2019","2019","t","80.97","A","Official value"
"TM","Detailed trade matrix","398","Kazakhstan","056","Belgium","5910","Export quantity","21631.01","Sunflower-seed oil, crude","2020","2020","","","",""
"TM","Detailed trade matrix","398","Kazakhstan","056","Belgium","5910","Export quantity","21631.01","Sunflower-seed oil, crude","2021","2021","","","",""
"TM","Detailed trade matrix","398","Kazakhstan","056","Belgium","5910","Export quantity","21631.01","Sunflower-seed oil, crude","2022","2022","t","21","A","Official value"
"TM","Detailed trade matrix","398","Kazakhstan","056","Belgium","5910","Export quantity","21631.01","Sunflower-seed oil, crude","2023","2023","","","",""
"TM","Detailed trade matrix","398","Kazakhstan","056","Belgium","5910","Export quantity","21631.01","Sunflower-seed oil, crude","2024","2024","","","",""
"TM","Detailed trade matrix","398","Kazakhstan","056","Belgium","5922","Export value","21631.01","Sunflower-seed oil, crude","2018","2018","1000 USD","49","A","Official value"
"TM","Detailed trade matrix","398","Kazakhstan","056","Belgium","5922","Export value","21631.01","Sunflower-seed oil, crude","2019","2019","1000 USD","115","A","Official value"
"TM","Detailed trade matrix","398","Kazakhstan","056","Belgium","5922","Export value","21631.01","Sunflower-seed oil, crude","2020","2020","","","",""
"TM","Detailed trade matrix","398","Kazakhstan","056","Belgium","5922","Export value","21631.01","Sunflower-seed oil, crude","2021","2021","","","",""
"TM","Detailed trade matrix","398","Kazakhstan","056","Belgium","5922","Export value","21631.01","Sunflower-seed oil, crude","2022","2022","1000 USD","37","A","Official value"
"TM","Detailed trade matrix","398","Kazakhstan","056","Belgium","5922","Export value","21631.01","Sunflower-seed oil, crude","2023","2023","","","",""
"TM","Detailed trade matrix","398","Kazakhstan","056","Belgium","5922","Export value","21631.01","Sunflower-seed oil, crude","2024","2024","","","",""
"TM","Detailed trade matrix","398","Kazakhstan","056","Belgium","5910","Export quantity","0111","Wheat","2018","2018","","","",""
"TM","Detailed trade matrix","398","Kazakhstan","056","Belgium","5910","Export quantity","0111","Wheat","2019","2019","t","6800","A","Official value"
"TM","Detailed trade matrix","398","Kazakhstan","056","Belgium","5910","Export quantity","0111","Wheat","2020","2020","","","",""
"TM","Detailed trade matrix","398","Kazakhstan","056","Belgium","5910","Export quantity","0111","Wheat","2021","2021","t","21","A","Official value"
"TM","Detailed trade matrix","398","Kazakhstan","056","Belgium","5910","Export quantity","0111","Wheat","2022","2022","t","420","A","Official value"
"TM","Detailed trade matrix","398","Kazakhstan","056","Belgium","5910","Export quantity","0111","Wheat","2023","2023","t","9587.25","A","Official value"
"TM","Detailed trade matrix","398","Kazakhstan","056","Belgium","5910","Export quantity","0111","Wheat","2024","2024","","","",""
"TM","Detailed trade matrix","398","Kazakhstan","056","Belgium","5922","Export value","0111","Wheat","2018","2018","","","",""
"TM","Detailed trade matrix","398","Kazakhstan","056","Belgium","5922","Export value","0111","Wheat","2019","2019","1000 USD","2549","A","Official value"
"TM","Detailed trade matrix","398","Kazakhstan","056","Belgium","5922","Export value","0111","Wheat","2020","2020","","","",""
"TM","Detailed trade matrix","398","Kazakhstan","056","Belgium","5922","Export value","0111","Wheat","2021","2021","1000 USD","19","A","Official value"
"TM","Detailed trade matrix","398","Kazakhstan","056","Belgium","5922","Export value","0111","Wheat","2022","2022","1000 USD","445","A","Official value"
"TM","Detailed trade matrix","398","Kazakhstan","056","Belgium","5922","Export value","0111","Wheat","2023","2023","1000 USD","3775","A","Official value"
"TM","Detailed trade matrix","398","Kazakhstan","056","Belgium","5922","Export value","0111","Wheat","2024","2024","","","",""
"TM","Detailed trade matrix","398","Kazakhstan","058","Belgium-Luxembourg","5910","Export quantity","0115","Barley","2018","2018","","","",""
"TM","Detailed trade matrix","398","Kazakhstan","058","Belgium-Luxembourg","5910","Export quantity","0115","Barley","2019","2019","","","",""
"TM","Detailed trade matrix","398","Kazakhstan","058","Belgium-Luxembourg","5910","Export quantity","0115","Barley","2020","2020","","","",""
"TM","Detailed trade matrix","398","Kazakhstan","058","Belgium-Luxembourg","5910","Export quantity","0115","Barley","2021","2021","","","",""
"TM","Detailed trade matrix","398","Kazakhstan","058","Belgium-Luxembourg","5910","Export quantity","0115","Barley","2022","2022","","","",""
"TM","Detailed trade matrix","398","Kazakhstan","058","Belgium-Luxembourg","5910","Export quantity","0115","Barley","2023","2023","","","",""
"TM","Detailed trade matrix","398","Kazakhstan","058","Belgium-Luxembourg","5910","Export quantity","0115","Barley","2024","2024","","","",""
"TM","Detailed trade matrix","398","Kazakhstan","058","Belgium-Luxembourg","5922","Export value","0115","Barley","2018","2018","","","",""
"TM","Detailed trade matrix","398","Kazakhstan","058","Belgium-Luxembourg","5922","Export value","0115","Barley","2019","2019","","","",""
"TM","Detailed trade matrix","398","Kazakhstan","058","Belgium-Luxembourg","5922","Export value","0115","Barley","2020","2020","","","",""
"TM","Detailed trade matrix","398","Kazakhstan","058","Belgium-Luxembourg","5922","Export value","0115","Barley","2021","2021","","","",""
"TM","Detailed trade matrix","398","Kazakhstan","058","Belgium-Luxembourg","5922","Export value","0115","Barley","2022","2022","","","",""
"TM","Detailed trade matrix","398","Kazakhstan","058","Belgium-Luxembourg","5922","Export value","0115","Barley","2023","2023","","","",""
"TM","Detailed trade matrix","398","Kazakhstan","058","Belgium-Luxembourg","5922","Export value","0115","Barley","2024","2024","","","",""
"TM","Detailed trade matrix","398","Kazakhstan","058","Belgium-Luxembourg","5910","Export quantity","01704","Lentils, dry","2018","2018","","","",""
"TM","Detailed trade matrix","398","Kazakhstan","058","Belgium-Luxembourg","5910","Export quantity","01704","Lentils, dry","2019","2019","","","",""
"TM","Detailed trade matrix","398","Kazakhstan","058","Belgium-Luxembourg","5910","Export quantity","01704","Lentils, dry","2020","2020","","","",""
"TM","Detailed trade matrix","398","Kazakhstan","058","Belgium-Luxembourg","5910","Export quantity","01704","Lentils, dry","2021","2021","","","",""
"TM","Detailed trade matrix","398","Kazakhstan","058","Belgium-Luxembourg","5910","Export quantity","01704","Lentils, dry","2022","2022","","","",""
"TM","Detailed trade matrix","398","Kazakhstan","058","Belgium-Luxembourg","5910","Export quantity","01704","Lentils, dry","2023","2023","","","",""
"TM","Detailed trade matrix","398","Kazakhstan","058","Belgium-Luxembourg","5910","Export quantity","01704","Lentils, dry","2024","2024","","","",""
"TM","Detailed trade matrix","398","Kazakhstan","058","Belgium-Luxembourg","5922","Export value","01704","Lentils, dry","2018","2018","","","",""
"TM","Detailed trade matrix","398","Kazakhstan","058","Belgium-Luxembourg","5922","Export value","01704","Lentils, dry","2019","2019","","","",""
"TM","Detailed trade matrix","398","Kazakhstan","058","Belgium-Luxembourg","5922","Export value","01704","Lentils, dry","2020","2020","","","",""
"TM","Detailed trade matrix","398","Kazakhstan","058","Belgium-Luxembourg","5922","Export value","01704","Lentils, dry","2021","2021","","","",""
"TM","Detailed trade matrix","398","Kazakhstan","058","Belgium-Luxembourg","5922","Export value","01704","Lentils, dry","2022","2022","","","",""
"TM","Detailed trade matrix","398","Kazakhstan","058","Belgium-Luxembourg","5922","Export value","01704","Lentils, dry","2023","2023","","","",""
"TM","Detailed trade matrix","398","Kazakhstan","058","Belgium-Luxembourg","5922","Export value","01704","Lentils, dry","2024","2024","","","",""
"TM","Detailed trade matrix","398","Kazakhstan","058","Belgium-Luxembourg","5910","Export quantity","01441","Linseed","2018","2018","","","",""
"TM","Detailed trade matrix","398","Kazakhstan","058","Belgium-Luxembourg","5910","Export quantity","01441","Linseed","2019","2019","","","",""
"TM","Detailed trade matrix","398","Kazakhstan","058","Belgium-Luxembourg","5910","Export quantity","01441","Linseed","2020","2020","","","",""
"TM","Detailed trade matrix","398","Kazakhstan","058","Belgium-Luxembourg","5910","Export quantity","01441","Linseed","2021","2021","","","",""
"TM","Detailed trade matrix","398","Kazakhstan","058","Belgium-Luxembourg","5910","Export quantity","01441","Linseed","2022","2022","","","",""
"TM","Detailed trade matrix","398","Kazakhstan","058","Belgium-Luxembourg","5910","Export quantity","01441","Linseed","2023","2023","","","",""
"TM","Detailed trade matrix","398","Kazakhstan","058","Belgium-Luxembourg","5910","Export quantity","01441","Linseed","2024","2024","","","",""
"TM","Detailed trade matrix","398","Kazakhstan","058","Belgium-Luxembourg","5922","Export value","01441","Linseed","2018","2018","","","",""
"TM","Detailed trade matrix","398","Kazakhstan","058","Belgium-Luxembourg","5922","Export value","01441","Linseed","2019","2019","","","",""
"TM","Detailed trade matrix","398","Kazakhstan","058","Belgium-Luxembourg","5922","Export value","01441","Linseed","2020","2020","","","",""
"TM","Detailed trade matrix","398","Kazakhstan","058","Belgium-Luxembourg","5922","Export value","01441","Linseed","2021","2021","","","",""
"TM","Detailed trade matrix","398","Kazakhstan","058","Belgium-Luxembourg","5922","Export value","01441","Linseed","2022","2022","","","",""
"TM","Detailed trade matrix","398","Kazakhstan","058","Belgium-Luxembourg","5922","Export value","01441","Linseed","2023","2023","","","",""
"TM","Detailed trade matrix","398","Kazakhstan","058","Belgium-Luxembourg","5922","Export value","01441","Linseed","2024","2024","","","",""
"TM","Detailed trade matrix","398","Kazakhstan","058","Belgium-Luxembourg","5910","Export quantity","0112","Maize (corn)","2018","2018","","","",""
"TM","Detailed trade matrix","398","Kazakhstan","058","Belgium-Luxembourg","5910","Export quantity","0112","Maize (corn)","2019","2019","","","",""
"TM","Detailed trade matrix","398","Kazakhstan","058","Belgium-Luxembourg","5910","Export quantity","0112","Maize (corn)","2020","2020","","","",""
"TM","Detailed trade matrix","398","Kazakhstan","058","Belgium-Luxembourg","5910","Export quantity","0112","Maize (corn)","2021","2021","","","",""
"TM","Detailed trade matrix","398","Kazakhstan","058","Belgium-Luxembourg","5910","Export quantity","0112","Maize (corn)","2022","2022","","","",""
"TM","Detailed trade matrix","398","Kazakhstan","058","Belgium-Luxembourg","5910","Export quantity","0112","Maize (corn)","2023","2023","","","",""
"TM","Detailed trade matrix","398","Kazakhstan","058","Belgium-Luxembourg","5910","Export quantity","0112","Maize (corn)","2024","2024","","","",""
"TM","Detailed trade matrix","398","Kazakhstan","058","Belgium-Luxembourg","5922","Export value","0112","Maize (corn)","2018","2018","","","",""
"TM","Detailed trade matrix","398","Kazakhstan","058","Belgium-Luxembourg","5922","Export value","0112","Maize (corn)","2019","2019","","","",""
"TM","Detailed trade matrix","398","Kazakhstan","058","Belgium-Luxembourg","5922","Export value","0112","Maize (corn)","2020","2020","","","",""
"TM","Detailed trade matrix","398","Kazakhstan","058","Belgium-Luxembourg","5922","Export value","0112","Maize (corn)","2021","2021","","","",""
"TM","Detailed trade matrix","398","Kazakhstan","058","Belgium-Luxembourg","5922","Export value","0112","Maize (corn)","2022","2022","","","",""
"TM","Detailed trade matrix","398","Kazakhstan","058","Belgium-Luxembourg","5922","Export value","0112","Maize (corn)","2023","2023","","","",""
"TM","Detailed trade matrix","398","Kazakhstan","058","Belgium-Luxembourg","5922","Export value","0112","Maize (corn)","2024","2024","","","",""
"TM","Detailed trade matrix","398","Kazakhstan","058","Belgium-Luxembourg","5910","Export quantity","01705","Peas, dry","2018","2018","","","",""
"TM","Detailed trade matrix","398","Kazakhstan","058","Belgium-Luxembourg","5910","Export quantity","01705","Peas, dry","2019","2019","","","",""
"TM","Detailed trade matrix","398","Kazakhstan","058","Belgium-Luxembourg","5910","Export quantity","01705","Peas, dry","2020","2020","","","",""
"TM","Detailed trade matrix","398","Kazakhstan","058","Belgium-Luxembourg","5910","Export quantity","01705","Peas, dry","2021","2021","","","",""
"TM","Detailed trade matrix","398","Kazakhstan","058","Belgium-Luxembourg","5910","Export quantity","01705","Peas, dry","2022","2022","","","",""
"TM","Detailed trade matrix","398","Kazakhstan","058","Belgium-Luxembourg","5910","Export quantity","01705","Peas, dry","2023","2023","","","",""
"TM","Detailed trade matrix","398","Kazakhstan","058","Belgium-Luxembourg","5910","Export quantity","01705","Peas, dry","2024","2024","","","",""
"TM","Detailed trade matrix","398","Kazakhstan","058","Belgium-Luxembourg","5922","Export value","01705","Peas, dry","2018","2018","","","",""
"TM","Detailed trade matrix","398","Kazakhstan","058","Belgium-Luxembourg","5922","Export value","01705","Peas, dry","2019","2019","","","",""
"TM","Detailed trade matrix","398","Kazakhstan","058","Belgium-Luxembourg","5922","Export value","01705","Peas, dry","2020","2020","","","",""
"TM","Detailed trade matrix","398","Kazakhstan","058","Belgium-Luxembourg","5922","Export value","01705","Peas, dry","2021","2021","","","",""
"TM","Detailed trade matrix","398","Kazakhstan","058","Belgium-Luxembourg","5922","Export value","01705","Peas, dry","2022","2022","","","",""
"TM","Detailed trade matrix","398","Kazakhstan","058","Belgium-Luxembourg","5922","Export value","01705","Peas, dry","2023","2023","","","",""
"TM","Detailed trade matrix","398","Kazakhstan","058","Belgium-Luxembourg","5922","Export value","01705","Peas, dry","2024","2024","","","",""
"TM","Detailed trade matrix","398","Kazakhstan","058","Belgium-Luxembourg","5910","Export quantity","21641.01","Rapeseed or canola oil, crude","2018","2018","","","",""
"TM","Detailed trade matrix","398","Kazakhstan","058","Belgium-Luxembourg","5910","Export quantity","21641.01","Rapeseed or canola oil, crude","2019","2019","","","",""
"TM","Detailed trade matrix","398","Kazakhstan","058","Belgium-Luxembourg","5910","Export quantity","21641.01","Rapeseed or canola oil, crude","2020","2020","","","",""
"TM","Detailed trade matrix","398","Kazakhstan","058","Belgium-Luxembourg","5910","Export quantity","21641.01","Rapeseed or canola oil, crude","2021","2021","","","",""
"TM","Detailed trade matrix","398","Kazakhstan","058","Belgium-Luxembourg","5910","Export quantity","21641.01","Rapeseed or canola oil, crude","2022","2022","","","",""
"TM","Detailed trade matrix","398","Kazakhstan","058","Belgium-Luxembourg","5910","Export quantity","21641.01","Rapeseed or canola oil, crude","2023","2023","","","",""
"TM","Detailed trade matrix","398","Kazakhstan","058","Belgium-Luxembourg","5910","Export quantity","21641.01","Rapeseed or canola oil, crude","2024","2024","","","",""
"TM","Detailed trade matrix","398","Kazakhstan","058","Belgium-Luxembourg","5922","Export value","21641.01","Rapeseed or canola oil, crude","2018","2018","","","",""
"TM","Detailed trade matrix","398","Kazakhstan","058","Belgium-Luxembourg","5922","Export value","21641.01","Rapeseed or canola oil, crude","2019","2019","","","",""
"TM","Detailed trade matrix","398","Kazakhstan","058","Belgium-Luxembourg","5922","Export value","21641.01","Rapeseed or canola oil, crude","2020","2020","","","",""
"TM","Detailed trade matrix","398","Kazakhstan","058","Belgium-Luxembourg","5922","Export value","21641.01","Rapeseed or canola oil, crude","2021","2021","","","",""
"TM","Detailed trade matrix","398","Kazakhstan","058","Belgium-Luxembourg","5922","Export value","21641.01","Rapeseed or canola oil, crude","2022","2022","","","",""
"TM","Detailed trade matrix","398","Kazakhstan","058","Belgium-Luxembourg","5922","Export value","21641.01","Rapeseed or canola oil, crude","2023","2023","","","",""
"TM","Detailed trade matrix","398","Kazakhstan","058","Belgium-Luxembourg","5922","Export value","21641.01","Rapeseed or canola oil, crude","2024","2024","","","",""
"TM","Detailed trade matrix","398","Kazakhstan","058","Belgium-Luxembourg","5910","Export quantity","01445","Sunflower seed","2018","2018","","","",""
"TM","Detailed trade matrix","398","Kazakhstan","058","Belgium-Luxembourg","5910","Export quantity","01445","Sunflower seed","2019","2019","","","",""
"TM","Detailed trade matrix","398","Kazakhstan","058","Belgium-Luxembourg","5910","Export quantity","01445","Sunflower seed","2020","2020","","","",""
"TM","Detailed trade matrix","398","Kazakhstan","058","Belgium-Luxembourg","5910","Export quantity","01445","Sunflower seed","2021","2021","","","",""
"TM","Detailed trade matrix","398","Kazakhstan","058","Belgium-Luxembourg","5910","Export quantity","01445","Sunflower seed","2022","2022","","","",""
"TM","Detailed trade matrix","398","Kazakhstan","058","Belgium-Luxembourg","5910","Export quantity","01445","Sunflower seed","2023","2023","","","",""
"TM","Detailed trade matrix","398","Kazakhstan","058","Belgium-Luxembourg","5910","Export quantity","01445","Sunflower seed","2024","2024","","","",""
"TM","Detailed trade matrix","398","Kazakhstan","058","Belgium-Luxembourg","5922","Export value","01445","Sunflower seed","2018","2018","","","",""
"TM","Detailed trade matrix","398","Kazakhstan","058","Belgium-Luxembourg","5922","Export value","01445","Sunflower seed","2019","2019","","","",""
"TM","Detailed trade matrix","398","Kazakhstan","058","Belgium-Luxembourg","5922","Export value","01445","Sunflower seed","2020","2020","","","",""
"TM","Detailed trade matrix","398","Kazakhstan","058","Belgium-Luxembourg","5922","Export value","01445","Sunflower seed","2021","2021","","","",""
"TM","Detailed trade matrix","398","Kazakhstan","058","Belgium-Luxembourg","5922","Export value","01445","Sunflower seed","2022","2022","","","",""
"TM","Detailed trade matrix","398","Kazakhstan","058","Belgium-Luxembourg","5922","Export value","01445","Sunflower seed","2023","2023","","","",""
"TM","Detailed trade matrix","398","Kazakhstan","058","Belgium-Luxembourg","5922","Export value","01445","Sunflower seed","2024","2024","","","",""
"TM","Detailed trade matrix","398","Kazakhstan","058","Belgium-Luxembourg","5910","Export quantity","21631.01","Sunflower-seed oil, crude","2018","2018","","","",""
"TM","Detailed trade matrix","398","Kazakhstan","058","Belgium-Luxembourg","5910","Export quantity","21631.01","Sunflower-seed oil, crude","2019","2019","","","",""
"TM","Detailed trade matrix","398","Kazakhstan","058","Belgium-Luxembourg","5910","Export quantity","21631.01","Sunflower-seed oil, crude","2020","2020","","","",""
"TM","Detailed trade matrix","398","Kazakhstan","058","Belgium-Luxembourg","5910","Export quantity","21631.01","Sunflower-seed oil, crude","2021","2021","","","",""
"TM","Detailed trade matrix","398","Kazakhstan","058","Belgium-Luxembourg","5910","Export quantity","21631.01","Sunflower-seed oil, crude","2022","2022","","","",""
"TM","Detailed trade matrix","398","Kazakhstan","058","Belgium-Luxembourg","5910","Export quantity","21631.01","Sunflower-seed oil, crude","2023","2023","","","",""
"TM","Detailed trade matrix","398","Kazakhstan","058","Belgium-Luxembourg","5910","Export quantity","21631.01","Sunflower-seed oil, crude","2024","2024","","","",""
"TM","Detailed trade matrix","398","Kazakhstan","058","Belgium-Luxembourg","5922","Export value","21631.01","Sunflower-seed oil, crude","2018","2018","","","",""
"TM","Detailed trade matrix","398","Kazakhstan","058","Belgium-Luxembourg","5922","Export value","21631.01","Sunflower-seed oil, crude","2019","2019","","","",""
"TM","Detailed trade matrix","398","Kazakhstan","058","Belgium-Luxembourg","5922","Export value","21631.01","Sunflower-seed oil, crude","2020","2020","","","",""
"TM","Detailed trade matrix","398","Kazakhstan","058","Belgium-Luxembourg","5922","Export value","21631.01","Sunflower-seed oil, crude","2021","2021","","","",""
"TM","Detailed trade matrix","398","Kazakhstan","058","Belgium-Luxembourg","5922","Export value","21631.01","Sunflower-seed oil, crude","2022","2022","","","",""
"TM","Detailed trade matrix","398","Kazakhstan","058","Belgium-Luxembourg","5922","Export value","21631.01","Sunflower-seed oil, crude","2023","2023","","","",""
"TM","Detailed trade matrix","398","Kazakhstan","058","Belgium-Luxembourg","5922","Export value","21631.01","Sunflower-seed oil, crude","2024","2024","","","",""
"TM","Detailed trade matrix","398","Kazakhstan","058","Belgium-Luxembourg","5910","Export quantity","0111","Wheat","2018","2018","","","",""
"TM","Detailed trade matrix","398","Kazakhstan","058","Belgium-Luxembourg","5910","Export quantity","0111","Wheat","2019","2019","","","",""
"TM","Detailed trade matrix","398","Kazakhstan","058","Belgium-Luxembourg","5910","Export quantity","0111","Wheat","2020","2020","","","",""
"TM","Detailed trade matrix","398","Kazakhstan","058","Belgium-Luxembourg","5910","Export quantity","0111","Wheat","2021","2021","","","",""
"TM","Detailed trade matrix","398","Kazakhstan","058","Belgium-Luxembourg","5910","Export quantity","0111","Wheat","2022","2022","","","",""
"TM","Detailed trade matrix","398","Kazakhstan","058","Belgium-Luxembourg","5910","Export quantity","0111","Wheat","2023","2023","","","",""
"TM","Detailed trade matrix","398","Kazakhstan","058","Belgium-Luxembourg","5910","Export quantity","0111","Wheat","2024","2024","","","",""
"TM","Detailed trade matrix","398","Kazakhstan","058","Belgium-Luxembourg","5922","Export value","0111","Wheat","2018","2018","","","",""
"TM","Detailed trade matrix","398","Kazakhstan","058","Belgium-Luxembourg","5922","Export value","0111","Wheat","2019","2019","","","",""
"TM","Detailed trade matrix","398","Kazakhstan","058","Belgium-Luxembourg","5922","Export value","0111","Wheat","2020","2020","","","",""
"TM","Detailed trade matrix","398","Kazakhstan","058","Belgium-Luxembourg","5922","Export value","0111","Wheat","2021","2021","","","",""
"TM","Detailed trade matrix","398","Kazakhstan","058","Belgium-Luxembourg","5922","Export value","0111","Wheat","2022","2022","","","",""
"TM","Detailed trade matrix","398","Kazakhstan","058","Belgium-Luxembourg","5922","Export value","0111","Wheat","2023","2023","","","",""
"TM","Detailed trade matrix","398","Kazakhstan","058","Belgium-Luxembourg","5922","Export value","0111","Wheat","2024","2024","","","",""
"TM","Detailed trade matrix","398","Kazakhstan","100","Bulgaria","5910","Export quantity","0115","Barley","2018","2018","","","",""
"TM","Detailed trade matrix","398","Kazakhstan","100","Bulgaria","5910","Export quantity","0115","Barley","2019","2019","","","",""
"TM","Detailed trade matrix","398","Kazakhstan","100","Bulgaria","5910","Export quantity","0115","Barley","2020","2020","","","",""
"TM","Detailed trade matrix","398","Kazakhstan","100","Bulgaria","5910","Export quantity","0115","Barley","2021","2021","","","",""
"TM","Detailed trade matrix","398","Kazakhstan","100","Bulgaria","5910","Export quantity","0115","Barley","2022","2022","","","",""
"TM","Detailed trade matrix","398","Kazakhstan","100","Bulgaria","5910","Export quantity","0115","Barley","2023","2023","","","",""
"TM","Detailed trade matrix","398","Kazakhstan","100","Bulgaria","5910","Export quantity","0115","Barley","2024","2024","","","",""
"TM","Detailed trade matrix","398","Kazakhstan","100","Bulgaria","5922","Export value","0115","Barley","2018","2018","","","",""
"TM","Detailed trade matrix","398","Kazakhstan","100","Bulgaria","5922","Export value","0115","Barley","2019","2019","","","",""
"TM","Detailed trade matrix","398","Kazakhstan","100","Bulgaria","5922","Export value","0115","Barley","2020","2020","","","",""
"TM","Detailed trade matrix","398","Kazakhstan","100","Bulgaria","5922","Export value","0115","Barley","2021","2021","","","",""
"TM","Detailed trade matrix","398","Kazakhstan","100","Bulgaria","5922","Export value","0115","Barley","2022","2022","","","",""
"TM","Detailed trade matrix","398","Kazakhstan","100","Bulgaria","5922","Export value","0115","Barley","2023","2023","","","",""
"TM","Detailed trade matrix","398","Kazakhstan","100","Bulgaria","5922","Export value","0115","Barley","2024","2024","","","",""
"TM","Detailed trade matrix","398","Kazakhstan","100","Bulgaria","5910","Export quantity","01704","Lentils, dry","2018","2018","","","",""
"TM","Detailed trade matrix","398","Kazakhstan","100","Bulgaria","5910","Export quantity","01704","Lentils, dry","2019","2019","","","",""
"TM","Detailed trade matrix","398","Kazakhstan","100","Bulgaria","5910","Export quantity","01704","Lentils, dry","2020","2020","","","",""
"TM","Detailed trade matrix","398","Kazakhstan","100","Bulgaria","5910","Export quantity","01704","Lentils, dry","2021","2021","t","314.1","A","Official value"
"TM","Detailed trade matrix","398","Kazakhstan","100","Bulgaria","5910","Export quantity","01704","Lentils, dry","2022","2022","t","267.23","A","Official value"
"TM","Detailed trade matrix","398","Kazakhstan","100","Bulgaria","5910","Export quantity","01704","Lentils, dry","2023","2023","t","707.5","A","Official value"
"TM","Detailed trade matrix","398","Kazakhstan","100","Bulgaria","5910","Export quantity","01704","Lentils, dry","2024","2024","t","571.6","A","Official value"
"TM","Detailed trade matrix","398","Kazakhstan","100","Bulgaria","5922","Export value","01704","Lentils, dry","2018","2018","","","",""
"TM","Detailed trade matrix","398","Kazakhstan","100","Bulgaria","5922","Export value","01704","Lentils, dry","2019","2019","","","",""
"TM","Detailed trade matrix","398","Kazakhstan","100","Bulgaria","5922","Export value","01704","Lentils, dry","2020","2020","","","",""
"TM","Detailed trade matrix","398","Kazakhstan","100","Bulgaria","5922","Export value","01704","Lentils, dry","2021","2021","1000 USD","286","A","Official value"
"TM","Detailed trade matrix","398","Kazakhstan","100","Bulgaria","5922","Export value","01704","Lentils, dry","2022","2022","1000 USD","151","A","Official value"
"TM","Detailed trade matrix","398","Kazakhstan","100","Bulgaria","5922","Export value","01704","Lentils, dry","2023","2023","1000 USD","422","A","Official value"
"TM","Detailed trade matrix","398","Kazakhstan","100","Bulgaria","5922","Export value","01704","Lentils, dry","2024","2024","1000 USD","386","A","Official value"
"TM","Detailed trade matrix","398","Kazakhstan","100","Bulgaria","5910","Export quantity","01441","Linseed","2018","2018","","","",""
"TM","Detailed trade matrix","398","Kazakhstan","100","Bulgaria","5910","Export quantity","01441","Linseed","2019","2019","","","",""
"TM","Detailed trade matrix","398","Kazakhstan","100","Bulgaria","5910","Export quantity","01441","Linseed","2020","2020","t","64.5","A","Official value"
"TM","Detailed trade matrix","398","Kazakhstan","100","Bulgaria","5910","Export quantity","01441","Linseed","2021","2021","","","",""
"TM","Detailed trade matrix","398","Kazakhstan","100","Bulgaria","5910","Export quantity","01441","Linseed","2022","2022","t","126","A","Official value"
"TM","Detailed trade matrix","398","Kazakhstan","100","Bulgaria","5910","Export quantity","01441","Linseed","2023","2023","","","",""
"TM","Detailed trade matrix","398","Kazakhstan","100","Bulgaria","5910","Export quantity","01441","Linseed","2024","2024","","","",""
"TM","Detailed trade matrix","398","Kazakhstan","100","Bulgaria","5922","Export value","01441","Linseed","2018","2018","","","",""
"TM","Detailed trade matrix","398","Kazakhstan","100","Bulgaria","5922","Export value","01441","Linseed","2019","2019","","","",""
"TM","Detailed trade matrix","398","Kazakhstan","100","Bulgaria","5922","Export value","01441","Linseed","2020","2020","1000 USD","27","A","Official value"
"TM","Detailed trade matrix","398","Kazakhstan","100","Bulgaria","5922","Export value","01441","Linseed","2021","2021","","","",""
"TM","Detailed trade matrix","398","Kazakhstan","100","Bulgaria","5922","Export value","01441","Linseed","2022","2022","1000 USD","96","A","Official value"
"TM","Detailed trade matrix","398","Kazakhstan","100","Bulgaria","5922","Export value","01441","Linseed","2023","2023","","","",""
"TM","Detailed trade matrix","398","Kazakhstan","100","Bulgaria","5922","Export value","01441","Linseed","2024","2024","","","",""
"TM","Detailed trade matrix","398","Kazakhstan","100","Bulgaria","5910","Export quantity","0112","Maize (corn)","2018","2018","","","",""
"TM","Detailed trade matrix","398","Kazakhstan","100","Bulgaria","5910","Export quantity","0112","Maize (corn)","2019","2019","","","",""
"TM","Detailed trade matrix","398","Kazakhstan","100","Bulgaria","5910","Export quantity","0112","Maize (corn)","2020","2020","","","",""
"TM","Detailed trade matrix","398","Kazakhstan","100","Bulgaria","5910","Export quantity","0112","Maize (corn)","2021","2021","","","",""
"TM","Detailed trade matrix","398","Kazakhstan","100","Bulgaria","5910","Export quantity","0112","Maize (corn)","2022","2022","","","",""
"TM","Detailed trade matrix","398","Kazakhstan","100","Bulgaria","5910","Export quantity","0112","Maize (corn)","2023","2023","","","",""
"TM","Detailed trade matrix","398","Kazakhstan","100","Bulgaria","5910","Export quantity","0112","Maize (corn)","2024","2024","","","",""
"TM","Detailed trade matrix","398","Kazakhstan","100","Bulgaria","5922","Export value","0112","Maize (corn)","2018","2018","","","",""
"TM","Detailed trade matrix","398","Kazakhstan","100","Bulgaria","5922","Export value","0112","Maize (corn)","2019","2019","","","",""
"TM","Detailed trade matrix","398","Kazakhstan","100","Bulgaria","5922","Export value","0112","Maize (corn)","2020","2020","","","",""
"TM","Detailed trade matrix","398","Kazakhstan","100","Bulgaria","5922","Export value","0112","Maize (corn)","2021","2021","","","",""
"TM","Detailed trade matrix","398","Kazakhstan","100","Bulgaria","5922","Export value","0112","Maize (corn)","2022","2022","","","",""
"TM","Detailed trade matrix","398","Kazakhstan","100","Bulgaria","5922","Export value","0112","Maize (corn)","2023","2023","","","",""
"TM","Detailed trade matrix","398","Kazakhstan","100","Bulgaria","5922","Export value","0112","Maize (corn)","2024","2024","","","",""
"TM","Detailed trade matrix","398","Kazakhstan","100","Bulgaria","5910","Export quantity","01705","Peas, dry","2018","2018","","","",""
"TM","Detailed trade matrix","398","Kazakhstan","100","Bulgaria","5910","Export quantity","01705","Peas, dry","2019","2019","","","",""
"TM","Detailed trade matrix","398","Kazakhstan","100","Bulgaria","5910","Export quantity","01705","Peas, dry","2020","2020","","","",""
"TM","Detailed trade matrix","398","Kazakhstan","100","Bulgaria","5910","Export quantity","01705","Peas, dry","2021","2021","","","",""
"TM","Detailed trade matrix","398","Kazakhstan","100","Bulgaria","5910","Export quantity","01705","Peas, dry","2022","2022","","","",""
"TM","Detailed trade matrix","398","Kazakhstan","100","Bulgaria","5910","Export quantity","01705","Peas, dry","2023","2023","","","",""
"TM","Detailed trade matrix","398","Kazakhstan","100","Bulgaria","5910","Export quantity","01705","Peas, dry","2024","2024","","","",""
"TM","Detailed trade matrix","398","Kazakhstan","100","Bulgaria","5922","Export value","01705","Peas, dry","2018","2018","","","",""
"TM","Detailed trade matrix","398","Kazakhstan","100","Bulgaria","5922","Export value","01705","Peas, dry","2019","2019","","","",""
"TM","Detailed trade matrix","398","Kazakhstan","100","Bulgaria","5922","Export value","01705","Peas, dry","2020","2020","","","",""
"TM","Detailed trade matrix","398","Kazakhstan","100","Bulgaria","5922","Export value","01705","Peas, dry","2021","2021","","","",""
"TM","Detailed trade matrix","398","Kazakhstan","100","Bulgaria","5922","Export value","01705","Peas, dry","2022","2022","","","",""
"TM","Detailed trade matrix","398","Kazakhstan","100","Bulgaria","5922","Export value","01705","Peas, dry","2023","2023","","","",""
"TM","Detailed trade matrix","398","Kazakhstan","100","Bulgaria","5922","Export value","01705","Peas, dry","2024","2024","","","",""
"TM","Detailed trade matrix","398","Kazakhstan","100","Bulgaria","5910","Export quantity","21641.01","Rapeseed or canola oil, crude","2018","2018","","","",""
"TM","Detailed trade matrix","398","Kazakhstan","100","Bulgaria","5910","Export quantity","21641.01","Rapeseed or canola oil, crude","2019","2019","","","",""
"TM","Detailed trade matrix","398","Kazakhstan","100","Bulgaria","5910","Export quantity","21641.01","Rapeseed or canola oil, crude","2020","2020","","","",""
"TM","Detailed trade matrix","398","Kazakhstan","100","Bulgaria","5910","Export quantity","21641.01","Rapeseed or canola oil, crude","2021","2021","","","",""
"TM","Detailed trade matrix","398","Kazakhstan","100","Bulgaria","5910","Export quantity","21641.01","Rapeseed or canola oil, crude","2022","2022","","","",""
"TM","Detailed trade matrix","398","Kazakhstan","100","Bulgaria","5910","Export quantity","21641.01","Rapeseed or canola oil, crude","2023","2023","","","",""
"TM","Detailed trade matrix","398","Kazakhstan","100","Bulgaria","5910","Export quantity","21641.01","Rapeseed or canola oil, crude","2024","2024","","","",""
"TM","Detailed trade matrix","398","Kazakhstan","100","Bulgaria","5922","Export value","21641.01","Rapeseed or canola oil, crude","2018","2018","","","",""
"TM","Detailed trade matrix","398","Kazakhstan","100","Bulgaria","5922","Export value","21641.01","Rapeseed or canola oil, crude","2019","2019","","","",""
"TM","Detailed trade matrix","398","Kazakhstan","100","Bulgaria","5922","Export value","21641.01","Rapeseed or canola oil, crude","2020","2020","","","",""
"TM","Detailed trade matrix","398","Kazakhstan","100","Bulgaria","5922","Export value","21641.01","Rapeseed or canola oil, crude","2021","2021","","","",""
"TM","Detailed trade matrix","398","Kazakhstan","100","Bulgaria","5922","Export value","21641.01","Rapeseed or canola oil, crude","2022","2022","","","",""
"TM","Detailed trade matrix","398","Kazakhstan","100","Bulgaria","5922","Export value","21641.01","Rapeseed or canola oil, crude","2023","2023","","","",""
"TM","Detailed trade matrix","398","Kazakhstan","100","Bulgaria","5922","Export value","21641.01","Rapeseed or canola oil, crude","2024","2024","","","",""
"TM","Detailed trade matrix","398","Kazakhstan","100","Bulgaria","5910","Export quantity","01445","Sunflower seed","2018","2018","","","",""
"TM","Detailed trade matrix","398","Kazakhstan","100","Bulgaria","5910","Export quantity","01445","Sunflower seed","2019","2019","","","",""
"TM","Detailed trade matrix","398","Kazakhstan","100","Bulgaria","5910","Export quantity","01445","Sunflower seed","2020","2020","","","",""
"TM","Detailed trade matrix","398","Kazakhstan","100","Bulgaria","5910","Export quantity","01445","Sunflower seed","2021","2021","","","",""
"TM","Detailed trade matrix","398","Kazakhstan","100","Bulgaria","5910","Export quantity","01445","Sunflower seed","2022","2022","t","135","A","Official value"
"TM","Detailed trade matrix","398","Kazakhstan","100","Bulgaria","5910","Export quantity","01445","Sunflower seed","2023","2023","t","66","A","Official value"
"TM","Detailed trade matrix","398","Kazakhstan","100","Bulgaria","5910","Export quantity","01445","Sunflower seed","2024","2024","","","",""
"TM","Detailed trade matrix","398","Kazakhstan","100","Bulgaria","5922","Export value","01445","Sunflower seed","2018","2018","","","",""
"TM","Detailed trade matrix","398","Kazakhstan","100","Bulgaria","5922","Export value","01445","Sunflower seed","2019","2019","","","",""
"TM","Detailed trade matrix","398","Kazakhstan","100","Bulgaria","5922","Export value","01445","Sunflower seed","2020","2020","","","",""
"TM","Detailed trade matrix","398","Kazakhstan","100","Bulgaria","5922","Export value","01445","Sunflower seed","2021","2021","","","",""
"TM","Detailed trade matrix","398","Kazakhstan","100","Bulgaria","5922","Export value","01445","Sunflower seed","2022","2022","1000 USD","189","A","Official value"
"TM","Detailed trade matrix","398","Kazakhstan","100","Bulgaria","5922","Export value","01445","Sunflower seed","2023","2023","1000 USD","7","A","Official value"
"TM","Detailed trade matrix","398","Kazakhstan","100","Bulgaria","5922","Export value","01445","Sunflower seed","2024","2024","","","",""
"TM","Detailed trade matrix","398","Kazakhstan","100","Bulgaria","5910","Export quantity","21631.01","Sunflower-seed oil, crude","2018","2018","","","",""
"TM","Detailed trade matrix","398","Kazakhstan","100","Bulgaria","5910","Export quantity","21631.01","Sunflower-seed oil, crude","2019","2019","","","",""
"TM","Detailed trade matrix","398","Kazakhstan","100","Bulgaria","5910","Export quantity","21631.01","Sunflower-seed oil, crude","2020","2020","","","",""
"TM","Detailed trade matrix","398","Kazakhstan","100","Bulgaria","5910","Export quantity","21631.01","Sunflower-seed oil, crude","2021","2021","","","",""
"TM","Detailed trade matrix","398","Kazakhstan","100","Bulgaria","5910","Export quantity","21631.01","Sunflower-seed oil, crude","2022","2022","","","",""
"TM","Detailed trade matrix","398","Kazakhstan","100","Bulgaria","5910","Export quantity","21631.01","Sunflower-seed oil, crude","2023","2023","","","",""
"TM","Detailed trade matrix","398","Kazakhstan","100","Bulgaria","5910","Export quantity","21631.01","Sunflower-seed oil, crude","2024","2024","","","",""
"TM","Detailed trade matrix","398","Kazakhstan","100","Bulgaria","5922","Export value","21631.01","Sunflower-seed oil, crude","2018","2018","","","",""
"TM","Detailed trade matrix","398","Kazakhstan","100","Bulgaria","5922","Export value","21631.01","Sunflower-seed oil, crude","2019","2019","","","",""
"TM","Detailed trade matrix","398","Kazakhstan","100","Bulgaria","5922","Export value","21631.01","Sunflower-seed oil, crude","2020","2020","","","",""
"TM","Detailed trade matrix","398","Kazakhstan","100","Bulgaria","5922","Export value","21631.01","Sunflower-seed oil, crude","2021","2021","","","",""
"TM","Detailed trade matrix","398","Kazakhstan","100","Bulgaria","5922","Export value","21631.01","Sunflower-seed oil, crude","2022","2022","","","",""
"TM","Detailed trade matrix","398","Kazakhstan","100","Bulgaria","5922","Export value","21631.01","Sunflower-seed oil, crude","2023","2023","","","",""
"TM","Detailed trade matrix","398","Kazakhstan","100","Bulgaria","5922","Export value","21631.01","Sunflower-seed oil, crude","2024","2024","","","",""
"TM","Detailed trade matrix","398","Kazakhstan","100","Bulgaria","5910","Export quantity","0111","Wheat","2018","2018","","","",""
"TM","Detailed trade matrix","398","Kazakhstan","100","Bulgaria","5910","Export quantity","0111","Wheat","2019","2019","","","",""
"TM","Detailed trade matrix","398","Kazakhstan","100","Bulgaria","5910","Export quantity","0111","Wheat","2020","2020","","","",""
"TM","Detailed trade matrix","398","Kazakhstan","100","Bulgaria","5910","Export quantity","0111","Wheat","2021","2021","","","",""
"TM","Detailed trade matrix","398","Kazakhstan","100","Bulgaria","5910","Export quantity","0111","Wheat","2022","2022","","","",""
"TM","Detailed trade matrix","398","Kazakhstan","100","Bulgaria","5910","Export quantity","0111","Wheat","2023","2023","","","",""
"TM","Detailed trade matrix","398","Kazakhstan","100","Bulgaria","5910","Export quantity","0111","Wheat","2024","2024","","","",""
"TM","Detailed trade matrix","398","Kazakhstan","100","Bulgaria","5922","Export value","0111","Wheat","2018","2018","","","",""
"TM","Detailed trade matrix","398","Kazakhstan","100","Bulgaria","5922","Export value","0111","Wheat","2019","2019","","","",""
"TM","Detailed trade matrix","398","Kazakhstan","100","Bulgaria","5922","Export value","0111","Wheat","2020","2020","","","",""
"TM","Detailed trade matrix","398","Kazakhstan","100","Bulgaria","5922","Export value","0111","Wheat","2021","2021","","","",""
"TM","Detailed trade matrix","398","Kazakhstan","100","Bulgaria","5922","Export value","0111","Wheat","2022","2022","","","",""
"TM","Detailed trade matrix","398","Kazakhstan","100","Bulgaria","5922","Export value","0111","Wheat","2023","2023","","","",""
"TM","Detailed trade matrix","398","Kazakhstan","100","Bulgaria","5922","Export value","0111","Wheat","2024","2024","","","",""
"TM","Detailed trade matrix","398","Kazakhstan","191","Croatia","5910","Export quantity","0115","Barley","2018","2018","","","",""
"TM","Detailed trade matrix","398","Kazakhstan","191","Croatia","5910","Export quantity","0115","Barley","2019","2019","","","",""
"TM","Detailed trade matrix","398","Kazakhstan","191","Croatia","5910","Export quantity","0115","Barley","2020","2020","","","",""
"TM","Detailed trade matrix","398","Kazakhstan","191","Croatia","5910","Export quantity","0115","Barley","2021","2021","","","",""
"TM","Detailed trade matrix","398","Kazakhstan","191","Croatia","5910","Export quantity","0115","Barley","2022","2022","","","",""
"TM","Detailed trade matrix","398","Kazakhstan","191","Croatia","5910","Export quantity","0115","Barley","2023","2023","","","",""
"TM","Detailed trade matrix","398","Kazakhstan","191","Croatia","5910","Export quantity","0115","Barley","2024","2024","","","",""
"TM","Detailed trade matrix","398","Kazakhstan","191","Croatia","5922","Export value","0115","Barley","2018","2018","","","",""
"TM","Detailed trade matrix","398","Kazakhstan","191","Croatia","5922","Export value","0115","Barley","2019","2019","","","",""
"TM","Detailed trade matrix","398","Kazakhstan","191","Croatia","5922","Export value","0115","Barley","2020","2020","","","",""
"TM","Detailed trade matrix","398","Kazakhstan","191","Croatia","5922","Export value","0115","Barley","2021","2021","","","",""
"TM","Detailed trade matrix","398","Kazakhstan","191","Croatia","5922","Export value","0115","Barley","2022","2022","","","",""
"TM","Detailed trade matrix","398","Kazakhstan","191","Croatia","5922","Export value","0115","Barley","2023","2023","","","",""
"TM","Detailed trade matrix","398","Kazakhstan","191","Croatia","5922","Export value","0115","Barley","2024","2024","","","",""
"TM","Detailed trade matrix","398","Kazakhstan","191","Croatia","5910","Export quantity","01704","Lentils, dry","2018","2018","","","",""
"TM","Detailed trade matrix","398","Kazakhstan","191","Croatia","5910","Export quantity","01704","Lentils, dry","2019","2019","","","",""
"TM","Detailed trade matrix","398","Kazakhstan","191","Croatia","5910","Export quantity","01704","Lentils, dry","2020","2020","","","",""
"TM","Detailed trade matrix","398","Kazakhstan","191","Croatia","5910","Export quantity","01704","Lentils, dry","2021","2021","","","",""
"TM","Detailed trade matrix","398","Kazakhstan","191","Croatia","5910","Export quantity","01704","Lentils, dry","2022","2022","","","",""
"TM","Detailed trade matrix","398","Kazakhstan","191","Croatia","5910","Export quantity","01704","Lentils, dry","2023","2023","","","",""
"TM","Detailed trade matrix","398","Kazakhstan","191","Croatia","5910","Export quantity","01704","Lentils, dry","2024","2024","","","",""
"TM","Detailed trade matrix","398","Kazakhstan","191","Croatia","5922","Export value","01704","Lentils, dry","2018","2018","","","",""
"TM","Detailed trade matrix","398","Kazakhstan","191","Croatia","5922","Export value","01704","Lentils, dry","2019","2019","","","",""
"TM","Detailed trade matrix","398","Kazakhstan","191","Croatia","5922","Export value","01704","Lentils, dry","2020","2020","","","",""
"TM","Detailed trade matrix","398","Kazakhstan","191","Croatia","5922","Export value","01704","Lentils, dry","2021","2021","","","",""
"TM","Detailed trade matrix","398","Kazakhstan","191","Croatia","5922","Export value","01704","Lentils, dry","2022","2022","","","",""
"TM","Detailed trade matrix","398","Kazakhstan","191","Croatia","5922","Export value","01704","Lentils, dry","2023","2023","","","",""
"TM","Detailed trade matrix","398","Kazakhstan","191","Croatia","5922","Export value","01704","Lentils, dry","2024","2024","","","",""
"TM","Detailed trade matrix","398","Kazakhstan","191","Croatia","5910","Export quantity","01441","Linseed","2018","2018","","","",""
"TM","Detailed trade matrix","398","Kazakhstan","191","Croatia","5910","Export quantity","01441","Linseed","2019","2019","","","",""
"TM","Detailed trade matrix","398","Kazakhstan","191","Croatia","5910","Export quantity","01441","Linseed","2020","2020","","","",""
"TM","Detailed trade matrix","398","Kazakhstan","191","Croatia","5910","Export quantity","01441","Linseed","2021","2021","","","",""
"TM","Detailed trade matrix","398","Kazakhstan","191","Croatia","5910","Export quantity","01441","Linseed","2022","2022","","","",""
"TM","Detailed trade matrix","398","Kazakhstan","191","Croatia","5910","Export quantity","01441","Linseed","2023","2023","","","",""
"TM","Detailed trade matrix","398","Kazakhstan","191","Croatia","5910","Export quantity","01441","Linseed","2024","2024","","","",""
"TM","Detailed trade matrix","398","Kazakhstan","191","Croatia","5922","Export value","01441","Linseed","2018","2018","","","",""
"TM","Detailed trade matrix","398","Kazakhstan","191","Croatia","5922","Export value","01441","Linseed","2019","2019","","","",""
"TM","Detailed trade matrix","398","Kazakhstan","191","Croatia","5922","Export value","01441","Linseed","2020","2020","","","",""
"TM","Detailed trade matrix","398","Kazakhstan","191","Croatia","5922","Export value","01441","Linseed","2021","2021","","","",""
"TM","Detailed trade matrix","398","Kazakhstan","191","Croatia","5922","Export value","01441","Linseed","2022","2022","","","",""
"TM","Detailed trade matrix","398","Kazakhstan","191","Croatia","5922","Export value","01441","Linseed","2023","2023","","","",""
"TM","Detailed trade matrix","398","Kazakhstan","191","Croatia","5922","Export value","01441","Linseed","2024","2024","","","",""
"TM","Detailed trade matrix","398","Kazakhstan","191","Croatia","5910","Export quantity","0112","Maize (corn)","2018","2018","","","",""
"TM","Detailed trade matrix","398","Kazakhstan","191","Croatia","5910","Export quantity","0112","Maize (corn)","2019","2019","","","",""
"TM","Detailed trade matrix","398","Kazakhstan","191","Croatia","5910","Export quantity","0112","Maize (corn)","2020","2020","","","",""
"TM","Detailed trade matrix","398","Kazakhstan","191","Croatia","5910","Export quantity","0112","Maize (corn)","2021","2021","","","",""
"TM","Detailed trade matrix","398","Kazakhstan","191","Croatia","5910","Export quantity","0112","Maize (corn)","2022","2022","","","",""
"TM","Detailed trade matrix","398","Kazakhstan","191","Croatia","5910","Export quantity","0112","Maize (corn)","2023","2023","","","",""
"TM","Detailed trade matrix","398","Kazakhstan","191","Croatia","5910","Export quantity","0112","Maize (corn)","2024","2024","","","",""
"TM","Detailed trade matrix","398","Kazakhstan","191","Croatia","5922","Export value","0112","Maize (corn)","2018","2018","","","",""
"TM","Detailed trade matrix","398","Kazakhstan","191","Croatia","5922","Export value","0112","Maize (corn)","2019","2019","","","",""
"TM","Detailed trade matrix","398","Kazakhstan","191","Croatia","5922","Export value","0112","Maize (corn)","2020","2020","","","",""
"TM","Detailed trade matrix","398","Kazakhstan","191","Croatia","5922","Export value","0112","Maize (corn)","2021","2021","","","",""
"TM","Detailed trade matrix","398","Kazakhstan","191","Croatia","5922","Export value","0112","Maize (corn)","2022","2022","","","",""
"TM","Detailed trade matrix","398","Kazakhstan","191","Croatia","5922","Export value","0112","Maize (corn)","2023","2023","","","",""
"TM","Detailed trade matrix","398","Kazakhstan","191","Croatia","5922","Export value","0112","Maize (corn)","2024","2024","","","",""
"TM","Detailed trade matrix","398","Kazakhstan","191","Croatia","5910","Export quantity","01705","Peas, dry","2018","2018","","","",""
"TM","Detailed trade matrix","398","Kazakhstan","191","Croatia","5910","Export quantity","01705","Peas, dry","2019","2019","","","",""
"TM","Detailed trade matrix","398","Kazakhstan","191","Croatia","5910","Export quantity","01705","Peas, dry","2020","2020","","","",""
"TM","Detailed trade matrix","398","Kazakhstan","191","Croatia","5910","Export quantity","01705","Peas, dry","2021","2021","","","",""
"TM","Detailed trade matrix","398","Kazakhstan","191","Croatia","5910","Export quantity","01705","Peas, dry","2022","2022","","","",""
"TM","Detailed trade matrix","398","Kazakhstan","191","Croatia","5910","Export quantity","01705","Peas, dry","2023","2023","","","",""
"TM","Detailed trade matrix","398","Kazakhstan","191","Croatia","5910","Export quantity","01705","Peas, dry","2024","2024","","","",""
"TM","Detailed trade matrix","398","Kazakhstan","191","Croatia","5922","Export value","01705","Peas, dry","2018","2018","","","",""
"TM","Detailed trade matrix","398","Kazakhstan","191","Croatia","5922","Export value","01705","Peas, dry","2019","2019","","","",""
"TM","Detailed trade matrix","398","Kazakhstan","191","Croatia","5922","Export value","01705","Peas, dry","2020","2020","","","",""
"TM","Detailed trade matrix","398","Kazakhstan","191","Croatia","5922","Export value","01705","Peas, dry","2021","2021","","","",""
"TM","Detailed trade matrix","398","Kazakhstan","191","Croatia","5922","Export value","01705","Peas, dry","2022","2022","","","",""
"TM","Detailed trade matrix","398","Kazakhstan","191","Croatia","5922","Export value","01705","Peas, dry","2023","2023","","","",""
"TM","Detailed trade matrix","398","Kazakhstan","191","Croatia","5922","Export value","01705","Peas, dry","2024","2024","","","",""
"TM","Detailed trade matrix","398","Kazakhstan","191","Croatia","5910","Export quantity","21641.01","Rapeseed or canola oil, crude","2018","2018","","","",""
"TM","Detailed trade matrix","398","Kazakhstan","191","Croatia","5910","Export quantity","21641.01","Rapeseed or canola oil, crude","2019","2019","","","",""
"TM","Detailed trade matrix","398","Kazakhstan","191","Croatia","5910","Export quantity","21641.01","Rapeseed or canola oil, crude","2020","2020","","","",""
"TM","Detailed trade matrix","398","Kazakhstan","191","Croatia","5910","Export quantity","21641.01","Rapeseed or canola oil, crude","2021","2021","","","",""
"TM","Detailed trade matrix","398","Kazakhstan","191","Croatia","5910","Export quantity","21641.01","Rapeseed or canola oil, crude","2022","2022","","","",""
"TM","Detailed trade matrix","398","Kazakhstan","191","Croatia","5910","Export quantity","21641.01","Rapeseed or canola oil, crude","2023","2023","","","",""
"TM","Detailed trade matrix","398","Kazakhstan","191","Croatia","5910","Export quantity","21641.01","Rapeseed or canola oil, crude","2024","2024","","","",""
"TM","Detailed trade matrix","398","Kazakhstan","191","Croatia","5922","Export value","21641.01","Rapeseed or canola oil, crude","2018","2018","","","",""
"TM","Detailed trade matrix","398","Kazakhstan","191","Croatia","5922","Export value","21641.01","Rapeseed or canola oil, crude","2019","2019","","","",""
"TM","Detailed trade matrix","398","Kazakhstan","191","Croatia","5922","Export value","21641.01","Rapeseed or canola oil, crude","2020","2020","","","",""
"TM","Detailed trade matrix","398","Kazakhstan","191","Croatia","5922","Export value","21641.01","Rapeseed or canola oil, crude","2021","2021","","","",""
"TM","Detailed trade matrix","398","Kazakhstan","191","Croatia","5922","Export value","21641.01","Rapeseed or canola oil, crude","2022","2022","","","",""
"TM","Detailed trade matrix","398","Kazakhstan","191","Croatia","5922","Export value","21641.01","Rapeseed or canola oil, crude","2023","2023","","","",""
"TM","Detailed trade matrix","398","Kazakhstan","191","Croatia","5922","Export value","21641.01","Rapeseed or canola oil, crude","2024","2024","","","",""
"TM","Detailed trade matrix","398","Kazakhstan","191","Croatia","5910","Export quantity","01445","Sunflower seed","2018","2018","","","",""
"TM","Detailed trade matrix","398","Kazakhstan","191","Croatia","5910","Export quantity","01445","Sunflower seed","2019","2019","","","",""
"TM","Detailed trade matrix","398","Kazakhstan","191","Croatia","5910","Export quantity","01445","Sunflower seed","2020","2020","","","",""
"TM","Detailed trade matrix","398","Kazakhstan","191","Croatia","5910","Export quantity","01445","Sunflower seed","2021","2021","","","",""
"TM","Detailed trade matrix","398","Kazakhstan","191","Croatia","5910","Export quantity","01445","Sunflower seed","2022","2022","","","",""
"TM","Detailed trade matrix","398","Kazakhstan","191","Croatia","5910","Export quantity","01445","Sunflower seed","2023","2023","","","",""
"TM","Detailed trade matrix","398","Kazakhstan","191","Croatia","5910","Export quantity","01445","Sunflower seed","2024","2024","","","",""
"TM","Detailed trade matrix","398","Kazakhstan","191","Croatia","5922","Export value","01445","Sunflower seed","2018","2018","","","",""
"TM","Detailed trade matrix","398","Kazakhstan","191","Croatia","5922","Export value","01445","Sunflower seed","2019","2019","","","",""
"TM","Detailed trade matrix","398","Kazakhstan","191","Croatia","5922","Export value","01445","Sunflower seed","2020","2020","","","",""
"TM","Detailed trade matrix","398","Kazakhstan","191","Croatia","5922","Export value","01445","Sunflower seed","2021","2021","","","",""
"TM","Detailed trade matrix","398","Kazakhstan","191","Croatia","5922","Export value","01445","Sunflower seed","2022","2022","","","",""
"TM","Detailed trade matrix","398","Kazakhstan","191","Croatia","5922","Export value","01445","Sunflower seed","2023","2023","","","",""
"TM","Detailed trade matrix","398","Kazakhstan","191","Croatia","5922","Export value","01445","Sunflower seed","2024","2024","","","",""
"TM","Detailed trade matrix","398","Kazakhstan","191","Croatia","5910","Export quantity","21631.01","Sunflower-seed oil, crude","2018","2018","","","",""
"TM","Detailed trade matrix","398","Kazakhstan","191","Croatia","5910","Export quantity","21631.01","Sunflower-seed oil, crude","2019","2019","","","",""
"TM","Detailed trade matrix","398","Kazakhstan","191","Croatia","5910","Export quantity","21631.01","Sunflower-seed oil, crude","2020","2020","","","",""
"TM","Detailed trade matrix","398","Kazakhstan","191","Croatia","5910","Export quantity","21631.01","Sunflower-seed oil, crude","2021","2021","","","",""
"TM","Detailed trade matrix","398","Kazakhstan","191","Croatia","5910","Export quantity","21631.01","Sunflower-seed oil, crude","2022","2022","","","",""
"TM","Detailed trade matrix","398","Kazakhstan","191","Croatia","5910","Export quantity","21631.01","Sunflower-seed oil, crude","2023","2023","","","",""
"TM","Detailed trade matrix","398","Kazakhstan","191","Croatia","5910","Export quantity","21631.01","Sunflower-seed oil, crude","2024","2024","","","",""
"TM","Detailed trade matrix","398","Kazakhstan","191","Croatia","5922","Export value","21631.01","Sunflower-seed oil, crude","2018","2018","","","",""
"TM","Detailed trade matrix","398","Kazakhstan","191","Croatia","5922","Export value","21631.01","Sunflower-seed oil, crude","2019","2019","","","",""
"TM","Detailed trade matrix","398","Kazakhstan","191","Croatia","5922","Export value","21631.01","Sunflower-seed oil, crude","2020","2020","","","",""
"TM","Detailed trade matrix","398","Kazakhstan","191","Croatia","5922","Export value","21631.01","Sunflower-seed oil, crude","2021","2021","","","",""
"TM","Detailed trade matrix","398","Kazakhstan","191","Croatia","5922","Export value","21631.01","Sunflower-seed oil, crude","2022","2022","","","",""
"TM","Detailed trade matrix","398","Kazakhstan","191","Croatia","5922","Export value","21631.01","Sunflower-seed oil, crude","2023","2023","","","",""
"TM","Detailed trade matrix","398","Kazakhstan","191","Croatia","5922","Export value","21631.01","Sunflower-seed oil, crude","2024","2024","","","",""
"TM","Detailed trade matrix","398","Kazakhstan","191","Croatia","5910","Export quantity","0111","Wheat","2018","2018","","","",""
"TM","Detailed trade matrix","398","Kazakhstan","191","Croatia","5910","Export quantity","0111","Wheat","2019","2019","","","",""
"TM","Detailed trade matrix","398","Kazakhstan","191","Croatia","5910","Export quantity","0111","Wheat","2020","2020","","","",""
"TM","Detailed trade matrix","398","Kazakhstan","191","Croatia","5910","Export quantity","0111","Wheat","2021","2021","","","",""
"TM","Detailed trade matrix","398","Kazakhstan","191","Croatia","5910","Export quantity","0111","Wheat","2022","2022","","","",""
"TM","Detailed trade matrix","398","Kazakhstan","191","Croatia","5910","Export quantity","0111","Wheat","2023","2023","","","",""
"TM","Detailed trade matrix","398","Kazakhstan","191","Croatia","5910","Export quantity","0111","Wheat","2024","2024","","","",""
"TM","Detailed trade matrix","398","Kazakhstan","191","Croatia","5922","Export value","0111","Wheat","2018","2018","","","",""
"TM","Detailed trade matrix","398","Kazakhstan","191","Croatia","5922","Export value","0111","Wheat","2019","2019","","","",""
"TM","Detailed trade matrix","398","Kazakhstan","191","Croatia","5922","Export value","0111","Wheat","2020","2020","","","",""
"TM","Detailed trade matrix","398","Kazakhstan","191","Croatia","5922","Export value","0111","Wheat","2021","2021","","","",""
"TM","Detailed trade matrix","398","Kazakhstan","191","Croatia","5922","Export value","0111","Wheat","2022","2022","","","",""
"TM","Detailed trade matrix","398","Kazakhstan","191","Croatia","5922","Export value","0111","Wheat","2023","2023","","","",""
"TM","Detailed trade matrix","398","Kazakhstan","191","Croatia","5922","Export value","0111","Wheat","2024","2024","","","",""
"TM","Detailed trade matrix","398","Kazakhstan","196","Cyprus","5910","Export quantity","0115","Barley","2018","2018","","","",""
"TM","Detailed trade matrix","398","Kazakhstan","196","Cyprus","5910","Export quantity","0115","Barley","2019","2019","","","",""
"TM","Detailed trade matrix","398","Kazakhstan","196","Cyprus","5910","Export quantity","0115","Barley","2020","2020","","","",""
"TM","Detailed trade matrix","398","Kazakhstan","196","Cyprus","5910","Export quantity","0115","Barley","2021","2021","","","",""
"TM","Detailed trade matrix","398","Kazakhstan","196","Cyprus","5910","Export quantity","0115","Barley","2022","2022","","","",""
"TM","Detailed trade matrix","398","Kazakhstan","196","Cyprus","5910","Export quantity","0115","Barley","2023","2023","","","",""
"TM","Detailed trade matrix","398","Kazakhstan","196","Cyprus","5910","Export quantity","0115","Barley","2024","2024","","","",""
"TM","Detailed trade matrix","398","Kazakhstan","196","Cyprus","5922","Export value","0115","Barley","2018","2018","","","",""
"TM","Detailed trade matrix","398","Kazakhstan","196","Cyprus","5922","Export value","0115","Barley","2019","2019","","","",""
"TM","Detailed trade matrix","398","Kazakhstan","196","Cyprus","5922","Export value","0115","Barley","2020","2020","","","",""
"TM","Detailed trade matrix","398","Kazakhstan","196","Cyprus","5922","Export value","0115","Barley","2021","2021","","","",""
"TM","Detailed trade matrix","398","Kazakhstan","196","Cyprus","5922","Export value","0115","Barley","2022","2022","","","",""
"TM","Detailed trade matrix","398","Kazakhstan","196","Cyprus","5922","Export value","0115","Barley","2023","2023","","","",""
"TM","Detailed trade matrix","398","Kazakhstan","196","Cyprus","5922","Export value","0115","Barley","2024","2024","","","",""
"TM","Detailed trade matrix","398","Kazakhstan","196","Cyprus","5910","Export quantity","01704","Lentils, dry","2018","2018","","","",""
"TM","Detailed trade matrix","398","Kazakhstan","196","Cyprus","5910","Export quantity","01704","Lentils, dry","2019","2019","","","",""
"TM","Detailed trade matrix","398","Kazakhstan","196","Cyprus","5910","Export quantity","01704","Lentils, dry","2020","2020","","","",""
"TM","Detailed trade matrix","398","Kazakhstan","196","Cyprus","5910","Export quantity","01704","Lentils, dry","2021","2021","","","",""
"TM","Detailed trade matrix","398","Kazakhstan","196","Cyprus","5910","Export quantity","01704","Lentils, dry","2022","2022","","","",""
"TM","Detailed trade matrix","398","Kazakhstan","196","Cyprus","5910","Export quantity","01704","Lentils, dry","2023","2023","","","",""
"TM","Detailed trade matrix","398","Kazakhstan","196","Cyprus","5910","Export quantity","01704","Lentils, dry","2024","2024","","","",""
"TM","Detailed trade matrix","398","Kazakhstan","196","Cyprus","5922","Export value","01704","Lentils, dry","2018","2018","","","",""
"TM","Detailed trade matrix","398","Kazakhstan","196","Cyprus","5922","Export value","01704","Lentils, dry","2019","2019","","","",""
"TM","Detailed trade matrix","398","Kazakhstan","196","Cyprus","5922","Export value","01704","Lentils, dry","2020","2020","","","",""
"TM","Detailed trade matrix","398","Kazakhstan","196","Cyprus","5922","Export value","01704","Lentils, dry","2021","2021","","","",""
"TM","Detailed trade matrix","398","Kazakhstan","196","Cyprus","5922","Export value","01704","Lentils, dry","2022","2022","","","",""
"TM","Detailed trade matrix","398","Kazakhstan","196","Cyprus","5922","Export value","01704","Lentils, dry","2023","2023","","","",""
"TM","Detailed trade matrix","398","Kazakhstan","196","Cyprus","5922","Export value","01704","Lentils, dry","2024","2024","","","",""
"TM","Detailed trade matrix","398","Kazakhstan","196","Cyprus","5910","Export quantity","01441","Linseed","2018","2018","","","",""
"TM","Detailed trade matrix","398","Kazakhstan","196","Cyprus","5910","Export quantity","01441","Linseed","2019","2019","","","",""
"TM","Detailed trade matrix","398","Kazakhstan","196","Cyprus","5910","Export quantity","01441","Linseed","2020","2020","","","",""
"TM","Detailed trade matrix","398","Kazakhstan","196","Cyprus","5910","Export quantity","01441","Linseed","2021","2021","","","",""
"TM","Detailed trade matrix","398","Kazakhstan","196","Cyprus","5910","Export quantity","01441","Linseed","2022","2022","","","",""
"TM","Detailed trade matrix","398","Kazakhstan","196","Cyprus","5910","Export quantity","01441","Linseed","2023","2023","","","",""
"TM","Detailed trade matrix","398","Kazakhstan","196","Cyprus","5910","Export quantity","01441","Linseed","2024","2024","","","",""
"TM","Detailed trade matrix","398","Kazakhstan","196","Cyprus","5922","Export value","01441","Linseed","2018","2018","","","",""
"TM","Detailed trade matrix","398","Kazakhstan","196","Cyprus","5922","Export value","01441","Linseed","2019","2019","","","",""
"TM","Detailed trade matrix","398","Kazakhstan","196","Cyprus","5922","Export value","01441","Linseed","2020","2020","","","",""
"TM","Detailed trade matrix","398","Kazakhstan","196","Cyprus","5922","Export value","01441","Linseed","2021","2021","","","",""
"TM","Detailed trade matrix","398","Kazakhstan","196","Cyprus","5922","Export value","01441","Linseed","2022","2022","","","",""
"TM","Detailed trade matrix","398","Kazakhstan","196","Cyprus","5922","Export value","01441","Linseed","2023","2023","","","",""
"TM","Detailed trade matrix","398","Kazakhstan","196","Cyprus","5922","Export value","01441","Linseed","2024","2024","","","",""
"TM","Detailed trade matrix","398","Kazakhstan","196","Cyprus","5910","Export quantity","0112","Maize (corn)","2018","2018","","","",""
"TM","Detailed trade matrix","398","Kazakhstan","196","Cyprus","5910","Export quantity","0112","Maize (corn)","2019","2019","","","",""
"TM","Detailed trade matrix","398","Kazakhstan","196","Cyprus","5910","Export quantity","0112","Maize (corn)","2020","2020","","","",""
"TM","Detailed trade matrix","398","Kazakhstan","196","Cyprus","5910","Export quantity","0112","Maize (corn)","2021","2021","","","",""
"TM","Detailed trade matrix","398","Kazakhstan","196","Cyprus","5910","Export quantity","0112","Maize (corn)","2022","2022","","","",""
"TM","Detailed trade matrix","398","Kazakhstan","196","Cyprus","5910","Export quantity","0112","Maize (corn)","2023","2023","","","",""
"TM","Detailed trade matrix","398","Kazakhstan","196","Cyprus","5910","Export quantity","0112","Maize (corn)","2024","2024","","","",""
"TM","Detailed trade matrix","398","Kazakhstan","196","Cyprus","5922","Export value","0112","Maize (corn)","2018","2018","","","",""
"TM","Detailed trade matrix","398","Kazakhstan","196","Cyprus","5922","Export value","0112","Maize (corn)","2019","2019","","","",""
"TM","Detailed trade matrix","398","Kazakhstan","196","Cyprus","5922","Export value","0112","Maize (corn)","2020","2020","","","",""
"TM","Detailed trade matrix","398","Kazakhstan","196","Cyprus","5922","Export value","0112","Maize (corn)","2021","2021","","","",""
"TM","Detailed trade matrix","398","Kazakhstan","196","Cyprus","5922","Export value","0112","Maize (corn)","2022","2022","","","",""
"TM","Detailed trade matrix","398","Kazakhstan","196","Cyprus","5922","Export value","0112","Maize (corn)","2023","2023","","","",""
"TM","Detailed trade matrix","398","Kazakhstan","196","Cyprus","5922","Export value","0112","Maize (corn)","2024","2024","","","",""
"TM","Detailed trade matrix","398","Kazakhstan","196","Cyprus","5910","Export quantity","01705","Peas, dry","2018","2018","","","",""
"TM","Detailed trade matrix","398","Kazakhstan","196","Cyprus","5910","Export quantity","01705","Peas, dry","2019","2019","","","",""
"TM","Detailed trade matrix","398","Kazakhstan","196","Cyprus","5910","Export quantity","01705","Peas, dry","2020","2020","","","",""
"TM","Detailed trade matrix","398","Kazakhstan","196","Cyprus","5910","Export quantity","01705","Peas, dry","2021","2021","","","",""
"TM","Detailed trade matrix","398","Kazakhstan","196","Cyprus","5910","Export quantity","01705","Peas, dry","2022","2022","","","",""
"TM","Detailed trade matrix","398","Kazakhstan","196","Cyprus","5910","Export quantity","01705","Peas, dry","2023","2023","","","",""
"TM","Detailed trade matrix","398","Kazakhstan","196","Cyprus","5910","Export quantity","01705","Peas, dry","2024","2024","","","",""
"TM","Detailed trade matrix","398","Kazakhstan","196","Cyprus","5922","Export value","01705","Peas, dry","2018","2018","","","",""
"TM","Detailed trade matrix","398","Kazakhstan","196","Cyprus","5922","Export value","01705","Peas, dry","2019","2019","","","",""
"TM","Detailed trade matrix","398","Kazakhstan","196","Cyprus","5922","Export value","01705","Peas, dry","2020","2020","","","",""
"TM","Detailed trade matrix","398","Kazakhstan","196","Cyprus","5922","Export value","01705","Peas, dry","2021","2021","","","",""
"TM","Detailed trade matrix","398","Kazakhstan","196","Cyprus","5922","Export value","01705","Peas, dry","2022","2022","","","",""
"TM","Detailed trade matrix","398","Kazakhstan","196","Cyprus","5922","Export value","01705","Peas, dry","2023","2023","","","",""
"TM","Detailed trade matrix","398","Kazakhstan","196","Cyprus","5922","Export value","01705","Peas, dry","2024","2024","","","",""
"TM","Detailed trade matrix","398","Kazakhstan","196","Cyprus","5910","Export quantity","21641.01","Rapeseed or canola oil, crude","2018","2018","","","",""
"TM","Detailed trade matrix","398","Kazakhstan","196","Cyprus","5910","Export quantity","21641.01","Rapeseed or canola oil, crude","2019","2019","","","",""
"TM","Detailed trade matrix","398","Kazakhstan","196","Cyprus","5910","Export quantity","21641.01","Rapeseed or canola oil, crude","2020","2020","","","",""
"TM","Detailed trade matrix","398","Kazakhstan","196","Cyprus","5910","Export quantity","21641.01","Rapeseed or canola oil, crude","2021","2021","","","",""
"TM","Detailed trade matrix","398","Kazakhstan","196","Cyprus","5910","Export quantity","21641.01","Rapeseed or canola oil, crude","2022","2022","","","",""
"TM","Detailed trade matrix","398","Kazakhstan","196","Cyprus","5910","Export quantity","21641.01","Rapeseed or canola oil, crude","2023","2023","","","",""
"TM","Detailed trade matrix","398","Kazakhstan","196","Cyprus","5910","Export quantity","21641.01","Rapeseed or canola oil, crude","2024","2024","","","",""
"TM","Detailed trade matrix","398","Kazakhstan","196","Cyprus","5922","Export value","21641.01","Rapeseed or canola oil, crude","2018","2018","","","",""
"TM","Detailed trade matrix","398","Kazakhstan","196","Cyprus","5922","Export value","21641.01","Rapeseed or canola oil, crude","2019","2019","","","",""
"TM","Detailed trade matrix","398","Kazakhstan","196","Cyprus","5922","Export value","21641.01","Rapeseed or canola oil, crude","2020","2020","","","",""
"TM","Detailed trade matrix","398","Kazakhstan","196","Cyprus","5922","Export value","21641.01","Rapeseed or canola oil, crude","2021","2021","","","",""
"TM","Detailed trade matrix","398","Kazakhstan","196","Cyprus","5922","Export value","21641.01","Rapeseed or canola oil, crude","2022","2022","","","",""
"TM","Detailed trade matrix","398","Kazakhstan","196","Cyprus","5922","Export value","21641.01","Rapeseed or canola oil, crude","2023","2023","","","",""
"TM","Detailed trade matrix","398","Kazakhstan","196","Cyprus","5922","Export value","21641.01","Rapeseed or canola oil, crude","2024","2024","","","",""
"TM","Detailed trade matrix","398","Kazakhstan","196","Cyprus","5910","Export quantity","01445","Sunflower seed","2018","2018","","","",""
"TM","Detailed trade matrix","398","Kazakhstan","196","Cyprus","5910","Export quantity","01445","Sunflower seed","2019","2019","","","",""
"TM","Detailed trade matrix","398","Kazakhstan","196","Cyprus","5910","Export quantity","01445","Sunflower seed","2020","2020","","","",""
"TM","Detailed trade matrix","398","Kazakhstan","196","Cyprus","5910","Export quantity","01445","Sunflower seed","2021","2021","","","",""
"TM","Detailed trade matrix","398","Kazakhstan","196","Cyprus","5910","Export quantity","01445","Sunflower seed","2022","2022","","","",""
"TM","Detailed trade matrix","398","Kazakhstan","196","Cyprus","5910","Export quantity","01445","Sunflower seed","2023","2023","","","",""
"TM","Detailed trade matrix","398","Kazakhstan","196","Cyprus","5910","Export quantity","01445","Sunflower seed","2024","2024","","","",""
"TM","Detailed trade matrix","398","Kazakhstan","196","Cyprus","5922","Export value","01445","Sunflower seed","2018","2018","","","",""
"TM","Detailed trade matrix","398","Kazakhstan","196","Cyprus","5922","Export value","01445","Sunflower seed","2019","2019","","","",""
"TM","Detailed trade matrix","398","Kazakhstan","196","Cyprus","5922","Export value","01445","Sunflower seed","2020","2020","","","",""
"TM","Detailed trade matrix","398","Kazakhstan","196","Cyprus","5922","Export value","01445","Sunflower seed","2021","2021","","","",""
"TM","Detailed trade matrix","398","Kazakhstan","196","Cyprus","5922","Export value","01445","Sunflower seed","2022","2022","","","",""
"TM","Detailed trade matrix","398","Kazakhstan","196","Cyprus","5922","Export value","01445","Sunflower seed","2023","2023","","","",""
"TM","Detailed trade matrix","398","Kazakhstan","196","Cyprus","5922","Export value","01445","Sunflower seed","2024","2024","","","",""
"TM","Detailed trade matrix","398","Kazakhstan","196","Cyprus","5910","Export quantity","21631.01","Sunflower-seed oil, crude","2018","2018","","","",""
"TM","Detailed trade matrix","398","Kazakhstan","196","Cyprus","5910","Export quantity","21631.01","Sunflower-seed oil, crude","2019","2019","","","",""
"TM","Detailed trade matrix","398","Kazakhstan","196","Cyprus","5910","Export quantity","21631.01","Sunflower-seed oil, crude","2020","2020","","","",""
"TM","Detailed trade matrix","398","Kazakhstan","196","Cyprus","5910","Export quantity","21631.01","Sunflower-seed oil, crude","2021","2021","","","",""
"TM","Detailed trade matrix","398","Kazakhstan","196","Cyprus","5910","Export quantity","21631.01","Sunflower-seed oil, crude","2022","2022","","","",""
"TM","Detailed trade matrix","398","Kazakhstan","196","Cyprus","5910","Export quantity","21631.01","Sunflower-seed oil, crude","2023","2023","","","",""
"TM","Detailed trade matrix","398","Kazakhstan","196","Cyprus","5910","Export quantity","21631.01","Sunflower-seed oil, crude","2024","2024","","","",""
"TM","Detailed trade matrix","398","Kazakhstan","196","Cyprus","5922","Export value","21631.01","Sunflower-seed oil, crude","2018","2018","","","",""
"TM","Detailed trade matrix","398","Kazakhstan","196","Cyprus","5922","Export value","21631.01","Sunflower-seed oil, crude","2019","2019","","","",""
"TM","Detailed trade matrix","398","Kazakhstan","196","Cyprus","5922","Export value","21631.01","Sunflower-seed oil, crude","2020","2020","","","",""
"TM","Detailed trade matrix","398","Kazakhstan","196","Cyprus","5922","Export value","21631.01","Sunflower-seed oil, crude","2021","2021","","","",""
"TM","Detailed trade matrix","398","Kazakhstan","196","Cyprus","5922","Export value","21631.01","Sunflower-seed oil, crude","2022","2022","","","",""
"TM","Detailed trade matrix","398","Kazakhstan","196","Cyprus","5922","Export value","21631.01","Sunflower-seed oil, crude","2023","2023","","","",""
"TM","Detailed trade matrix","398","Kazakhstan","196","Cyprus","5922","Export value","21631.01","Sunflower-seed oil, crude","2024","2024","","","",""
"TM","Detailed trade matrix","398","Kazakhstan","196","Cyprus","5910","Export quantity","0111","Wheat","2018","2018","","","",""
"TM","Detailed trade matrix","398","Kazakhstan","196","Cyprus","5910","Export quantity","0111","Wheat","2019","2019","","","",""
"TM","Detailed trade matrix","398","Kazakhstan","196","Cyprus","5910","Export quantity","0111","Wheat","2020","2020","","","",""
"TM","Detailed trade matrix","398","Kazakhstan","196","Cyprus","5910","Export quantity","0111","Wheat","2021","2021","","","",""
"TM","Detailed trade matrix","398","Kazakhstan","196","Cyprus","5910","Export quantity","0111","Wheat","2022","2022","","","",""
"TM","Detailed trade matrix","398","Kazakhstan","196","Cyprus","5910","Export quantity","0111","Wheat","2023","2023","","","",""
"TM","Detailed trade matrix","398","Kazakhstan","196","Cyprus","5910","Export quantity","0111","Wheat","2024","2024","","","",""
"TM","Detailed trade matrix","398","Kazakhstan","196","Cyprus","5922","Export value","0111","Wheat","2018","2018","","","",""
"TM","Detailed trade matrix","398","Kazakhstan","196","Cyprus","5922","Export value","0111","Wheat","2019","2019","","","",""
"TM","Detailed trade matrix","398","Kazakhstan","196","Cyprus","5922","Export value","0111","Wheat","2020","2020","","","",""
"TM","Detailed trade matrix","398","Kazakhstan","196","Cyprus","5922","Export value","0111","Wheat","2021","2021","","","",""
"TM","Detailed trade matrix","398","Kazakhstan","196","Cyprus","5922","Export value","0111","Wheat","2022","2022","","","",""
"TM","Detailed trade matrix","398","Kazakhstan","196","Cyprus","5922","Export value","0111","Wheat","2023","2023","","","",""
"TM","Detailed trade matrix","398","Kazakhstan","196","Cyprus","5922","Export value","0111","Wheat","2024","2024","","","",""
"TM","Detailed trade matrix","398","Kazakhstan","203","Czechia","5910","Export quantity","0115","Barley","2018","2018","t","44","A","Official value"
"TM","Detailed trade matrix","398","Kazakhstan","203","Czechia","5910","Export quantity","0115","Barley","2019","2019","t","85","A","Official value"
"TM","Detailed trade matrix","398","Kazakhstan","203","Czechia","5910","Export quantity","0115","Barley","2020","2020","t","1400","A","Official value"
"TM","Detailed trade matrix","398","Kazakhstan","203","Czechia","5910","Export quantity","0115","Barley","2021","2021","","","",""
"TM","Detailed trade matrix","398","Kazakhstan","203","Czechia","5910","Export quantity","0115","Barley","2022","2022","","","",""
"TM","Detailed trade matrix","398","Kazakhstan","203","Czechia","5910","Export quantity","0115","Barley","2023","2023","","","",""
"TM","Detailed trade matrix","398","Kazakhstan","203","Czechia","5910","Export quantity","0115","Barley","2024","2024","","","",""
"TM","Detailed trade matrix","398","Kazakhstan","203","Czechia","5922","Export value","0115","Barley","2018","2018","1000 USD","8","A","Official value"
"TM","Detailed trade matrix","398","Kazakhstan","203","Czechia","5922","Export value","0115","Barley","2019","2019","1000 USD","13","A","Official value"
"TM","Detailed trade matrix","398","Kazakhstan","203","Czechia","5922","Export value","0115","Barley","2020","2020","1000 USD","287","A","Official value"
"TM","Detailed trade matrix","398","Kazakhstan","203","Czechia","5922","Export value","0115","Barley","2021","2021","","","",""
"TM","Detailed trade matrix","398","Kazakhstan","203","Czechia","5922","Export value","0115","Barley","2022","2022","","","",""
"TM","Detailed trade matrix","398","Kazakhstan","203","Czechia","5922","Export value","0115","Barley","2023","2023","","","",""
"TM","Detailed trade matrix","398","Kazakhstan","203","Czechia","5922","Export value","0115","Barley","2024","2024","","","",""
"TM","Detailed trade matrix","398","Kazakhstan","203","Czechia","5910","Export quantity","01704","Lentils, dry","2018","2018","","","",""
"TM","Detailed trade matrix","398","Kazakhstan","203","Czechia","5910","Export quantity","01704","Lentils, dry","2019","2019","t","22","A","Official value"
"TM","Detailed trade matrix","398","Kazakhstan","203","Czechia","5910","Export quantity","01704","Lentils, dry","2020","2020","t","301.48","A","Official value"
"TM","Detailed trade matrix","398","Kazakhstan","203","Czechia","5910","Export quantity","01704","Lentils, dry","2021","2021","","","",""
"TM","Detailed trade matrix","398","Kazakhstan","203","Czechia","5910","Export quantity","01704","Lentils, dry","2022","2022","t","22","A","Official value"
"TM","Detailed trade matrix","398","Kazakhstan","203","Czechia","5910","Export quantity","01704","Lentils, dry","2023","2023","t","85.47","A","Official value"
"TM","Detailed trade matrix","398","Kazakhstan","203","Czechia","5910","Export quantity","01704","Lentils, dry","2024","2024","","","",""
"TM","Detailed trade matrix","398","Kazakhstan","203","Czechia","5922","Export value","01704","Lentils, dry","2018","2018","","","",""
"TM","Detailed trade matrix","398","Kazakhstan","203","Czechia","5922","Export value","01704","Lentils, dry","2019","2019","1000 USD","14","A","Official value"
"TM","Detailed trade matrix","398","Kazakhstan","203","Czechia","5922","Export value","01704","Lentils, dry","2020","2020","1000 USD","174","A","Official value"
"TM","Detailed trade matrix","398","Kazakhstan","203","Czechia","5922","Export value","01704","Lentils, dry","2021","2021","","","",""
"TM","Detailed trade matrix","398","Kazakhstan","203","Czechia","5922","Export value","01704","Lentils, dry","2022","2022","1000 USD","14","A","Official value"
"TM","Detailed trade matrix","398","Kazakhstan","203","Czechia","5922","Export value","01704","Lentils, dry","2023","2023","1000 USD","64","A","Official value"
"TM","Detailed trade matrix","398","Kazakhstan","203","Czechia","5922","Export value","01704","Lentils, dry","2024","2024","","","",""
"TM","Detailed trade matrix","398","Kazakhstan","203","Czechia","5910","Export quantity","01441","Linseed","2018","2018","t","1922","A","Official value"
"TM","Detailed trade matrix","398","Kazakhstan","203","Czechia","5910","Export quantity","01441","Linseed","2019","2019","t","3957.5","A","Official value"
"TM","Detailed trade matrix","398","Kazakhstan","203","Czechia","5910","Export quantity","01441","Linseed","2020","2020","t","4773.56","A","Official value"
"TM","Detailed trade matrix","398","Kazakhstan","203","Czechia","5910","Export quantity","01441","Linseed","2021","2021","t","5208.12","A","Official value"
"TM","Detailed trade matrix","398","Kazakhstan","203","Czechia","5910","Export quantity","01441","Linseed","2022","2022","t","8769","A","Official value"
"TM","Detailed trade matrix","398","Kazakhstan","203","Czechia","5910","Export quantity","01441","Linseed","2023","2023","t","2503","A","Official value"
"TM","Detailed trade matrix","398","Kazakhstan","203","Czechia","5910","Export quantity","01441","Linseed","2024","2024","t","6086.1","A","Official value"
"TM","Detailed trade matrix","398","Kazakhstan","203","Czechia","5922","Export value","01441","Linseed","2018","2018","1000 USD","983","A","Official value"
"TM","Detailed trade matrix","398","Kazakhstan","203","Czechia","5922","Export value","01441","Linseed","2019","2019","1000 USD","1925","A","Official value"
"TM","Detailed trade matrix","398","Kazakhstan","203","Czechia","5922","Export value","01441","Linseed","2020","2020","1000 USD","3023","A","Official value"
"TM","Detailed trade matrix","398","Kazakhstan","203","Czechia","5922","Export value","01441","Linseed","2021","2021","1000 USD","5036","A","Official value"
"TM","Detailed trade matrix","398","Kazakhstan","203","Czechia","5922","Export value","01441","Linseed","2022","2022","1000 USD","7473","A","Official value"
"TM","Detailed trade matrix","398","Kazakhstan","203","Czechia","5922","Export value","01441","Linseed","2023","2023","1000 USD","1978","A","Official value"
"TM","Detailed trade matrix","398","Kazakhstan","203","Czechia","5922","Export value","01441","Linseed","2024","2024","1000 USD","3867","A","Official value"
"TM","Detailed trade matrix","398","Kazakhstan","203","Czechia","5910","Export quantity","0112","Maize (corn)","2018","2018","","","",""
"TM","Detailed trade matrix","398","Kazakhstan","203","Czechia","5910","Export quantity","0112","Maize (corn)","2019","2019","","","",""
"TM","Detailed trade matrix","398","Kazakhstan","203","Czechia","5910","Export quantity","0112","Maize (corn)","2020","2020","","","",""
"TM","Detailed trade matrix","398","Kazakhstan","203","Czechia","5910","Export quantity","0112","Maize (corn)","2021","2021","","","",""
"TM","Detailed trade matrix","398","Kazakhstan","203","Czechia","5910","Export quantity","0112","Maize (corn)","2022","2022","","","",""
"TM","Detailed trade matrix","398","Kazakhstan","203","Czechia","5910","Export quantity","0112","Maize (corn)","2023","2023","","","",""
"TM","Detailed trade matrix","398","Kazakhstan","203","Czechia","5910","Export quantity","0112","Maize (corn)","2024","2024","","","",""
"TM","Detailed trade matrix","398","Kazakhstan","203","Czechia","5922","Export value","0112","Maize (corn)","2018","2018","","","",""
"TM","Detailed trade matrix","398","Kazakhstan","203","Czechia","5922","Export value","0112","Maize (corn)","2019","2019","","","",""
"TM","Detailed trade matrix","398","Kazakhstan","203","Czechia","5922","Export value","0112","Maize (corn)","2020","2020","","","",""
"TM","Detailed trade matrix","398","Kazakhstan","203","Czechia","5922","Export value","0112","Maize (corn)","2021","2021","","","",""
"TM","Detailed trade matrix","398","Kazakhstan","203","Czechia","5922","Export value","0112","Maize (corn)","2022","2022","","","",""
"TM","Detailed trade matrix","398","Kazakhstan","203","Czechia","5922","Export value","0112","Maize (corn)","2023","2023","","","",""
"TM","Detailed trade matrix","398","Kazakhstan","203","Czechia","5922","Export value","0112","Maize (corn)","2024","2024","","","",""
"TM","Detailed trade matrix","398","Kazakhstan","203","Czechia","5910","Export quantity","01705","Peas, dry","2018","2018","","","",""
"TM","Detailed trade matrix","398","Kazakhstan","203","Czechia","5910","Export quantity","01705","Peas, dry","2019","2019","","","",""
"TM","Detailed trade matrix","398","Kazakhstan","203","Czechia","5910","Export quantity","01705","Peas, dry","2020","2020","","","",""
"TM","Detailed trade matrix","398","Kazakhstan","203","Czechia","5910","Export quantity","01705","Peas, dry","2021","2021","","","",""
"TM","Detailed trade matrix","398","Kazakhstan","203","Czechia","5910","Export quantity","01705","Peas, dry","2022","2022","t","22","A","Official value"
"TM","Detailed trade matrix","398","Kazakhstan","203","Czechia","5910","Export quantity","01705","Peas, dry","2023","2023","","","",""
"TM","Detailed trade matrix","398","Kazakhstan","203","Czechia","5910","Export quantity","01705","Peas, dry","2024","2024","t","21","A","Official value"
"TM","Detailed trade matrix","398","Kazakhstan","203","Czechia","5922","Export value","01705","Peas, dry","2018","2018","","","",""
"TM","Detailed trade matrix","398","Kazakhstan","203","Czechia","5922","Export value","01705","Peas, dry","2019","2019","","","",""
"TM","Detailed trade matrix","398","Kazakhstan","203","Czechia","5922","Export value","01705","Peas, dry","2020","2020","","","",""
"TM","Detailed trade matrix","398","Kazakhstan","203","Czechia","5922","Export value","01705","Peas, dry","2021","2021","","","",""
"TM","Detailed trade matrix","398","Kazakhstan","203","Czechia","5922","Export value","01705","Peas, dry","2022","2022","1000 USD","9","A","Official value"
"TM","Detailed trade matrix","398","Kazakhstan","203","Czechia","5922","Export value","01705","Peas, dry","2023","2023","","","",""
"TM","Detailed trade matrix","398","Kazakhstan","203","Czechia","5922","Export value","01705","Peas, dry","2024","2024","1000 USD","10","A","Official value"
"TM","Detailed trade matrix","398","Kazakhstan","203","Czechia","5910","Export quantity","21641.01","Rapeseed or canola oil, crude","2018","2018","","","",""
"TM","Detailed trade matrix","398","Kazakhstan","203","Czechia","5910","Export quantity","21641.01","Rapeseed or canola oil, crude","2019","2019","","","",""
"TM","Detailed trade matrix","398","Kazakhstan","203","Czechia","5910","Export quantity","21641.01","Rapeseed or canola oil, crude","2020","2020","","","",""
"TM","Detailed trade matrix","398","Kazakhstan","203","Czechia","5910","Export quantity","21641.01","Rapeseed or canola oil, crude","2021","2021","","","",""
"TM","Detailed trade matrix","398","Kazakhstan","203","Czechia","5910","Export quantity","21641.01","Rapeseed or canola oil, crude","2022","2022","","","",""
"TM","Detailed trade matrix","398","Kazakhstan","203","Czechia","5910","Export quantity","21641.01","Rapeseed or canola oil, crude","2023","2023","","","",""
"TM","Detailed trade matrix","398","Kazakhstan","203","Czechia","5910","Export quantity","21641.01","Rapeseed or canola oil, crude","2024","2024","","","",""
"TM","Detailed trade matrix","398","Kazakhstan","203","Czechia","5922","Export value","21641.01","Rapeseed or canola oil, crude","2018","2018","","","",""
"TM","Detailed trade matrix","398","Kazakhstan","203","Czechia","5922","Export value","21641.01","Rapeseed or canola oil, crude","2019","2019","","","",""
"TM","Detailed trade matrix","398","Kazakhstan","203","Czechia","5922","Export value","21641.01","Rapeseed or canola oil, crude","2020","2020","","","",""
"TM","Detailed trade matrix","398","Kazakhstan","203","Czechia","5922","Export value","21641.01","Rapeseed or canola oil, crude","2021","2021","","","",""
"TM","Detailed trade matrix","398","Kazakhstan","203","Czechia","5922","Export value","21641.01","Rapeseed or canola oil, crude","2022","2022","","","",""
"TM","Detailed trade matrix","398","Kazakhstan","203","Czechia","5922","Export value","21641.01","Rapeseed or canola oil, crude","2023","2023","","","",""
"TM","Detailed trade matrix","398","Kazakhstan","203","Czechia","5922","Export value","21641.01","Rapeseed or canola oil, crude","2024","2024","","","",""
"TM","Detailed trade matrix","398","Kazakhstan","203","Czechia","5910","Export quantity","01445","Sunflower seed","2018","2018","","","",""
"TM","Detailed trade matrix","398","Kazakhstan","203","Czechia","5910","Export quantity","01445","Sunflower seed","2019","2019","","","",""
"TM","Detailed trade matrix","398","Kazakhstan","203","Czechia","5910","Export quantity","01445","Sunflower seed","2020","2020","t","543.62","A","Official value"
"TM","Detailed trade matrix","398","Kazakhstan","203","Czechia","5910","Export quantity","01445","Sunflower seed","2021","2021","t","1290.06","A","Official value"
"TM","Detailed trade matrix","398","Kazakhstan","203","Czechia","5910","Export quantity","01445","Sunflower seed","2022","2022","t","438.01","A","Official value"
"TM","Detailed trade matrix","398","Kazakhstan","203","Czechia","5910","Export quantity","01445","Sunflower seed","2023","2023","t","229.5","A","Official value"
"TM","Detailed trade matrix","398","Kazakhstan","203","Czechia","5910","Export quantity","01445","Sunflower seed","2024","2024","t","678","A","Official value"
"TM","Detailed trade matrix","398","Kazakhstan","203","Czechia","5922","Export value","01445","Sunflower seed","2018","2018","","","",""
"TM","Detailed trade matrix","398","Kazakhstan","203","Czechia","5922","Export value","01445","Sunflower seed","2019","2019","","","",""
"TM","Detailed trade matrix","398","Kazakhstan","203","Czechia","5922","Export value","01445","Sunflower seed","2020","2020","1000 USD","256","A","Official value"
"TM","Detailed trade matrix","398","Kazakhstan","203","Czechia","5922","Export value","01445","Sunflower seed","2021","2021","1000 USD","1150","A","Official value"
"TM","Detailed trade matrix","398","Kazakhstan","203","Czechia","5922","Export value","01445","Sunflower seed","2022","2022","1000 USD","472","A","Official value"
"TM","Detailed trade matrix","398","Kazakhstan","203","Czechia","5922","Export value","01445","Sunflower seed","2023","2023","1000 USD","200","A","Official value"
"TM","Detailed trade matrix","398","Kazakhstan","203","Czechia","5922","Export value","01445","Sunflower seed","2024","2024","1000 USD","339","A","Official value"
"TM","Detailed trade matrix","398","Kazakhstan","203","Czechia","5910","Export quantity","21631.01","Sunflower-seed oil, crude","2018","2018","t","68.02","A","Official value"
"TM","Detailed trade matrix","398","Kazakhstan","203","Czechia","5910","Export quantity","21631.01","Sunflower-seed oil, crude","2019","2019","","","",""
"TM","Detailed trade matrix","398","Kazakhstan","203","Czechia","5910","Export quantity","21631.01","Sunflower-seed oil, crude","2020","2020","","","",""
"TM","Detailed trade matrix","398","Kazakhstan","203","Czechia","5910","Export quantity","21631.01","Sunflower-seed oil, crude","2021","2021","","","",""
"TM","Detailed trade matrix","398","Kazakhstan","203","Czechia","5910","Export quantity","21631.01","Sunflower-seed oil, crude","2022","2022","t","19.64","A","Official value"
"TM","Detailed trade matrix","398","Kazakhstan","203","Czechia","5910","Export quantity","21631.01","Sunflower-seed oil, crude","2023","2023","","","",""
"TM","Detailed trade matrix","398","Kazakhstan","203","Czechia","5910","Export quantity","21631.01","Sunflower-seed oil, crude","2024","2024","","","",""
"TM","Detailed trade matrix","398","Kazakhstan","203","Czechia","5922","Export value","21631.01","Sunflower-seed oil, crude","2018","2018","1000 USD","73","A","Official value"
"TM","Detailed trade matrix","398","Kazakhstan","203","Czechia","5922","Export value","21631.01","Sunflower-seed oil, crude","2019","2019","","","",""
"TM","Detailed trade matrix","398","Kazakhstan","203","Czechia","5922","Export value","21631.01","Sunflower-seed oil, crude","2020","2020","","","",""
"TM","Detailed trade matrix","398","Kazakhstan","203","Czechia","5922","Export value","21631.01","Sunflower-seed oil, crude","2021","2021","","","",""
"TM","Detailed trade matrix","398","Kazakhstan","203","Czechia","5922","Export value","21631.01","Sunflower-seed oil, crude","2022","2022","1000 USD","34","A","Official value"
"TM","Detailed trade matrix","398","Kazakhstan","203","Czechia","5922","Export value","21631.01","Sunflower-seed oil, crude","2023","2023","","","",""
"TM","Detailed trade matrix","398","Kazakhstan","203","Czechia","5922","Export value","21631.01","Sunflower-seed oil, crude","2024","2024","","","",""
"TM","Detailed trade matrix","398","Kazakhstan","203","Czechia","5910","Export quantity","0111","Wheat","2018","2018","","","",""
"TM","Detailed trade matrix","398","Kazakhstan","203","Czechia","5910","Export quantity","0111","Wheat","2019","2019","","","",""
"TM","Detailed trade matrix","398","Kazakhstan","203","Czechia","5910","Export quantity","0111","Wheat","2020","2020","","","",""
"TM","Detailed trade matrix","398","Kazakhstan","203","Czechia","5910","Export quantity","0111","Wheat","2021","2021","","","",""
"TM","Detailed trade matrix","398","Kazakhstan","203","Czechia","5910","Export quantity","0111","Wheat","2022","2022","","","",""
"TM","Detailed trade matrix","398","Kazakhstan","203","Czechia","5910","Export quantity","0111","Wheat","2023","2023","","","",""
"TM","Detailed trade matrix","398","Kazakhstan","203","Czechia","5910","Export quantity","0111","Wheat","2024","2024","","","",""
"TM","Detailed trade matrix","398","Kazakhstan","203","Czechia","5922","Export value","0111","Wheat","2018","2018","","","",""
"TM","Detailed trade matrix","398","Kazakhstan","203","Czechia","5922","Export value","0111","Wheat","2019","2019","","","",""
"TM","Detailed trade matrix","398","Kazakhstan","203","Czechia","5922","Export value","0111","Wheat","2020","2020","","","",""
"TM","Detailed trade matrix","398","Kazakhstan","203","Czechia","5922","Export value","0111","Wheat","2021","2021","","","",""
"TM","Detailed trade matrix","398","Kazakhstan","203","Czechia","5922","Export value","0111","Wheat","2022","2022","","","",""
"TM","Detailed trade matrix","398","Kazakhstan","203","Czechia","5922","Export value","0111","Wheat","2023","2023","","","",""
"TM","Detailed trade matrix","398","Kazakhstan","203","Czechia","5922","Export value","0111","Wheat","2024","2024","","","",""
"TM","Detailed trade matrix","398","Kazakhstan","208","Denmark","5910","Export quantity","0115","Barley","2018","2018","","","",""
"TM","Detailed trade matrix","398","Kazakhstan","208","Denmark","5910","Export quantity","0115","Barley","2019","2019","","","",""
"TM","Detailed trade matrix","398","Kazakhstan","208","Denmark","5910","Export quantity","0115","Barley","2020","2020","","","",""
"TM","Detailed trade matrix","398","Kazakhstan","208","Denmark","5910","Export quantity","0115","Barley","2021","2021","","","",""
"TM","Detailed trade matrix","398","Kazakhstan","208","Denmark","5910","Export quantity","0115","Barley","2022","2022","","","",""
"TM","Detailed trade matrix","398","Kazakhstan","208","Denmark","5910","Export quantity","0115","Barley","2023","2023","","","",""
"TM","Detailed trade matrix","398","Kazakhstan","208","Denmark","5910","Export quantity","0115","Barley","2024","2024","","","",""
"TM","Detailed trade matrix","398","Kazakhstan","208","Denmark","5922","Export value","0115","Barley","2018","2018","","","",""
"TM","Detailed trade matrix","398","Kazakhstan","208","Denmark","5922","Export value","0115","Barley","2019","2019","","","",""
"TM","Detailed trade matrix","398","Kazakhstan","208","Denmark","5922","Export value","0115","Barley","2020","2020","","","",""
"TM","Detailed trade matrix","398","Kazakhstan","208","Denmark","5922","Export value","0115","Barley","2021","2021","","","",""
"TM","Detailed trade matrix","398","Kazakhstan","208","Denmark","5922","Export value","0115","Barley","2022","2022","","","",""
"TM","Detailed trade matrix","398","Kazakhstan","208","Denmark","5922","Export value","0115","Barley","2023","2023","","","",""
"TM","Detailed trade matrix","398","Kazakhstan","208","Denmark","5922","Export value","0115","Barley","2024","2024","","","",""
"TM","Detailed trade matrix","398","Kazakhstan","208","Denmark","5910","Export quantity","01704","Lentils, dry","2018","2018","","","",""
"TM","Detailed trade matrix","398","Kazakhstan","208","Denmark","5910","Export quantity","01704","Lentils, dry","2019","2019","","","",""
"TM","Detailed trade matrix","398","Kazakhstan","208","Denmark","5910","Export quantity","01704","Lentils, dry","2020","2020","","","",""
"TM","Detailed trade matrix","398","Kazakhstan","208","Denmark","5910","Export quantity","01704","Lentils, dry","2021","2021","","","",""
"TM","Detailed trade matrix","398","Kazakhstan","208","Denmark","5910","Export quantity","01704","Lentils, dry","2022","2022","","","",""
"TM","Detailed trade matrix","398","Kazakhstan","208","Denmark","5910","Export quantity","01704","Lentils, dry","2023","2023","","","",""
"TM","Detailed trade matrix","398","Kazakhstan","208","Denmark","5910","Export quantity","01704","Lentils, dry","2024","2024","","","",""
"TM","Detailed trade matrix","398","Kazakhstan","208","Denmark","5922","Export value","01704","Lentils, dry","2018","2018","","","",""
"TM","Detailed trade matrix","398","Kazakhstan","208","Denmark","5922","Export value","01704","Lentils, dry","2019","2019","","","",""
"TM","Detailed trade matrix","398","Kazakhstan","208","Denmark","5922","Export value","01704","Lentils, dry","2020","2020","","","",""
"TM","Detailed trade matrix","398","Kazakhstan","208","Denmark","5922","Export value","01704","Lentils, dry","2021","2021","","","",""
"TM","Detailed trade matrix","398","Kazakhstan","208","Denmark","5922","Export value","01704","Lentils, dry","2022","2022","","","",""
"TM","Detailed trade matrix","398","Kazakhstan","208","Denmark","5922","Export value","01704","Lentils, dry","2023","2023","","","",""
"TM","Detailed trade matrix","398","Kazakhstan","208","Denmark","5922","Export value","01704","Lentils, dry","2024","2024","","","",""
"TM","Detailed trade matrix","398","Kazakhstan","208","Denmark","5910","Export quantity","01441","Linseed","2018","2018","t","22","A","Official value"
"TM","Detailed trade matrix","398","Kazakhstan","208","Denmark","5910","Export quantity","01441","Linseed","2019","2019","","","",""
"TM","Detailed trade matrix","398","Kazakhstan","208","Denmark","5910","Export quantity","01441","Linseed","2020","2020","","","",""
"TM","Detailed trade matrix","398","Kazakhstan","208","Denmark","5910","Export quantity","01441","Linseed","2021","2021","","","",""
"TM","Detailed trade matrix","398","Kazakhstan","208","Denmark","5910","Export quantity","01441","Linseed","2022","2022","","","",""
"TM","Detailed trade matrix","398","Kazakhstan","208","Denmark","5910","Export quantity","01441","Linseed","2023","2023","","","",""
"TM","Detailed trade matrix","398","Kazakhstan","208","Denmark","5910","Export quantity","01441","Linseed","2024","2024","","","",""
"TM","Detailed trade matrix","398","Kazakhstan","208","Denmark","5922","Export value","01441","Linseed","2018","2018","1000 USD","6","A","Official value"
"TM","Detailed trade matrix","398","Kazakhstan","208","Denmark","5922","Export value","01441","Linseed","2019","2019","","","",""
"TM","Detailed trade matrix","398","Kazakhstan","208","Denmark","5922","Export value","01441","Linseed","2020","2020","","","",""
"TM","Detailed trade matrix","398","Kazakhstan","208","Denmark","5922","Export value","01441","Linseed","2021","2021","","","",""
"TM","Detailed trade matrix","398","Kazakhstan","208","Denmark","5922","Export value","01441","Linseed","2022","2022","","","",""
"TM","Detailed trade matrix","398","Kazakhstan","208","Denmark","5922","Export value","01441","Linseed","2023","2023","","","",""
"TM","Detailed trade matrix","398","Kazakhstan","208","Denmark","5922","Export value","01441","Linseed","2024","2024","","","",""
"TM","Detailed trade matrix","398","Kazakhstan","208","Denmark","5910","Export quantity","0112","Maize (corn)","2018","2018","","","",""
"TM","Detailed trade matrix","398","Kazakhstan","208","Denmark","5910","Export quantity","0112","Maize (corn)","2019","2019","","","",""
"TM","Detailed trade matrix","398","Kazakhstan","208","Denmark","5910","Export quantity","0112","Maize (corn)","2020","2020","","","",""
"TM","Detailed trade matrix","398","Kazakhstan","208","Denmark","5910","Export quantity","0112","Maize (corn)","2021","2021","","","",""
"TM","Detailed trade matrix","398","Kazakhstan","208","Denmark","5910","Export quantity","0112","Maize (corn)","2022","2022","","","",""
"TM","Detailed trade matrix","398","Kazakhstan","208","Denmark","5910","Export quantity","0112","Maize (corn)","2023","2023","","","",""
"TM","Detailed trade matrix","398","Kazakhstan","208","Denmark","5910","Export quantity","0112","Maize (corn)","2024","2024","","","",""
"TM","Detailed trade matrix","398","Kazakhstan","208","Denmark","5922","Export value","0112","Maize (corn)","2018","2018","","","",""
"TM","Detailed trade matrix","398","Kazakhstan","208","Denmark","5922","Export value","0112","Maize (corn)","2019","2019","","","",""
"TM","Detailed trade matrix","398","Kazakhstan","208","Denmark","5922","Export value","0112","Maize (corn)","2020","2020","","","",""
"TM","Detailed trade matrix","398","Kazakhstan","208","Denmark","5922","Export value","0112","Maize (corn)","2021","2021","","","",""
"TM","Detailed trade matrix","398","Kazakhstan","208","Denmark","5922","Export value","0112","Maize (corn)","2022","2022","","","",""
"TM","Detailed trade matrix","398","Kazakhstan","208","Denmark","5922","Export value","0112","Maize (corn)","2023","2023","","","",""
"TM","Detailed trade matrix","398","Kazakhstan","208","Denmark","5922","Export value","0112","Maize (corn)","2024","2024","","","",""
"TM","Detailed trade matrix","398","Kazakhstan","208","Denmark","5910","Export quantity","01705","Peas, dry","2018","2018","t","0","A","Official value"
"TM","Detailed trade matrix","398","Kazakhstan","208","Denmark","5910","Export quantity","01705","Peas, dry","2019","2019","","","",""
"TM","Detailed trade matrix","398","Kazakhstan","208","Denmark","5910","Export quantity","01705","Peas, dry","2020","2020","","","",""
"TM","Detailed trade matrix","398","Kazakhstan","208","Denmark","5910","Export quantity","01705","Peas, dry","2021","2021","","","",""
"TM","Detailed trade matrix","398","Kazakhstan","208","Denmark","5910","Export quantity","01705","Peas, dry","2022","2022","","","",""
"TM","Detailed trade matrix","398","Kazakhstan","208","Denmark","5910","Export quantity","01705","Peas, dry","2023","2023","","","",""
"TM","Detailed trade matrix","398","Kazakhstan","208","Denmark","5910","Export quantity","01705","Peas, dry","2024","2024","","","",""
"TM","Detailed trade matrix","398","Kazakhstan","208","Denmark","5922","Export value","01705","Peas, dry","2018","2018","1000 USD","0","A","Official value"
"TM","Detailed trade matrix","398","Kazakhstan","208","Denmark","5922","Export value","01705","Peas, dry","2019","2019","","","",""
"TM","Detailed trade matrix","398","Kazakhstan","208","Denmark","5922","Export value","01705","Peas, dry","2020","2020","","","",""
"TM","Detailed trade matrix","398","Kazakhstan","208","Denmark","5922","Export value","01705","Peas, dry","2021","2021","","","",""
"TM","Detailed trade matrix","398","Kazakhstan","208","Denmark","5922","Export value","01705","Peas, dry","2022","2022","","","",""
"TM","Detailed trade matrix","398","Kazakhstan","208","Denmark","5922","Export value","01705","Peas, dry","2023","2023","","","",""
"TM","Detailed trade matrix","398","Kazakhstan","208","Denmark","5922","Export value","01705","Peas, dry","2024","2024","","","",""
"TM","Detailed trade matrix","398","Kazakhstan","208","Denmark","5910","Export quantity","21641.01","Rapeseed or canola oil, crude","2018","2018","","","",""
"TM","Detailed trade matrix","398","Kazakhstan","208","Denmark","5910","Export quantity","21641.01","Rapeseed or canola oil, crude","2019","2019","","","",""
"TM","Detailed trade matrix","398","Kazakhstan","208","Denmark","5910","Export quantity","21641.01","Rapeseed or canola oil, crude","2020","2020","","","",""
"TM","Detailed trade matrix","398","Kazakhstan","208","Denmark","5910","Export quantity","21641.01","Rapeseed or canola oil, crude","2021","2021","","","",""
"TM","Detailed trade matrix","398","Kazakhstan","208","Denmark","5910","Export quantity","21641.01","Rapeseed or canola oil, crude","2022","2022","","","",""
"TM","Detailed trade matrix","398","Kazakhstan","208","Denmark","5910","Export quantity","21641.01","Rapeseed or canola oil, crude","2023","2023","","","",""
"TM","Detailed trade matrix","398","Kazakhstan","208","Denmark","5910","Export quantity","21641.01","Rapeseed or canola oil, crude","2024","2024","","","",""
"TM","Detailed trade matrix","398","Kazakhstan","208","Denmark","5922","Export value","21641.01","Rapeseed or canola oil, crude","2018","2018","","","",""
"TM","Detailed trade matrix","398","Kazakhstan","208","Denmark","5922","Export value","21641.01","Rapeseed or canola oil, crude","2019","2019","","","",""
"TM","Detailed trade matrix","398","Kazakhstan","208","Denmark","5922","Export value","21641.01","Rapeseed or canola oil, crude","2020","2020","","","",""
"TM","Detailed trade matrix","398","Kazakhstan","208","Denmark","5922","Export value","21641.01","Rapeseed or canola oil, crude","2021","2021","","","",""
"TM","Detailed trade matrix","398","Kazakhstan","208","Denmark","5922","Export value","21641.01","Rapeseed or canola oil, crude","2022","2022","","","",""
"TM","Detailed trade matrix","398","Kazakhstan","208","Denmark","5922","Export value","21641.01","Rapeseed or canola oil, crude","2023","2023","","","",""
"TM","Detailed trade matrix","398","Kazakhstan","208","Denmark","5922","Export value","21641.01","Rapeseed or canola oil, crude","2024","2024","","","",""
"TM","Detailed trade matrix","398","Kazakhstan","208","Denmark","5910","Export quantity","01445","Sunflower seed","2018","2018","","","",""
"TM","Detailed trade matrix","398","Kazakhstan","208","Denmark","5910","Export quantity","01445","Sunflower seed","2019","2019","","","",""
"TM","Detailed trade matrix","398","Kazakhstan","208","Denmark","5910","Export quantity","01445","Sunflower seed","2020","2020","","","",""
"TM","Detailed trade matrix","398","Kazakhstan","208","Denmark","5910","Export quantity","01445","Sunflower seed","2021","2021","","","",""
"TM","Detailed trade matrix","398","Kazakhstan","208","Denmark","5910","Export quantity","01445","Sunflower seed","2022","2022","","","",""
"TM","Detailed trade matrix","398","Kazakhstan","208","Denmark","5910","Export quantity","01445","Sunflower seed","2023","2023","","","",""
"TM","Detailed trade matrix","398","Kazakhstan","208","Denmark","5910","Export quantity","01445","Sunflower seed","2024","2024","","","",""
"TM","Detailed trade matrix","398","Kazakhstan","208","Denmark","5922","Export value","01445","Sunflower seed","2018","2018","","","",""
"TM","Detailed trade matrix","398","Kazakhstan","208","Denmark","5922","Export value","01445","Sunflower seed","2019","2019","","","",""
"TM","Detailed trade matrix","398","Kazakhstan","208","Denmark","5922","Export value","01445","Sunflower seed","2020","2020","","","",""
"TM","Detailed trade matrix","398","Kazakhstan","208","Denmark","5922","Export value","01445","Sunflower seed","2021","2021","","","",""
"TM","Detailed trade matrix","398","Kazakhstan","208","Denmark","5922","Export value","01445","Sunflower seed","2022","2022","","","",""
"TM","Detailed trade matrix","398","Kazakhstan","208","Denmark","5922","Export value","01445","Sunflower seed","2023","2023","","","",""
"TM","Detailed trade matrix","398","Kazakhstan","208","Denmark","5922","Export value","01445","Sunflower seed","2024","2024","","","",""
"TM","Detailed trade matrix","398","Kazakhstan","208","Denmark","5910","Export quantity","21631.01","Sunflower-seed oil, crude","2018","2018","","","",""
"TM","Detailed trade matrix","398","Kazakhstan","208","Denmark","5910","Export quantity","21631.01","Sunflower-seed oil, crude","2019","2019","","","",""
"TM","Detailed trade matrix","398","Kazakhstan","208","Denmark","5910","Export quantity","21631.01","Sunflower-seed oil, crude","2020","2020","","","",""
"TM","Detailed trade matrix","398","Kazakhstan","208","Denmark","5910","Export quantity","21631.01","Sunflower-seed oil, crude","2021","2021","","","",""
"TM","Detailed trade matrix","398","Kazakhstan","208","Denmark","5910","Export quantity","21631.01","Sunflower-seed oil, crude","2022","2022","","","",""
"TM","Detailed trade matrix","398","Kazakhstan","208","Denmark","5910","Export quantity","21631.01","Sunflower-seed oil, crude","2023","2023","","","",""
"TM","Detailed trade matrix","398","Kazakhstan","208","Denmark","5910","Export quantity","21631.01","Sunflower-seed oil, crude","2024","2024","","","",""
"TM","Detailed trade matrix","398","Kazakhstan","208","Denmark","5922","Export value","21631.01","Sunflower-seed oil, crude","2018","2018","","","",""
"TM","Detailed trade matrix","398","Kazakhstan","208","Denmark","5922","Export value","21631.01","Sunflower-seed oil, crude","2019","2019","","","",""
"TM","Detailed trade matrix","398","Kazakhstan","208","Denmark","5922","Export value","21631.01","Sunflower-seed oil, crude","2020","2020","","","",""
"TM","Detailed trade matrix","398","Kazakhstan","208","Denmark","5922","Export value","21631.01","Sunflower-seed oil, crude","2021","2021","","","",""
"TM","Detailed trade matrix","398","Kazakhstan","208","Denmark","5922","Export value","21631.01","Sunflower-seed oil, crude","2022","2022","","","",""
"TM","Detailed trade matrix","398","Kazakhstan","208","Denmark","5922","Export value","21631.01","Sunflower-seed oil, crude","2023","2023","","","",""
"TM","Detailed trade matrix","398","Kazakhstan","208","Denmark","5922","Export value","21631.01","Sunflower-seed oil, crude","2024","2024","","","",""
"TM","Detailed trade matrix","398","Kazakhstan","208","Denmark","5910","Export quantity","0111","Wheat","2018","2018","","","",""
"TM","Detailed trade matrix","398","Kazakhstan","208","Denmark","5910","Export quantity","0111","Wheat","2019","2019","","","",""
"TM","Detailed trade matrix","398","Kazakhstan","208","Denmark","5910","Export quantity","0111","Wheat","2020","2020","","","",""
"TM","Detailed trade matrix","398","Kazakhstan","208","Denmark","5910","Export quantity","0111","Wheat","2021","2021","","","",""
"TM","Detailed trade matrix","398","Kazakhstan","208","Denmark","5910","Export quantity","0111","Wheat","2022","2022","","","",""
"TM","Detailed trade matrix","398","Kazakhstan","208","Denmark","5910","Export quantity","0111","Wheat","2023","2023","t","5700","A","Official value"
"TM","Detailed trade matrix","398","Kazakhstan","208","Denmark","5910","Export quantity","0111","Wheat","2024","2024","","","",""
"TM","Detailed trade matrix","398","Kazakhstan","208","Denmark","5922","Export value","0111","Wheat","2018","2018","","","",""
"TM","Detailed trade matrix","398","Kazakhstan","208","Denmark","5922","Export value","0111","Wheat","2019","2019","","","",""
"TM","Detailed trade matrix","398","Kazakhstan","208","Denmark","5922","Export value","0111","Wheat","2020","2020","","","",""
"TM","Detailed trade matrix","398","Kazakhstan","208","Denmark","5922","Export value","0111","Wheat","2021","2021","","","",""
"TM","Detailed trade matrix","398","Kazakhstan","208","Denmark","5922","Export value","0111","Wheat","2022","2022","","","",""
"TM","Detailed trade matrix","398","Kazakhstan","208","Denmark","5922","Export value","0111","Wheat","2023","2023","1000 USD","2062","A","Official value"
"TM","Detailed trade matrix","398","Kazakhstan","208","Denmark","5922","Export value","0111","Wheat","2024","2024","","","",""
"TM","Detailed trade matrix","398","Kazakhstan","233","Estonia","5910","Export quantity","0115","Barley","2018","2018","","","",""
"TM","Detailed trade matrix","398","Kazakhstan","233","Estonia","5910","Export quantity","0115","Barley","2019","2019","","","",""
"TM","Detailed trade matrix","398","Kazakhstan","233","Estonia","5910","Export quantity","0115","Barley","2020","2020","","","",""
"TM","Detailed trade matrix","398","Kazakhstan","233","Estonia","5910","Export quantity","0115","Barley","2021","2021","","","",""
"TM","Detailed trade matrix","398","Kazakhstan","233","Estonia","5910","Export quantity","0115","Barley","2022","2022","","","",""
"TM","Detailed trade matrix","398","Kazakhstan","233","Estonia","5910","Export quantity","0115","Barley","2023","2023","","","",""
"TM","Detailed trade matrix","398","Kazakhstan","233","Estonia","5910","Export quantity","0115","Barley","2024","2024","","","",""
"TM","Detailed trade matrix","398","Kazakhstan","233","Estonia","5922","Export value","0115","Barley","2018","2018","","","",""
"TM","Detailed trade matrix","398","Kazakhstan","233","Estonia","5922","Export value","0115","Barley","2019","2019","","","",""
"TM","Detailed trade matrix","398","Kazakhstan","233","Estonia","5922","Export value","0115","Barley","2020","2020","","","",""
"TM","Detailed trade matrix","398","Kazakhstan","233","Estonia","5922","Export value","0115","Barley","2021","2021","","","",""
"TM","Detailed trade matrix","398","Kazakhstan","233","Estonia","5922","Export value","0115","Barley","2022","2022","","","",""
"TM","Detailed trade matrix","398","Kazakhstan","233","Estonia","5922","Export value","0115","Barley","2023","2023","","","",""
"TM","Detailed trade matrix","398","Kazakhstan","233","Estonia","5922","Export value","0115","Barley","2024","2024","","","",""
"TM","Detailed trade matrix","398","Kazakhstan","233","Estonia","5910","Export quantity","01704","Lentils, dry","2018","2018","","","",""
"TM","Detailed trade matrix","398","Kazakhstan","233","Estonia","5910","Export quantity","01704","Lentils, dry","2019","2019","","","",""
"TM","Detailed trade matrix","398","Kazakhstan","233","Estonia","5910","Export quantity","01704","Lentils, dry","2020","2020","t","67.2","A","Official value"
"TM","Detailed trade matrix","398","Kazakhstan","233","Estonia","5910","Export quantity","01704","Lentils, dry","2021","2021","","","",""
"TM","Detailed trade matrix","398","Kazakhstan","233","Estonia","5910","Export quantity","01704","Lentils, dry","2022","2022","","","",""
"TM","Detailed trade matrix","398","Kazakhstan","233","Estonia","5910","Export quantity","01704","Lentils, dry","2023","2023","","","",""
"TM","Detailed trade matrix","398","Kazakhstan","233","Estonia","5910","Export quantity","01704","Lentils, dry","2024","2024","","","",""
"TM","Detailed trade matrix","398","Kazakhstan","233","Estonia","5922","Export value","01704","Lentils, dry","2018","2018","","","",""
"TM","Detailed trade matrix","398","Kazakhstan","233","Estonia","5922","Export value","01704","Lentils, dry","2019","2019","","","",""
"TM","Detailed trade matrix","398","Kazakhstan","233","Estonia","5922","Export value","01704","Lentils, dry","2020","2020","1000 USD","20","A","Official value"
"TM","Detailed trade matrix","398","Kazakhstan","233","Estonia","5922","Export value","01704","Lentils, dry","2021","2021","","","",""
"TM","Detailed trade matrix","398","Kazakhstan","233","Estonia","5922","Export value","01704","Lentils, dry","2022","2022","","","",""
"TM","Detailed trade matrix","398","Kazakhstan","233","Estonia","5922","Export value","01704","Lentils, dry","2023","2023","","","",""
"TM","Detailed trade matrix","398","Kazakhstan","233","Estonia","5922","Export value","01704","Lentils, dry","2024","2024","","","",""
"TM","Detailed trade matrix","398","Kazakhstan","233","Estonia","5910","Export quantity","01441","Linseed","2018","2018","","","",""
"TM","Detailed trade matrix","398","Kazakhstan","233","Estonia","5910","Export quantity","01441","Linseed","2019","2019","t","812.1","A","Official value"
"TM","Detailed trade matrix","398","Kazakhstan","233","Estonia","5910","Export quantity","01441","Linseed","2020","2020","t","543","A","Official value"
"TM","Detailed trade matrix","398","Kazakhstan","233","Estonia","5910","Export quantity","01441","Linseed","2021","2021","t","662.45","A","Official value"
"TM","Detailed trade matrix","398","Kazakhstan","233","Estonia","5910","Export quantity","01441","Linseed","2022","2022","t","336","A","Official value"
"TM","Detailed trade matrix","398","Kazakhstan","233","Estonia","5910","Export quantity","01441","Linseed","2023","2023","","","",""
"TM","Detailed trade matrix","398","Kazakhstan","233","Estonia","5910","Export quantity","01441","Linseed","2024","2024","","","",""
"TM","Detailed trade matrix","398","Kazakhstan","233","Estonia","5922","Export value","01441","Linseed","2018","2018","","","",""
"TM","Detailed trade matrix","398","Kazakhstan","233","Estonia","5922","Export value","01441","Linseed","2019","2019","1000 USD","239","A","Official value"
"TM","Detailed trade matrix","398","Kazakhstan","233","Estonia","5922","Export value","01441","Linseed","2020","2020","1000 USD","233","A","Official value"
"TM","Detailed trade matrix","398","Kazakhstan","233","Estonia","5922","Export value","01441","Linseed","2021","2021","1000 USD","446","A","Official value"
"TM","Detailed trade matrix","398","Kazakhstan","233","Estonia","5922","Export value","01441","Linseed","2022","2022","1000 USD","230","A","Official value"
"TM","Detailed trade matrix","398","Kazakhstan","233","Estonia","5922","Export value","01441","Linseed","2023","2023","","","",""
"TM","Detailed trade matrix","398","Kazakhstan","233","Estonia","5922","Export value","01441","Linseed","2024","2024","","","",""
"TM","Detailed trade matrix","398","Kazakhstan","233","Estonia","5910","Export quantity","0112","Maize (corn)","2018","2018","","","",""
"TM","Detailed trade matrix","398","Kazakhstan","233","Estonia","5910","Export quantity","0112","Maize (corn)","2019","2019","","","",""
"TM","Detailed trade matrix","398","Kazakhstan","233","Estonia","5910","Export quantity","0112","Maize (corn)","2020","2020","","","",""
"TM","Detailed trade matrix","398","Kazakhstan","233","Estonia","5910","Export quantity","0112","Maize (corn)","2021","2021","","","",""
"TM","Detailed trade matrix","398","Kazakhstan","233","Estonia","5910","Export quantity","0112","Maize (corn)","2022","2022","","","",""
"TM","Detailed trade matrix","398","Kazakhstan","233","Estonia","5910","Export quantity","0112","Maize (corn)","2023","2023","","","",""
"TM","Detailed trade matrix","398","Kazakhstan","233","Estonia","5910","Export quantity","0112","Maize (corn)","2024","2024","","","",""
"TM","Detailed trade matrix","398","Kazakhstan","233","Estonia","5922","Export value","0112","Maize (corn)","2018","2018","","","",""
"TM","Detailed trade matrix","398","Kazakhstan","233","Estonia","5922","Export value","0112","Maize (corn)","2019","2019","","","",""
"TM","Detailed trade matrix","398","Kazakhstan","233","Estonia","5922","Export value","0112","Maize (corn)","2020","2020","","","",""
"TM","Detailed trade matrix","398","Kazakhstan","233","Estonia","5922","Export value","0112","Maize (corn)","2021","2021","","","",""
"TM","Detailed trade matrix","398","Kazakhstan","233","Estonia","5922","Export value","0112","Maize (corn)","2022","2022","","","",""
"TM","Detailed trade matrix","398","Kazakhstan","233","Estonia","5922","Export value","0112","Maize (corn)","2023","2023","","","",""
"TM","Detailed trade matrix","398","Kazakhstan","233","Estonia","5922","Export value","0112","Maize (corn)","2024","2024","","","",""
"TM","Detailed trade matrix","398","Kazakhstan","233","Estonia","5910","Export quantity","01705","Peas, dry","2018","2018","","","",""
"TM","Detailed trade matrix","398","Kazakhstan","233","Estonia","5910","Export quantity","01705","Peas, dry","2019","2019","","","",""
"TM","Detailed trade matrix","398","Kazakhstan","233","Estonia","5910","Export quantity","01705","Peas, dry","2020","2020","","","",""
"TM","Detailed trade matrix","398","Kazakhstan","233","Estonia","5910","Export quantity","01705","Peas, dry","2021","2021","","","",""
"TM","Detailed trade matrix","398","Kazakhstan","233","Estonia","5910","Export quantity","01705","Peas, dry","2022","2022","","","",""
"TM","Detailed trade matrix","398","Kazakhstan","233","Estonia","5910","Export quantity","01705","Peas, dry","2023","2023","","","",""
"TM","Detailed trade matrix","398","Kazakhstan","233","Estonia","5910","Export quantity","01705","Peas, dry","2024","2024","","","",""
"TM","Detailed trade matrix","398","Kazakhstan","233","Estonia","5922","Export value","01705","Peas, dry","2018","2018","","","",""
"TM","Detailed trade matrix","398","Kazakhstan","233","Estonia","5922","Export value","01705","Peas, dry","2019","2019","","","",""
"TM","Detailed trade matrix","398","Kazakhstan","233","Estonia","5922","Export value","01705","Peas, dry","2020","2020","","","",""
"TM","Detailed trade matrix","398","Kazakhstan","233","Estonia","5922","Export value","01705","Peas, dry","2021","2021","","","",""
"TM","Detailed trade matrix","398","Kazakhstan","233","Estonia","5922","Export value","01705","Peas, dry","2022","2022","","","",""
"TM","Detailed trade matrix","398","Kazakhstan","233","Estonia","5922","Export value","01705","Peas, dry","2023","2023","","","",""
"TM","Detailed trade matrix","398","Kazakhstan","233","Estonia","5922","Export value","01705","Peas, dry","2024","2024","","","",""
"TM","Detailed trade matrix","398","Kazakhstan","233","Estonia","5910","Export quantity","21641.01","Rapeseed or canola oil, crude","2018","2018","","","",""
"TM","Detailed trade matrix","398","Kazakhstan","233","Estonia","5910","Export quantity","21641.01","Rapeseed or canola oil, crude","2019","2019","","","",""
"TM","Detailed trade matrix","398","Kazakhstan","233","Estonia","5910","Export quantity","21641.01","Rapeseed or canola oil, crude","2020","2020","","","",""
"TM","Detailed trade matrix","398","Kazakhstan","233","Estonia","5910","Export quantity","21641.01","Rapeseed or canola oil, crude","2021","2021","","","",""
"TM","Detailed trade matrix","398","Kazakhstan","233","Estonia","5910","Export quantity","21641.01","Rapeseed or canola oil, crude","2022","2022","","","",""
"TM","Detailed trade matrix","398","Kazakhstan","233","Estonia","5910","Export quantity","21641.01","Rapeseed or canola oil, crude","2023","2023","","","",""
"TM","Detailed trade matrix","398","Kazakhstan","233","Estonia","5910","Export quantity","21641.01","Rapeseed or canola oil, crude","2024","2024","","","",""
"TM","Detailed trade matrix","398","Kazakhstan","233","Estonia","5922","Export value","21641.01","Rapeseed or canola oil, crude","2018","2018","","","",""
"TM","Detailed trade matrix","398","Kazakhstan","233","Estonia","5922","Export value","21641.01","Rapeseed or canola oil, crude","2019","2019","","","",""
"TM","Detailed trade matrix","398","Kazakhstan","233","Estonia","5922","Export value","21641.01","Rapeseed or canola oil, crude","2020","2020","","","",""
"TM","Detailed trade matrix","398","Kazakhstan","233","Estonia","5922","Export value","21641.01","Rapeseed or canola oil, crude","2021","2021","","","",""
"TM","Detailed trade matrix","398","Kazakhstan","233","Estonia","5922","Export value","21641.01","Rapeseed or canola oil, crude","2022","2022","","","",""
"TM","Detailed trade matrix","398","Kazakhstan","233","Estonia","5922","Export value","21641.01","Rapeseed or canola oil, crude","2023","2023","","","",""
"TM","Detailed trade matrix","398","Kazakhstan","233","Estonia","5922","Export value","21641.01","Rapeseed or canola oil, crude","2024","2024","","","",""
"TM","Detailed trade matrix","398","Kazakhstan","233","Estonia","5910","Export quantity","01445","Sunflower seed","2018","2018","","","",""
"TM","Detailed trade matrix","398","Kazakhstan","233","Estonia","5910","Export quantity","01445","Sunflower seed","2019","2019","","","",""
"TM","Detailed trade matrix","398","Kazakhstan","233","Estonia","5910","Export quantity","01445","Sunflower seed","2020","2020","","","",""
"TM","Detailed trade matrix","398","Kazakhstan","233","Estonia","5910","Export quantity","01445","Sunflower seed","2021","2021","","","",""
"TM","Detailed trade matrix","398","Kazakhstan","233","Estonia","5910","Export quantity","01445","Sunflower seed","2022","2022","","","",""
"TM","Detailed trade matrix","398","Kazakhstan","233","Estonia","5910","Export quantity","01445","Sunflower seed","2023","2023","","","",""
"TM","Detailed trade matrix","398","Kazakhstan","233","Estonia","5910","Export quantity","01445","Sunflower seed","2024","2024","","","",""
"TM","Detailed trade matrix","398","Kazakhstan","233","Estonia","5922","Export value","01445","Sunflower seed","2018","2018","","","",""
"TM","Detailed trade matrix","398","Kazakhstan","233","Estonia","5922","Export value","01445","Sunflower seed","2019","2019","","","",""
"TM","Detailed trade matrix","398","Kazakhstan","233","Estonia","5922","Export value","01445","Sunflower seed","2020","2020","","","",""
"TM","Detailed trade matrix","398","Kazakhstan","233","Estonia","5922","Export value","01445","Sunflower seed","2021","2021","","","",""
"TM","Detailed trade matrix","398","Kazakhstan","233","Estonia","5922","Export value","01445","Sunflower seed","2022","2022","","","",""
"TM","Detailed trade matrix","398","Kazakhstan","233","Estonia","5922","Export value","01445","Sunflower seed","2023","2023","","","",""
"TM","Detailed trade matrix","398","Kazakhstan","233","Estonia","5922","Export value","01445","Sunflower seed","2024","2024","","","",""
"TM","Detailed trade matrix","398","Kazakhstan","233","Estonia","5910","Export quantity","21631.01","Sunflower-seed oil, crude","2018","2018","","","",""
"TM","Detailed trade matrix","398","Kazakhstan","233","Estonia","5910","Export quantity","21631.01","Sunflower-seed oil, crude","2019","2019","","","",""
"TM","Detailed trade matrix","398","Kazakhstan","233","Estonia","5910","Export quantity","21631.01","Sunflower-seed oil, crude","2020","2020","","","",""
"TM","Detailed trade matrix","398","Kazakhstan","233","Estonia","5910","Export quantity","21631.01","Sunflower-seed oil, crude","2021","2021","","","",""
"TM","Detailed trade matrix","398","Kazakhstan","233","Estonia","5910","Export quantity","21631.01","Sunflower-seed oil, crude","2022","2022","","","",""
"TM","Detailed trade matrix","398","Kazakhstan","233","Estonia","5910","Export quantity","21631.01","Sunflower-seed oil, crude","2023","2023","","","",""
"TM","Detailed trade matrix","398","Kazakhstan","233","Estonia","5910","Export quantity","21631.01","Sunflower-seed oil, crude","2024","2024","","","",""
"TM","Detailed trade matrix","398","Kazakhstan","233","Estonia","5922","Export value","21631.01","Sunflower-seed oil, crude","2018","2018","","","",""
"TM","Detailed trade matrix","398","Kazakhstan","233","Estonia","5922","Export value","21631.01","Sunflower-seed oil, crude","2019","2019","","","",""
"TM","Detailed trade matrix","398","Kazakhstan","233","Estonia","5922","Export value","21631.01","Sunflower-seed oil, crude","2020","2020","","","",""
"TM","Detailed trade matrix","398","Kazakhstan","233","Estonia","5922","Export value","21631.01","Sunflower-seed oil, crude","2021","2021","","","",""
"TM","Detailed trade matrix","398","Kazakhstan","233","Estonia","5922","Export value","21631.01","Sunflower-seed oil, crude","2022","2022","","","",""
"TM","Detailed trade matrix","398","Kazakhstan","233","Estonia","5922","Export value","21631.01","Sunflower-seed oil, crude","2023","2023","","","",""
"TM","Detailed trade matrix","398","Kazakhstan","233","Estonia","5922","Export value","21631.01","Sunflower-seed oil, crude","2024","2024","","","",""
"TM","Detailed trade matrix","398","Kazakhstan","233","Estonia","5910","Export quantity","0111","Wheat","2018","2018","","","",""
"TM","Detailed trade matrix","398","Kazakhstan","233","Estonia","5910","Export quantity","0111","Wheat","2019","2019","","","",""
"TM","Detailed trade matrix","398","Kazakhstan","233","Estonia","5910","Export quantity","0111","Wheat","2020","2020","","","",""
"TM","Detailed trade matrix","398","Kazakhstan","233","Estonia","5910","Export quantity","0111","Wheat","2021","2021","","","",""
"TM","Detailed trade matrix","398","Kazakhstan","233","Estonia","5910","Export quantity","0111","Wheat","2022","2022","","","",""
"TM","Detailed trade matrix","398","Kazakhstan","233","Estonia","5910","Export quantity","0111","Wheat","2023","2023","","","",""
"TM","Detailed trade matrix","398","Kazakhstan","233","Estonia","5910","Export quantity","0111","Wheat","2024","2024","","","",""
"TM","Detailed trade matrix","398","Kazakhstan","233","Estonia","5922","Export value","0111","Wheat","2018","2018","","","",""
"TM","Detailed trade matrix","398","Kazakhstan","233","Estonia","5922","Export value","0111","Wheat","2019","2019","","","",""
"TM","Detailed trade matrix","398","Kazakhstan","233","Estonia","5922","Export value","0111","Wheat","2020","2020","","","",""
"TM","Detailed trade matrix","398","Kazakhstan","233","Estonia","5922","Export value","0111","Wheat","2021","2021","","","",""
"TM","Detailed trade matrix","398","Kazakhstan","233","Estonia","5922","Export value","0111","Wheat","2022","2022","","","",""
"TM","Detailed trade matrix","398","Kazakhstan","233","Estonia","5922","Export value","0111","Wheat","2023","2023","","","",""
"TM","Detailed trade matrix","398","Kazakhstan","233","Estonia","5922","Export value","0111","Wheat","2024","2024","","","",""
"TM","Detailed trade matrix","398","Kazakhstan","246","Finland","5910","Export quantity","0115","Barley","2018","2018","","","",""
"TM","Detailed trade matrix","398","Kazakhstan","246","Finland","5910","Export quantity","0115","Barley","2019","2019","","","",""
"TM","Detailed trade matrix","398","Kazakhstan","246","Finland","5910","Export quantity","0115","Barley","2020","2020","","","",""
"TM","Detailed trade matrix","398","Kazakhstan","246","Finland","5910","Export quantity","0115","Barley","2021","2021","","","",""
"TM","Detailed trade matrix","398","Kazakhstan","246","Finland","5910","Export quantity","0115","Barley","2022","2022","","","",""
"TM","Detailed trade matrix","398","Kazakhstan","246","Finland","5910","Export quantity","0115","Barley","2023","2023","","","",""
"TM","Detailed trade matrix","398","Kazakhstan","246","Finland","5910","Export quantity","0115","Barley","2024","2024","","","",""
"TM","Detailed trade matrix","398","Kazakhstan","246","Finland","5922","Export value","0115","Barley","2018","2018","","","",""
"TM","Detailed trade matrix","398","Kazakhstan","246","Finland","5922","Export value","0115","Barley","2019","2019","","","",""
"TM","Detailed trade matrix","398","Kazakhstan","246","Finland","5922","Export value","0115","Barley","2020","2020","","","",""
"TM","Detailed trade matrix","398","Kazakhstan","246","Finland","5922","Export value","0115","Barley","2021","2021","","","",""
"TM","Detailed trade matrix","398","Kazakhstan","246","Finland","5922","Export value","0115","Barley","2022","2022","","","",""
"TM","Detailed trade matrix","398","Kazakhstan","246","Finland","5922","Export value","0115","Barley","2023","2023","","","",""
"TM","Detailed trade matrix","398","Kazakhstan","246","Finland","5922","Export value","0115","Barley","2024","2024","","","",""
"TM","Detailed trade matrix","398","Kazakhstan","246","Finland","5910","Export quantity","01704","Lentils, dry","2018","2018","","","",""
"TM","Detailed trade matrix","398","Kazakhstan","246","Finland","5910","Export quantity","01704","Lentils, dry","2019","2019","","","",""
"TM","Detailed trade matrix","398","Kazakhstan","246","Finland","5910","Export quantity","01704","Lentils, dry","2020","2020","","","",""
"TM","Detailed trade matrix","398","Kazakhstan","246","Finland","5910","Export quantity","01704","Lentils, dry","2021","2021","","","",""
"TM","Detailed trade matrix","398","Kazakhstan","246","Finland","5910","Export quantity","01704","Lentils, dry","2022","2022","","","",""
"TM","Detailed trade matrix","398","Kazakhstan","246","Finland","5910","Export quantity","01704","Lentils, dry","2023","2023","","","",""
"TM","Detailed trade matrix","398","Kazakhstan","246","Finland","5910","Export quantity","01704","Lentils, dry","2024","2024","","","",""
"TM","Detailed trade matrix","398","Kazakhstan","246","Finland","5922","Export value","01704","Lentils, dry","2018","2018","","","",""
"TM","Detailed trade matrix","398","Kazakhstan","246","Finland","5922","Export value","01704","Lentils, dry","2019","2019","","","",""
"TM","Detailed trade matrix","398","Kazakhstan","246","Finland","5922","Export value","01704","Lentils, dry","2020","2020","","","",""
"TM","Detailed trade matrix","398","Kazakhstan","246","Finland","5922","Export value","01704","Lentils, dry","2021","2021","","","",""
"TM","Detailed trade matrix","398","Kazakhstan","246","Finland","5922","Export value","01704","Lentils, dry","2022","2022","","","",""
"TM","Detailed trade matrix","398","Kazakhstan","246","Finland","5922","Export value","01704","Lentils, dry","2023","2023","","","",""
"TM","Detailed trade matrix","398","Kazakhstan","246","Finland","5922","Export value","01704","Lentils, dry","2024","2024","","","",""
"TM","Detailed trade matrix","398","Kazakhstan","246","Finland","5910","Export quantity","01441","Linseed","2018","2018","","","",""
"TM","Detailed trade matrix","398","Kazakhstan","246","Finland","5910","Export quantity","01441","Linseed","2019","2019","t","220","A","Official value"
"TM","Detailed trade matrix","398","Kazakhstan","246","Finland","5910","Export quantity","01441","Linseed","2020","2020","","","",""
"TM","Detailed trade matrix","398","Kazakhstan","246","Finland","5910","Export quantity","01441","Linseed","2021","2021","","","",""
"TM","Detailed trade matrix","398","Kazakhstan","246","Finland","5910","Export quantity","01441","Linseed","2022","2022","","","",""
"TM","Detailed trade matrix","398","Kazakhstan","246","Finland","5910","Export quantity","01441","Linseed","2023","2023","","","",""
"TM","Detailed trade matrix","398","Kazakhstan","246","Finland","5910","Export quantity","01441","Linseed","2024","2024","","","",""
"TM","Detailed trade matrix","398","Kazakhstan","246","Finland","5922","Export value","01441","Linseed","2018","2018","","","",""
"TM","Detailed trade matrix","398","Kazakhstan","246","Finland","5922","Export value","01441","Linseed","2019","2019","1000 USD","76","A","Official value"
"TM","Detailed trade matrix","398","Kazakhstan","246","Finland","5922","Export value","01441","Linseed","2020","2020","","","",""
"TM","Detailed trade matrix","398","Kazakhstan","246","Finland","5922","Export value","01441","Linseed","2021","2021","","","",""
"TM","Detailed trade matrix","398","Kazakhstan","246","Finland","5922","Export value","01441","Linseed","2022","2022","","","",""
"TM","Detailed trade matrix","398","Kazakhstan","246","Finland","5922","Export value","01441","Linseed","2023","2023","","","",""
"TM","Detailed trade matrix","398","Kazakhstan","246","Finland","5922","Export value","01441","Linseed","2024","2024","","","",""
"TM","Detailed trade matrix","398","Kazakhstan","246","Finland","5910","Export quantity","0112","Maize (corn)","2018","2018","","","",""
"TM","Detailed trade matrix","398","Kazakhstan","246","Finland","5910","Export quantity","0112","Maize (corn)","2019","2019","","","",""
"TM","Detailed trade matrix","398","Kazakhstan","246","Finland","5910","Export quantity","0112","Maize (corn)","2020","2020","","","",""
"TM","Detailed trade matrix","398","Kazakhstan","246","Finland","5910","Export quantity","0112","Maize (corn)","2021","2021","","","",""
"TM","Detailed trade matrix","398","Kazakhstan","246","Finland","5910","Export quantity","0112","Maize (corn)","2022","2022","","","",""
"TM","Detailed trade matrix","398","Kazakhstan","246","Finland","5910","Export quantity","0112","Maize (corn)","2023","2023","","","",""
"TM","Detailed trade matrix","398","Kazakhstan","246","Finland","5910","Export quantity","0112","Maize (corn)","2024","2024","","","",""
"TM","Detailed trade matrix","398","Kazakhstan","246","Finland","5922","Export value","0112","Maize (corn)","2018","2018","","","",""
"TM","Detailed trade matrix","398","Kazakhstan","246","Finland","5922","Export value","0112","Maize (corn)","2019","2019","","","",""
"TM","Detailed trade matrix","398","Kazakhstan","246","Finland","5922","Export value","0112","Maize (corn)","2020","2020","","","",""
"TM","Detailed trade matrix","398","Kazakhstan","246","Finland","5922","Export value","0112","Maize (corn)","2021","2021","","","",""
"TM","Detailed trade matrix","398","Kazakhstan","246","Finland","5922","Export value","0112","Maize (corn)","2022","2022","","","",""
"TM","Detailed trade matrix","398","Kazakhstan","246","Finland","5922","Export value","0112","Maize (corn)","2023","2023","","","",""
"TM","Detailed trade matrix","398","Kazakhstan","246","Finland","5922","Export value","0112","Maize (corn)","2024","2024","","","",""
"TM","Detailed trade matrix","398","Kazakhstan","246","Finland","5910","Export quantity","01705","Peas, dry","2018","2018","","","",""
"TM","Detailed trade matrix","398","Kazakhstan","246","Finland","5910","Export quantity","01705","Peas, dry","2019","2019","","","",""
"TM","Detailed trade matrix","398","Kazakhstan","246","Finland","5910","Export quantity","01705","Peas, dry","2020","2020","","","",""
"TM","Detailed trade matrix","398","Kazakhstan","246","Finland","5910","Export quantity","01705","Peas, dry","2021","2021","","","",""
"TM","Detailed trade matrix","398","Kazakhstan","246","Finland","5910","Export quantity","01705","Peas, dry","2022","2022","","","",""
"TM","Detailed trade matrix","398","Kazakhstan","246","Finland","5910","Export quantity","01705","Peas, dry","2023","2023","","","",""
"TM","Detailed trade matrix","398","Kazakhstan","246","Finland","5910","Export quantity","01705","Peas, dry","2024","2024","","","",""
"TM","Detailed trade matrix","398","Kazakhstan","246","Finland","5922","Export value","01705","Peas, dry","2018","2018","","","",""
"TM","Detailed trade matrix","398","Kazakhstan","246","Finland","5922","Export value","01705","Peas, dry","2019","2019","","","",""
"TM","Detailed trade matrix","398","Kazakhstan","246","Finland","5922","Export value","01705","Peas, dry","2020","2020","","","",""
"TM","Detailed trade matrix","398","Kazakhstan","246","Finland","5922","Export value","01705","Peas, dry","2021","2021","","","",""
"TM","Detailed trade matrix","398","Kazakhstan","246","Finland","5922","Export value","01705","Peas, dry","2022","2022","","","",""
"TM","Detailed trade matrix","398","Kazakhstan","246","Finland","5922","Export value","01705","Peas, dry","2023","2023","","","",""
"TM","Detailed trade matrix","398","Kazakhstan","246","Finland","5922","Export value","01705","Peas, dry","2024","2024","","","",""
"TM","Detailed trade matrix","398","Kazakhstan","246","Finland","5910","Export quantity","21641.01","Rapeseed or canola oil, crude","2018","2018","","","",""
"TM","Detailed trade matrix","398","Kazakhstan","246","Finland","5910","Export quantity","21641.01","Rapeseed or canola oil, crude","2019","2019","","","",""
"TM","Detailed trade matrix","398","Kazakhstan","246","Finland","5910","Export quantity","21641.01","Rapeseed or canola oil, crude","2020","2020","","","",""
"TM","Detailed trade matrix","398","Kazakhstan","246","Finland","5910","Export quantity","21641.01","Rapeseed or canola oil, crude","2021","2021","","","",""
"TM","Detailed trade matrix","398","Kazakhstan","246","Finland","5910","Export quantity","21641.01","Rapeseed or canola oil, crude","2022","2022","","","",""
"TM","Detailed trade matrix","398","Kazakhstan","246","Finland","5910","Export quantity","21641.01","Rapeseed or canola oil, crude","2023","2023","","","",""
"TM","Detailed trade matrix","398","Kazakhstan","246","Finland","5910","Export quantity","21641.01","Rapeseed or canola oil, crude","2024","2024","","","",""
"TM","Detailed trade matrix","398","Kazakhstan","246","Finland","5922","Export value","21641.01","Rapeseed or canola oil, crude","2018","2018","","","",""
"TM","Detailed trade matrix","398","Kazakhstan","246","Finland","5922","Export value","21641.01","Rapeseed or canola oil, crude","2019","2019","","","",""
"TM","Detailed trade matrix","398","Kazakhstan","246","Finland","5922","Export value","21641.01","Rapeseed or canola oil, crude","2020","2020","","","",""
"TM","Detailed trade matrix","398","Kazakhstan","246","Finland","5922","Export value","21641.01","Rapeseed or canola oil, crude","2021","2021","","","",""
"TM","Detailed trade matrix","398","Kazakhstan","246","Finland","5922","Export value","21641.01","Rapeseed or canola oil, crude","2022","2022","","","",""
"TM","Detailed trade matrix","398","Kazakhstan","246","Finland","5922","Export value","21641.01","Rapeseed or canola oil, crude","2023","2023","","","",""
"TM","Detailed trade matrix","398","Kazakhstan","246","Finland","5922","Export value","21641.01","Rapeseed or canola oil, crude","2024","2024","","","",""
"TM","Detailed trade matrix","398","Kazakhstan","246","Finland","5910","Export quantity","01445","Sunflower seed","2018","2018","","","",""
"TM","Detailed trade matrix","398","Kazakhstan","246","Finland","5910","Export quantity","01445","Sunflower seed","2019","2019","","","",""
"TM","Detailed trade matrix","398","Kazakhstan","246","Finland","5910","Export quantity","01445","Sunflower seed","2020","2020","","","",""
"TM","Detailed trade matrix","398","Kazakhstan","246","Finland","5910","Export quantity","01445","Sunflower seed","2021","2021","","","",""
"TM","Detailed trade matrix","398","Kazakhstan","246","Finland","5910","Export quantity","01445","Sunflower seed","2022","2022","","","",""
"TM","Detailed trade matrix","398","Kazakhstan","246","Finland","5910","Export quantity","01445","Sunflower seed","2023","2023","","","",""
"TM","Detailed trade matrix","398","Kazakhstan","246","Finland","5910","Export quantity","01445","Sunflower seed","2024","2024","","","",""
"TM","Detailed trade matrix","398","Kazakhstan","246","Finland","5922","Export value","01445","Sunflower seed","2018","2018","","","",""
"TM","Detailed trade matrix","398","Kazakhstan","246","Finland","5922","Export value","01445","Sunflower seed","2019","2019","","","",""
"TM","Detailed trade matrix","398","Kazakhstan","246","Finland","5922","Export value","01445","Sunflower seed","2020","2020","","","",""
"TM","Detailed trade matrix","398","Kazakhstan","246","Finland","5922","Export value","01445","Sunflower seed","2021","2021","","","",""
"TM","Detailed trade matrix","398","Kazakhstan","246","Finland","5922","Export value","01445","Sunflower seed","2022","2022","","","",""
"TM","Detailed trade matrix","398","Kazakhstan","246","Finland","5922","Export value","01445","Sunflower seed","2023","2023","","","",""
"TM","Detailed trade matrix","398","Kazakhstan","246","Finland","5922","Export value","01445","Sunflower seed","2024","2024","","","",""
"TM","Detailed trade matrix","398","Kazakhstan","246","Finland","5910","Export quantity","21631.01","Sunflower-seed oil, crude","2018","2018","","","",""
"TM","Detailed trade matrix","398","Kazakhstan","246","Finland","5910","Export quantity","21631.01","Sunflower-seed oil, crude","2019","2019","","","",""
"TM","Detailed trade matrix","398","Kazakhstan","246","Finland","5910","Export quantity","21631.01","Sunflower-seed oil, crude","2020","2020","","","",""
"TM","Detailed trade matrix","398","Kazakhstan","246","Finland","5910","Export quantity","21631.01","Sunflower-seed oil, crude","2021","2021","","","",""
"TM","Detailed trade matrix","398","Kazakhstan","246","Finland","5910","Export quantity","21631.01","Sunflower-seed oil, crude","2022","2022","","","",""
"TM","Detailed trade matrix","398","Kazakhstan","246","Finland","5910","Export quantity","21631.01","Sunflower-seed oil, crude","2023","2023","","","",""
"TM","Detailed trade matrix","398","Kazakhstan","246","Finland","5910","Export quantity","21631.01","Sunflower-seed oil, crude","2024","2024","","","",""
"TM","Detailed trade matrix","398","Kazakhstan","246","Finland","5922","Export value","21631.01","Sunflower-seed oil, crude","2018","2018","","","",""
"TM","Detailed trade matrix","398","Kazakhstan","246","Finland","5922","Export value","21631.01","Sunflower-seed oil, crude","2019","2019","","","",""
"TM","Detailed trade matrix","398","Kazakhstan","246","Finland","5922","Export value","21631.01","Sunflower-seed oil, crude","2020","2020","","","",""
"TM","Detailed trade matrix","398","Kazakhstan","246","Finland","5922","Export value","21631.01","Sunflower-seed oil, crude","2021","2021","","","",""
"TM","Detailed trade matrix","398","Kazakhstan","246","Finland","5922","Export value","21631.01","Sunflower-seed oil, crude","2022","2022","","","",""
"TM","Detailed trade matrix","398","Kazakhstan","246","Finland","5922","Export value","21631.01","Sunflower-seed oil, crude","2023","2023","","","",""
"TM","Detailed trade matrix","398","Kazakhstan","246","Finland","5922","Export value","21631.01","Sunflower-seed oil, crude","2024","2024","","","",""
"TM","Detailed trade matrix","398","Kazakhstan","246","Finland","5910","Export quantity","0111","Wheat","2018","2018","","","",""
"TM","Detailed trade matrix","398","Kazakhstan","246","Finland","5910","Export quantity","0111","Wheat","2019","2019","t","2930.5","A","Official value"
"TM","Detailed trade matrix","398","Kazakhstan","246","Finland","5910","Export quantity","0111","Wheat","2020","2020","t","1551","A","Official value"
"TM","Detailed trade matrix","398","Kazakhstan","246","Finland","5910","Export quantity","0111","Wheat","2021","2021","","","",""
"TM","Detailed trade matrix","398","Kazakhstan","246","Finland","5910","Export quantity","0111","Wheat","2022","2022","t","1540","A","Official value"
"TM","Detailed trade matrix","398","Kazakhstan","246","Finland","5910","Export quantity","0111","Wheat","2023","2023","","","",""
"TM","Detailed trade matrix","398","Kazakhstan","246","Finland","5910","Export quantity","0111","Wheat","2024","2024","","","",""
"TM","Detailed trade matrix","398","Kazakhstan","246","Finland","5922","Export value","0111","Wheat","2018","2018","","","",""
"TM","Detailed trade matrix","398","Kazakhstan","246","Finland","5922","Export value","0111","Wheat","2019","2019","1000 USD","1111","A","Official value"
"TM","Detailed trade matrix","398","Kazakhstan","246","Finland","5922","Export value","0111","Wheat","2020","2020","1000 USD","512","A","Official value"
"TM","Detailed trade matrix","398","Kazakhstan","246","Finland","5922","Export value","0111","Wheat","2021","2021","","","",""
"TM","Detailed trade matrix","398","Kazakhstan","246","Finland","5922","Export value","0111","Wheat","2022","2022","1000 USD","732","A","Official value"
"TM","Detailed trade matrix","398","Kazakhstan","246","Finland","5922","Export value","0111","Wheat","2023","2023","","","",""
"TM","Detailed trade matrix","398","Kazakhstan","246","Finland","5922","Export value","0111","Wheat","2024","2024","","","",""
"TM","Detailed trade matrix","398","Kazakhstan","250","France","5910","Export quantity","0115","Barley","2018","2018","","","",""
"TM","Detailed trade matrix","398","Kazakhstan","250","France","5910","Export quantity","0115","Barley","2019","2019","","","",""
"TM","Detailed trade matrix","398","Kazakhstan","250","France","5910","Export quantity","0115","Barley","2020","2020","","","",""
"TM","Detailed trade matrix","398","Kazakhstan","250","France","5910","Export quantity","0115","Barley","2021","2021","","","",""
"TM","Detailed trade matrix","398","Kazakhstan","250","France","5910","Export quantity","0115","Barley","2022","2022","","","",""
"TM","Detailed trade matrix","398","Kazakhstan","250","France","5910","Export quantity","0115","Barley","2023","2023","","","",""
"TM","Detailed trade matrix","398","Kazakhstan","250","France","5910","Export quantity","0115","Barley","2024","2024","","","",""
"TM","Detailed trade matrix","398","Kazakhstan","250","France","5922","Export value","0115","Barley","2018","2018","","","",""
"TM","Detailed trade matrix","398","Kazakhstan","250","France","5922","Export value","0115","Barley","2019","2019","","","",""
"TM","Detailed trade matrix","398","Kazakhstan","250","France","5922","Export value","0115","Barley","2020","2020","","","",""
"TM","Detailed trade matrix","398","Kazakhstan","250","France","5922","Export value","0115","Barley","2021","2021","","","",""
"TM","Detailed trade matrix","398","Kazakhstan","250","France","5922","Export value","0115","Barley","2022","2022","","","",""
"TM","Detailed trade matrix","398","Kazakhstan","250","France","5922","Export value","0115","Barley","2023","2023","","","",""
"TM","Detailed trade matrix","398","Kazakhstan","250","France","5922","Export value","0115","Barley","2024","2024","","","",""
"TM","Detailed trade matrix","398","Kazakhstan","250","France","5910","Export quantity","01704","Lentils, dry","2018","2018","t","68","A","Official value"
"TM","Detailed trade matrix","398","Kazakhstan","250","France","5910","Export quantity","01704","Lentils, dry","2019","2019","t","67","A","Official value"
"TM","Detailed trade matrix","398","Kazakhstan","250","France","5910","Export quantity","01704","Lentils, dry","2020","2020","","","",""
"TM","Detailed trade matrix","398","Kazakhstan","250","France","5910","Export quantity","01704","Lentils, dry","2021","2021","","","",""
"TM","Detailed trade matrix","398","Kazakhstan","250","France","5910","Export quantity","01704","Lentils, dry","2022","2022","","","",""
"TM","Detailed trade matrix","398","Kazakhstan","250","France","5910","Export quantity","01704","Lentils, dry","2023","2023","","","",""
"TM","Detailed trade matrix","398","Kazakhstan","250","France","5910","Export quantity","01704","Lentils, dry","2024","2024","","","",""
"TM","Detailed trade matrix","398","Kazakhstan","250","France","5922","Export value","01704","Lentils, dry","2018","2018","1000 USD","44","A","Official value"
"TM","Detailed trade matrix","398","Kazakhstan","250","France","5922","Export value","01704","Lentils, dry","2019","2019","1000 USD","18","A","Official value"
"TM","Detailed trade matrix","398","Kazakhstan","250","France","5922","Export value","01704","Lentils, dry","2020","2020","","","",""
"TM","Detailed trade matrix","398","Kazakhstan","250","France","5922","Export value","01704","Lentils, dry","2021","2021","","","",""
"TM","Detailed trade matrix","398","Kazakhstan","250","France","5922","Export value","01704","Lentils, dry","2022","2022","","","",""
"TM","Detailed trade matrix","398","Kazakhstan","250","France","5922","Export value","01704","Lentils, dry","2023","2023","","","",""
"TM","Detailed trade matrix","398","Kazakhstan","250","France","5922","Export value","01704","Lentils, dry","2024","2024","","","",""
"TM","Detailed trade matrix","398","Kazakhstan","250","France","5910","Export quantity","01441","Linseed","2018","2018","t","219","A","Official value"
"TM","Detailed trade matrix","398","Kazakhstan","250","France","5910","Export quantity","01441","Linseed","2019","2019","t","700","A","Official value"
"TM","Detailed trade matrix","398","Kazakhstan","250","France","5910","Export quantity","01441","Linseed","2020","2020","t","44","A","Official value"
"TM","Detailed trade matrix","398","Kazakhstan","250","France","5910","Export quantity","01441","Linseed","2021","2021","t","43","A","Official value"
"TM","Detailed trade matrix","398","Kazakhstan","250","France","5910","Export quantity","01441","Linseed","2022","2022","","","",""
"TM","Detailed trade matrix","398","Kazakhstan","250","France","5910","Export quantity","01441","Linseed","2023","2023","","","",""
"TM","Detailed trade matrix","398","Kazakhstan","250","France","5910","Export quantity","01441","Linseed","2024","2024","t","2902.2","A","Official value"
"TM","Detailed trade matrix","398","Kazakhstan","250","France","5922","Export value","01441","Linseed","2018","2018","1000 USD","63","A","Official value"
"TM","Detailed trade matrix","398","Kazakhstan","250","France","5922","Export value","01441","Linseed","2019","2019","1000 USD","201","A","Official value"
"TM","Detailed trade matrix","398","Kazakhstan","250","France","5922","Export value","01441","Linseed","2020","2020","1000 USD","18","A","Official value"
"TM","Detailed trade matrix","398","Kazakhstan","250","France","5922","Export value","01441","Linseed","2021","2021","1000 USD","29","A","Official value"
"TM","Detailed trade matrix","398","Kazakhstan","250","France","5922","Export value","01441","Linseed","2022","2022","","","",""
"TM","Detailed trade matrix","398","Kazakhstan","250","France","5922","Export value","01441","Linseed","2023","2023","","","",""
"TM","Detailed trade matrix","398","Kazakhstan","250","France","5922","Export value","01441","Linseed","2024","2024","1000 USD","1578","A","Official value"
"TM","Detailed trade matrix","398","Kazakhstan","250","France","5910","Export quantity","0112","Maize (corn)","2018","2018","","","",""
"TM","Detailed trade matrix","398","Kazakhstan","250","France","5910","Export quantity","0112","Maize (corn)","2019","2019","","","",""
"TM","Detailed trade matrix","398","Kazakhstan","250","France","5910","Export quantity","0112","Maize (corn)","2020","2020","","","",""
"TM","Detailed trade matrix","398","Kazakhstan","250","France","5910","Export quantity","0112","Maize (corn)","2021","2021","","","",""
"TM","Detailed trade matrix","398","Kazakhstan","250","France","5910","Export quantity","0112","Maize (corn)","2022","2022","","","",""
"TM","Detailed trade matrix","398","Kazakhstan","250","France","5910","Export quantity","0112","Maize (corn)","2023","2023","","","",""
"TM","Detailed trade matrix","398","Kazakhstan","250","France","5910","Export quantity","0112","Maize (corn)","2024","2024","","","",""
"TM","Detailed trade matrix","398","Kazakhstan","250","France","5922","Export value","0112","Maize (corn)","2018","2018","","","",""
"TM","Detailed trade matrix","398","Kazakhstan","250","France","5922","Export value","0112","Maize (corn)","2019","2019","","","",""
"TM","Detailed trade matrix","398","Kazakhstan","250","France","5922","Export value","0112","Maize (corn)","2020","2020","","","",""
"TM","Detailed trade matrix","398","Kazakhstan","250","France","5922","Export value","0112","Maize (corn)","2021","2021","","","",""
"TM","Detailed trade matrix","398","Kazakhstan","250","France","5922","Export value","0112","Maize (corn)","2022","2022","","","",""
"TM","Detailed trade matrix","398","Kazakhstan","250","France","5922","Export value","0112","Maize (corn)","2023","2023","","","",""
"TM","Detailed trade matrix","398","Kazakhstan","250","France","5922","Export value","0112","Maize (corn)","2024","2024","","","",""
"TM","Detailed trade matrix","398","Kazakhstan","250","France","5910","Export quantity","01705","Peas, dry","2018","2018","","","",""
"TM","Detailed trade matrix","398","Kazakhstan","250","France","5910","Export quantity","01705","Peas, dry","2019","2019","","","",""
"TM","Detailed trade matrix","398","Kazakhstan","250","France","5910","Export quantity","01705","Peas, dry","2020","2020","","","",""
"TM","Detailed trade matrix","398","Kazakhstan","250","France","5910","Export quantity","01705","Peas, dry","2021","2021","","","",""
"TM","Detailed trade matrix","398","Kazakhstan","250","France","5910","Export quantity","01705","Peas, dry","2022","2022","","","",""
"TM","Detailed trade matrix","398","Kazakhstan","250","France","5910","Export quantity","01705","Peas, dry","2023","2023","","","",""
"TM","Detailed trade matrix","398","Kazakhstan","250","France","5910","Export quantity","01705","Peas, dry","2024","2024","","","",""
"TM","Detailed trade matrix","398","Kazakhstan","250","France","5922","Export value","01705","Peas, dry","2018","2018","","","",""
"TM","Detailed trade matrix","398","Kazakhstan","250","France","5922","Export value","01705","Peas, dry","2019","2019","","","",""
"TM","Detailed trade matrix","398","Kazakhstan","250","France","5922","Export value","01705","Peas, dry","2020","2020","","","",""
"TM","Detailed trade matrix","398","Kazakhstan","250","France","5922","Export value","01705","Peas, dry","2021","2021","","","",""
"TM","Detailed trade matrix","398","Kazakhstan","250","France","5922","Export value","01705","Peas, dry","2022","2022","","","",""
"TM","Detailed trade matrix","398","Kazakhstan","250","France","5922","Export value","01705","Peas, dry","2023","2023","","","",""
"TM","Detailed trade matrix","398","Kazakhstan","250","France","5922","Export value","01705","Peas, dry","2024","2024","","","",""
"TM","Detailed trade matrix","398","Kazakhstan","250","France","5910","Export quantity","21641.01","Rapeseed or canola oil, crude","2018","2018","","","",""
"TM","Detailed trade matrix","398","Kazakhstan","250","France","5910","Export quantity","21641.01","Rapeseed or canola oil, crude","2019","2019","","","",""
"TM","Detailed trade matrix","398","Kazakhstan","250","France","5910","Export quantity","21641.01","Rapeseed or canola oil, crude","2020","2020","","","",""
"TM","Detailed trade matrix","398","Kazakhstan","250","France","5910","Export quantity","21641.01","Rapeseed or canola oil, crude","2021","2021","","","",""
"TM","Detailed trade matrix","398","Kazakhstan","250","France","5910","Export quantity","21641.01","Rapeseed or canola oil, crude","2022","2022","","","",""
"TM","Detailed trade matrix","398","Kazakhstan","250","France","5910","Export quantity","21641.01","Rapeseed or canola oil, crude","2023","2023","","","",""
"TM","Detailed trade matrix","398","Kazakhstan","250","France","5910","Export quantity","21641.01","Rapeseed or canola oil, crude","2024","2024","","","",""
"TM","Detailed trade matrix","398","Kazakhstan","250","France","5922","Export value","21641.01","Rapeseed or canola oil, crude","2018","2018","","","",""
"TM","Detailed trade matrix","398","Kazakhstan","250","France","5922","Export value","21641.01","Rapeseed or canola oil, crude","2019","2019","","","",""
"TM","Detailed trade matrix","398","Kazakhstan","250","France","5922","Export value","21641.01","Rapeseed or canola oil, crude","2020","2020","","","",""
"TM","Detailed trade matrix","398","Kazakhstan","250","France","5922","Export value","21641.01","Rapeseed or canola oil, crude","2021","2021","","","",""
"TM","Detailed trade matrix","398","Kazakhstan","250","France","5922","Export value","21641.01","Rapeseed or canola oil, crude","2022","2022","","","",""
"TM","Detailed trade matrix","398","Kazakhstan","250","France","5922","Export value","21641.01","Rapeseed or canola oil, crude","2023","2023","","","",""
"TM","Detailed trade matrix","398","Kazakhstan","250","France","5922","Export value","21641.01","Rapeseed or canola oil, crude","2024","2024","","","",""
"TM","Detailed trade matrix","398","Kazakhstan","250","France","5910","Export quantity","01445","Sunflower seed","2018","2018","","","",""
"TM","Detailed trade matrix","398","Kazakhstan","250","France","5910","Export quantity","01445","Sunflower seed","2019","2019","","","",""
"TM","Detailed trade matrix","398","Kazakhstan","250","France","5910","Export quantity","01445","Sunflower seed","2020","2020","","","",""
"TM","Detailed trade matrix","398","Kazakhstan","250","France","5910","Export quantity","01445","Sunflower seed","2021","2021","","","",""
"TM","Detailed trade matrix","398","Kazakhstan","250","France","5910","Export quantity","01445","Sunflower seed","2022","2022","","","",""
"TM","Detailed trade matrix","398","Kazakhstan","250","France","5910","Export quantity","01445","Sunflower seed","2023","2023","","","",""
"TM","Detailed trade matrix","398","Kazakhstan","250","France","5910","Export quantity","01445","Sunflower seed","2024","2024","","","",""
"TM","Detailed trade matrix","398","Kazakhstan","250","France","5922","Export value","01445","Sunflower seed","2018","2018","","","",""
"TM","Detailed trade matrix","398","Kazakhstan","250","France","5922","Export value","01445","Sunflower seed","2019","2019","","","",""
"TM","Detailed trade matrix","398","Kazakhstan","250","France","5922","Export value","01445","Sunflower seed","2020","2020","","","",""
"TM","Detailed trade matrix","398","Kazakhstan","250","France","5922","Export value","01445","Sunflower seed","2021","2021","","","",""
"TM","Detailed trade matrix","398","Kazakhstan","250","France","5922","Export value","01445","Sunflower seed","2022","2022","","","",""
"TM","Detailed trade matrix","398","Kazakhstan","250","France","5922","Export value","01445","Sunflower seed","2023","2023","","","",""
"TM","Detailed trade matrix","398","Kazakhstan","250","France","5922","Export value","01445","Sunflower seed","2024","2024","","","",""
"TM","Detailed trade matrix","398","Kazakhstan","250","France","5910","Export quantity","21631.01","Sunflower-seed oil, crude","2018","2018","","","",""
"TM","Detailed trade matrix","398","Kazakhstan","250","France","5910","Export quantity","21631.01","Sunflower-seed oil, crude","2019","2019","","","",""
"TM","Detailed trade matrix","398","Kazakhstan","250","France","5910","Export quantity","21631.01","Sunflower-seed oil, crude","2020","2020","","","",""
"TM","Detailed trade matrix","398","Kazakhstan","250","France","5910","Export quantity","21631.01","Sunflower-seed oil, crude","2021","2021","","","",""
"TM","Detailed trade matrix","398","Kazakhstan","250","France","5910","Export quantity","21631.01","Sunflower-seed oil, crude","2022","2022","t","37.26","A","Official value"
"TM","Detailed trade matrix","398","Kazakhstan","250","France","5910","Export quantity","21631.01","Sunflower-seed oil, crude","2023","2023","","","",""
"TM","Detailed trade matrix","398","Kazakhstan","250","France","5910","Export quantity","21631.01","Sunflower-seed oil, crude","2024","2024","","","",""
"TM","Detailed trade matrix","398","Kazakhstan","250","France","5922","Export value","21631.01","Sunflower-seed oil, crude","2018","2018","","","",""
"TM","Detailed trade matrix","398","Kazakhstan","250","France","5922","Export value","21631.01","Sunflower-seed oil, crude","2019","2019","","","",""
"TM","Detailed trade matrix","398","Kazakhstan","250","France","5922","Export value","21631.01","Sunflower-seed oil, crude","2020","2020","","","",""
"TM","Detailed trade matrix","398","Kazakhstan","250","France","5922","Export value","21631.01","Sunflower-seed oil, crude","2021","2021","","","",""
"TM","Detailed trade matrix","398","Kazakhstan","250","France","5922","Export value","21631.01","Sunflower-seed oil, crude","2022","2022","1000 USD","76","A","Official value"
"TM","Detailed trade matrix","398","Kazakhstan","250","France","5922","Export value","21631.01","Sunflower-seed oil, crude","2023","2023","","","",""
"TM","Detailed trade matrix","398","Kazakhstan","250","France","5922","Export value","21631.01","Sunflower-seed oil, crude","2024","2024","","","",""
"TM","Detailed trade matrix","398","Kazakhstan","250","France","5910","Export quantity","0111","Wheat","2018","2018","","","",""
"TM","Detailed trade matrix","398","Kazakhstan","250","France","5910","Export quantity","0111","Wheat","2019","2019","","","",""
"TM","Detailed trade matrix","398","Kazakhstan","250","France","5910","Export quantity","0111","Wheat","2020","2020","","","",""
"TM","Detailed trade matrix","398","Kazakhstan","250","France","5910","Export quantity","0111","Wheat","2021","2021","","","",""
"TM","Detailed trade matrix","398","Kazakhstan","250","France","5910","Export quantity","0111","Wheat","2022","2022","","","",""
"TM","Detailed trade matrix","398","Kazakhstan","250","France","5910","Export quantity","0111","Wheat","2023","2023","","","",""
"TM","Detailed trade matrix","398","Kazakhstan","250","France","5910","Export quantity","0111","Wheat","2024","2024","","","",""
"TM","Detailed trade matrix","398","Kazakhstan","250","France","5922","Export value","0111","Wheat","2018","2018","","","",""
"TM","Detailed trade matrix","398","Kazakhstan","250","France","5922","Export value","0111","Wheat","2019","2019","","","",""
"TM","Detailed trade matrix","398","Kazakhstan","250","France","5922","Export value","0111","Wheat","2020","2020","","","",""
"TM","Detailed trade matrix","398","Kazakhstan","250","France","5922","Export value","0111","Wheat","2021","2021","","","",""
"TM","Detailed trade matrix","398","Kazakhstan","250","France","5922","Export value","0111","Wheat","2022","2022","","","",""
"TM","Detailed trade matrix","398","Kazakhstan","250","France","5922","Export value","0111","Wheat","2023","2023","","","",""
"TM","Detailed trade matrix","398","Kazakhstan","250","France","5922","Export value","0111","Wheat","2024","2024","","","",""
"TM","Detailed trade matrix","398","Kazakhstan","276","Germany","5910","Export quantity","0115","Barley","2018","2018","t","6135.92","A","Official value"
"TM","Detailed trade matrix","398","Kazakhstan","276","Germany","5910","Export quantity","0115","Barley","2019","2019","","","",""
"TM","Detailed trade matrix","398","Kazakhstan","276","Germany","5910","Export quantity","0115","Barley","2020","2020","","","",""
"TM","Detailed trade matrix","398","Kazakhstan","276","Germany","5910","Export quantity","0115","Barley","2021","2021","","","",""
"TM","Detailed trade matrix","398","Kazakhstan","276","Germany","5910","Export quantity","0115","Barley","2022","2022","","","",""
"TM","Detailed trade matrix","398","Kazakhstan","276","Germany","5910","Export quantity","0115","Barley","2023","2023","","","",""
"TM","Detailed trade matrix","398","Kazakhstan","276","Germany","5910","Export quantity","0115","Barley","2024","2024","","","",""
"TM","Detailed trade matrix","398","Kazakhstan","276","Germany","5922","Export value","0115","Barley","2018","2018","1000 USD","898","A","Official value"
"TM","Detailed trade matrix","398","Kazakhstan","276","Germany","5922","Export value","0115","Barley","2019","2019","","","",""
"TM","Detailed trade matrix","398","Kazakhstan","276","Germany","5922","Export value","0115","Barley","2020","2020","","","",""
"TM","Detailed trade matrix","398","Kazakhstan","276","Germany","5922","Export value","0115","Barley","2021","2021","","","",""
"TM","Detailed trade matrix","398","Kazakhstan","276","Germany","5922","Export value","0115","Barley","2022","2022","","","",""
"TM","Detailed trade matrix","398","Kazakhstan","276","Germany","5922","Export value","0115","Barley","2023","2023","","","",""
"TM","Detailed trade matrix","398","Kazakhstan","276","Germany","5922","Export value","0115","Barley","2024","2024","","","",""
"TM","Detailed trade matrix","398","Kazakhstan","276","Germany","5910","Export quantity","01704","Lentils, dry","2018","2018","t","2","A","Official value"
"TM","Detailed trade matrix","398","Kazakhstan","276","Germany","5910","Export quantity","01704","Lentils, dry","2019","2019","t","88","A","Official value"
"TM","Detailed trade matrix","398","Kazakhstan","276","Germany","5910","Export quantity","01704","Lentils, dry","2020","2020","t","22","A","Official value"
"TM","Detailed trade matrix","398","Kazakhstan","276","Germany","5910","Export quantity","01704","Lentils, dry","2021","2021","","","",""
"TM","Detailed trade matrix","398","Kazakhstan","276","Germany","5910","Export quantity","01704","Lentils, dry","2022","2022","","","",""
"TM","Detailed trade matrix","398","Kazakhstan","276","Germany","5910","Export quantity","01704","Lentils, dry","2023","2023","","","",""
"TM","Detailed trade matrix","398","Kazakhstan","276","Germany","5910","Export quantity","01704","Lentils, dry","2024","2024","","","",""
"TM","Detailed trade matrix","398","Kazakhstan","276","Germany","5922","Export value","01704","Lentils, dry","2018","2018","1000 USD","1","A","Official value"
"TM","Detailed trade matrix","398","Kazakhstan","276","Germany","5922","Export value","01704","Lentils, dry","2019","2019","1000 USD","33","A","Official value"
"TM","Detailed trade matrix","398","Kazakhstan","276","Germany","5922","Export value","01704","Lentils, dry","2020","2020","1000 USD","17","A","Official value"
"TM","Detailed trade matrix","398","Kazakhstan","276","Germany","5922","Export value","01704","Lentils, dry","2021","2021","","","",""
"TM","Detailed trade matrix","398","Kazakhstan","276","Germany","5922","Export value","01704","Lentils, dry","2022","2022","","","",""
"TM","Detailed trade matrix","398","Kazakhstan","276","Germany","5922","Export value","01704","Lentils, dry","2023","2023","","","",""
"TM","Detailed trade matrix","398","Kazakhstan","276","Germany","5922","Export value","01704","Lentils, dry","2024","2024","","","",""
"TM","Detailed trade matrix","398","Kazakhstan","276","Germany","5910","Export quantity","01441","Linseed","2018","2018","t","22509","A","Official value"
"TM","Detailed trade matrix","398","Kazakhstan","276","Germany","5910","Export quantity","01441","Linseed","2019","2019","t","28470.43","A","Official value"
"TM","Detailed trade matrix","398","Kazakhstan","276","Germany","5910","Export quantity","01441","Linseed","2020","2020","t","19071.15","A","Official value"
"TM","Detailed trade matrix","398","Kazakhstan","276","Germany","5910","Export quantity","01441","Linseed","2021","2021","t","22027.2","A","Official value"
"TM","Detailed trade matrix","398","Kazakhstan","276","Germany","5910","Export quantity","01441","Linseed","2022","2022","t","14802","A","Official value"
"TM","Detailed trade matrix","398","Kazakhstan","276","Germany","5910","Export quantity","01441","Linseed","2023","2023","t","568","A","Official value"
"TM","Detailed trade matrix","398","Kazakhstan","276","Germany","5910","Export quantity","01441","Linseed","2024","2024","t","7600.97","A","Official value"
"TM","Detailed trade matrix","398","Kazakhstan","276","Germany","5922","Export value","01441","Linseed","2018","2018","1000 USD","8583","A","Official value"
"TM","Detailed trade matrix","398","Kazakhstan","276","Germany","5922","Export value","01441","Linseed","2019","2019","1000 USD","10822","A","Official value"
"TM","Detailed trade matrix","398","Kazakhstan","276","Germany","5922","Export value","01441","Linseed","2020","2020","1000 USD","9708","A","Official value"
"TM","Detailed trade matrix","398","Kazakhstan","276","Germany","5922","Export value","01441","Linseed","2021","2021","1000 USD","16298","A","Official value"
"TM","Detailed trade matrix","398","Kazakhstan","276","Germany","5922","Export value","01441","Linseed","2022","2022","1000 USD","11022","A","Official value"
"TM","Detailed trade matrix","398","Kazakhstan","276","Germany","5922","Export value","01441","Linseed","2023","2023","1000 USD","313","A","Official value"
"TM","Detailed trade matrix","398","Kazakhstan","276","Germany","5922","Export value","01441","Linseed","2024","2024","1000 USD","3732","A","Official value"
"TM","Detailed trade matrix","398","Kazakhstan","276","Germany","5910","Export quantity","0112","Maize (corn)","2018","2018","","","",""
"TM","Detailed trade matrix","398","Kazakhstan","276","Germany","5910","Export quantity","0112","Maize (corn)","2019","2019","","","",""
"TM","Detailed trade matrix","398","Kazakhstan","276","Germany","5910","Export quantity","0112","Maize (corn)","2020","2020","","","",""
"TM","Detailed trade matrix","398","Kazakhstan","276","Germany","5910","Export quantity","0112","Maize (corn)","2021","2021","","","",""
"TM","Detailed trade matrix","398","Kazakhstan","276","Germany","5910","Export quantity","0112","Maize (corn)","2022","2022","","","",""
"TM","Detailed trade matrix","398","Kazakhstan","276","Germany","5910","Export quantity","0112","Maize (corn)","2023","2023","","","",""
"TM","Detailed trade matrix","398","Kazakhstan","276","Germany","5910","Export quantity","0112","Maize (corn)","2024","2024","","","",""
"TM","Detailed trade matrix","398","Kazakhstan","276","Germany","5922","Export value","0112","Maize (corn)","2018","2018","","","",""
"TM","Detailed trade matrix","398","Kazakhstan","276","Germany","5922","Export value","0112","Maize (corn)","2019","2019","","","",""
"TM","Detailed trade matrix","398","Kazakhstan","276","Germany","5922","Export value","0112","Maize (corn)","2020","2020","","","",""
"TM","Detailed trade matrix","398","Kazakhstan","276","Germany","5922","Export value","0112","Maize (corn)","2021","2021","","","",""
"TM","Detailed trade matrix","398","Kazakhstan","276","Germany","5922","Export value","0112","Maize (corn)","2022","2022","","","",""
"TM","Detailed trade matrix","398","Kazakhstan","276","Germany","5922","Export value","0112","Maize (corn)","2023","2023","","","",""
"TM","Detailed trade matrix","398","Kazakhstan","276","Germany","5922","Export value","0112","Maize (corn)","2024","2024","","","",""
"TM","Detailed trade matrix","398","Kazakhstan","276","Germany","5910","Export quantity","01705","Peas, dry","2018","2018","t","82","A","Official value"
"TM","Detailed trade matrix","398","Kazakhstan","276","Germany","5910","Export quantity","01705","Peas, dry","2019","2019","t","88","A","Official value"
"TM","Detailed trade matrix","398","Kazakhstan","276","Germany","5910","Export quantity","01705","Peas, dry","2020","2020","","","",""
"TM","Detailed trade matrix","398","Kazakhstan","276","Germany","5910","Export quantity","01705","Peas, dry","2021","2021","","","",""
"TM","Detailed trade matrix","398","Kazakhstan","276","Germany","5910","Export quantity","01705","Peas, dry","2022","2022","","","",""
"TM","Detailed trade matrix","398","Kazakhstan","276","Germany","5910","Export quantity","01705","Peas, dry","2023","2023","","","",""
"TM","Detailed trade matrix","398","Kazakhstan","276","Germany","5910","Export quantity","01705","Peas, dry","2024","2024","","","",""
"TM","Detailed trade matrix","398","Kazakhstan","276","Germany","5922","Export value","01705","Peas, dry","2018","2018","1000 USD","25","A","Official value"
"TM","Detailed trade matrix","398","Kazakhstan","276","Germany","5922","Export value","01705","Peas, dry","2019","2019","1000 USD","29","A","Official value"
"TM","Detailed trade matrix","398","Kazakhstan","276","Germany","5922","Export value","01705","Peas, dry","2020","2020","","","",""
"TM","Detailed trade matrix","398","Kazakhstan","276","Germany","5922","Export value","01705","Peas, dry","2021","2021","","","",""
"TM","Detailed trade matrix","398","Kazakhstan","276","Germany","5922","Export value","01705","Peas, dry","2022","2022","","","",""
"TM","Detailed trade matrix","398","Kazakhstan","276","Germany","5922","Export value","01705","Peas, dry","2023","2023","","","",""
"TM","Detailed trade matrix","398","Kazakhstan","276","Germany","5922","Export value","01705","Peas, dry","2024","2024","","","",""
"TM","Detailed trade matrix","398","Kazakhstan","276","Germany","5910","Export quantity","21641.01","Rapeseed or canola oil, crude","2018","2018","","","",""
"TM","Detailed trade matrix","398","Kazakhstan","276","Germany","5910","Export quantity","21641.01","Rapeseed or canola oil, crude","2019","2019","","","",""
"TM","Detailed trade matrix","398","Kazakhstan","276","Germany","5910","Export quantity","21641.01","Rapeseed or canola oil, crude","2020","2020","","","",""
"TM","Detailed trade matrix","398","Kazakhstan","276","Germany","5910","Export quantity","21641.01","Rapeseed or canola oil, crude","2021","2021","","","",""
"TM","Detailed trade matrix","398","Kazakhstan","276","Germany","5910","Export quantity","21641.01","Rapeseed or canola oil, crude","2022","2022","t","25.7","A","Official value"
"TM","Detailed trade matrix","398","Kazakhstan","276","Germany","5910","Export quantity","21641.01","Rapeseed or canola oil, crude","2023","2023","","","",""
"TM","Detailed trade matrix","398","Kazakhstan","276","Germany","5910","Export quantity","21641.01","Rapeseed or canola oil, crude","2024","2024","","","",""
"TM","Detailed trade matrix","398","Kazakhstan","276","Germany","5922","Export value","21641.01","Rapeseed or canola oil, crude","2018","2018","","","",""
"TM","Detailed trade matrix","398","Kazakhstan","276","Germany","5922","Export value","21641.01","Rapeseed or canola oil, crude","2019","2019","","","",""
"TM","Detailed trade matrix","398","Kazakhstan","276","Germany","5922","Export value","21641.01","Rapeseed or canola oil, crude","2020","2020","","","",""
"TM","Detailed trade matrix","398","Kazakhstan","276","Germany","5922","Export value","21641.01","Rapeseed or canola oil, crude","2021","2021","","","",""
"TM","Detailed trade matrix","398","Kazakhstan","276","Germany","5922","Export value","21641.01","Rapeseed or canola oil, crude","2022","2022","1000 USD","22","A","Official value"
"TM","Detailed trade matrix","398","Kazakhstan","276","Germany","5922","Export value","21641.01","Rapeseed or canola oil, crude","2023","2023","","","",""
"TM","Detailed trade matrix","398","Kazakhstan","276","Germany","5922","Export value","21641.01","Rapeseed or canola oil, crude","2024","2024","","","",""
"TM","Detailed trade matrix","398","Kazakhstan","276","Germany","5910","Export quantity","01445","Sunflower seed","2018","2018","","","",""
"TM","Detailed trade matrix","398","Kazakhstan","276","Germany","5910","Export quantity","01445","Sunflower seed","2019","2019","","","",""
"TM","Detailed trade matrix","398","Kazakhstan","276","Germany","5910","Export quantity","01445","Sunflower seed","2020","2020","","","",""
"TM","Detailed trade matrix","398","Kazakhstan","276","Germany","5910","Export quantity","01445","Sunflower seed","2021","2021","","","",""
"TM","Detailed trade matrix","398","Kazakhstan","276","Germany","5910","Export quantity","01445","Sunflower seed","2022","2022","","","",""
"TM","Detailed trade matrix","398","Kazakhstan","276","Germany","5910","Export quantity","01445","Sunflower seed","2023","2023","","","",""
"TM","Detailed trade matrix","398","Kazakhstan","276","Germany","5910","Export quantity","01445","Sunflower seed","2024","2024","","","",""
"TM","Detailed trade matrix","398","Kazakhstan","276","Germany","5922","Export value","01445","Sunflower seed","2018","2018","","","",""
"TM","Detailed trade matrix","398","Kazakhstan","276","Germany","5922","Export value","01445","Sunflower seed","2019","2019","","","",""
"TM","Detailed trade matrix","398","Kazakhstan","276","Germany","5922","Export value","01445","Sunflower seed","2020","2020","","","",""
"TM","Detailed trade matrix","398","Kazakhstan","276","Germany","5922","Export value","01445","Sunflower seed","2021","2021","","","",""
"TM","Detailed trade matrix","398","Kazakhstan","276","Germany","5922","Export value","01445","Sunflower seed","2022","2022","","","",""
"TM","Detailed trade matrix","398","Kazakhstan","276","Germany","5922","Export value","01445","Sunflower seed","2023","2023","","","",""
"TM","Detailed trade matrix","398","Kazakhstan","276","Germany","5922","Export value","01445","Sunflower seed","2024","2024","","","",""
"TM","Detailed trade matrix","398","Kazakhstan","276","Germany","5910","Export quantity","21631.01","Sunflower-seed oil, crude","2018","2018","t","125.06","A","Official value"
"TM","Detailed trade matrix","398","Kazakhstan","276","Germany","5910","Export quantity","21631.01","Sunflower-seed oil, crude","2019","2019","t","395.38","A","Official value"
"TM","Detailed trade matrix","398","Kazakhstan","276","Germany","5910","Export quantity","21631.01","Sunflower-seed oil, crude","2020","2020","t","21","A","Official value"
"TM","Detailed trade matrix","398","Kazakhstan","276","Germany","5910","Export quantity","21631.01","Sunflower-seed oil, crude","2021","2021","t","21","A","Official value"
"TM","Detailed trade matrix","398","Kazakhstan","276","Germany","5910","Export quantity","21631.01","Sunflower-seed oil, crude","2022","2022","t","310.23","A","Official value"
"TM","Detailed trade matrix","398","Kazakhstan","276","Germany","5910","Export quantity","21631.01","Sunflower-seed oil, crude","2023","2023","","","",""
"TM","Detailed trade matrix","398","Kazakhstan","276","Germany","5910","Export quantity","21631.01","Sunflower-seed oil, crude","2024","2024","t","63","A","Official value"
"TM","Detailed trade matrix","398","Kazakhstan","276","Germany","5922","Export value","21631.01","Sunflower-seed oil, crude","2018","2018","1000 USD","147","A","Official value"
"TM","Detailed trade matrix","398","Kazakhstan","276","Germany","5922","Export value","21631.01","Sunflower-seed oil, crude","2019","2019","1000 USD","501","A","Official value"
"TM","Detailed trade matrix","398","Kazakhstan","276","Germany","5922","Export value","21631.01","Sunflower-seed oil, crude","2020","2020","1000 USD","26","A","Official value"
"TM","Detailed trade matrix","398","Kazakhstan","276","Germany","5922","Export value","21631.01","Sunflower-seed oil, crude","2021","2021","1000 USD","33","A","Official value"
"TM","Detailed trade matrix","398","Kazakhstan","276","Germany","5922","Export value","21631.01","Sunflower-seed oil, crude","2022","2022","1000 USD","633","A","Official value"
"TM","Detailed trade matrix","398","Kazakhstan","276","Germany","5922","Export value","21631.01","Sunflower-seed oil, crude","2023","2023","","","",""
"TM","Detailed trade matrix","398","Kazakhstan","276","Germany","5922","Export value","21631.01","Sunflower-seed oil, crude","2024","2024","1000 USD","77","A","Official value"
"TM","Detailed trade matrix","398","Kazakhstan","276","Germany","5910","Export quantity","0111","Wheat","2018","2018","t","921","A","Official value"
"TM","Detailed trade matrix","398","Kazakhstan","276","Germany","5910","Export quantity","0111","Wheat","2019","2019","t","418","A","Official value"
"TM","Detailed trade matrix","398","Kazakhstan","276","Germany","5910","Export quantity","0111","Wheat","2020","2020","t","220","A","Official value"
"TM","Detailed trade matrix","398","Kazakhstan","276","Germany","5910","Export quantity","0111","Wheat","2021","2021","","","",""
"TM","Detailed trade matrix","398","Kazakhstan","276","Germany","5910","Export quantity","0111","Wheat","2022","2022","t","110","A","Official value"
"TM","Detailed trade matrix","398","Kazakhstan","276","Germany","5910","Export quantity","0111","Wheat","2023","2023","","","",""
"TM","Detailed trade matrix","398","Kazakhstan","276","Germany","5910","Export quantity","0111","Wheat","2024","2024","t","44","A","Official value"
"TM","Detailed trade matrix","398","Kazakhstan","276","Germany","5922","Export value","0111","Wheat","2018","2018","1000 USD","224","A","Official value"
"TM","Detailed trade matrix","398","Kazakhstan","276","Germany","5922","Export value","0111","Wheat","2019","2019","1000 USD","147","A","Official value"
"TM","Detailed trade matrix","398","Kazakhstan","276","Germany","5922","Export value","0111","Wheat","2020","2020","1000 USD","93","A","Official value"
"TM","Detailed trade matrix","398","Kazakhstan","276","Germany","5922","Export value","0111","Wheat","2021","2021","","","",""
"TM","Detailed trade matrix","398","Kazakhstan","276","Germany","5922","Export value","0111","Wheat","2022","2022","1000 USD","53","A","Official value"
"TM","Detailed trade matrix","398","Kazakhstan","276","Germany","5922","Export value","0111","Wheat","2023","2023","","","",""
"TM","Detailed trade matrix","398","Kazakhstan","276","Germany","5922","Export value","0111","Wheat","2024","2024","1000 USD","27","A","Official value"
"TM","Detailed trade matrix","398","Kazakhstan","300","Greece","5910","Export quantity","0115","Barley","2018","2018","","","",""
"TM","Detailed trade matrix","398","Kazakhstan","300","Greece","5910","Export quantity","0115","Barley","2019","2019","","","",""
"TM","Detailed trade matrix","398","Kazakhstan","300","Greece","5910","Export quantity","0115","Barley","2020","2020","","","",""
"TM","Detailed trade matrix","398","Kazakhstan","300","Greece","5910","Export quantity","0115","Barley","2021","2021","","","",""
"TM","Detailed trade matrix","398","Kazakhstan","300","Greece","5910","Export quantity","0115","Barley","2022","2022","","","",""
"TM","Detailed trade matrix","398","Kazakhstan","300","Greece","5910","Export quantity","0115","Barley","2023","2023","","","",""
"TM","Detailed trade matrix","398","Kazakhstan","300","Greece","5910","Export quantity","0115","Barley","2024","2024","","","",""
"TM","Detailed trade matrix","398","Kazakhstan","300","Greece","5922","Export value","0115","Barley","2018","2018","","","",""
"TM","Detailed trade matrix","398","Kazakhstan","300","Greece","5922","Export value","0115","Barley","2019","2019","","","",""
"TM","Detailed trade matrix","398","Kazakhstan","300","Greece","5922","Export value","0115","Barley","2020","2020","","","",""
"TM","Detailed trade matrix","398","Kazakhstan","300","Greece","5922","Export value","0115","Barley","2021","2021","","","",""
"TM","Detailed trade matrix","398","Kazakhstan","300","Greece","5922","Export value","0115","Barley","2022","2022","","","",""
"TM","Detailed trade matrix","398","Kazakhstan","300","Greece","5922","Export value","0115","Barley","2023","2023","","","",""
"TM","Detailed trade matrix","398","Kazakhstan","300","Greece","5922","Export value","0115","Barley","2024","2024","","","",""
"TM","Detailed trade matrix","398","Kazakhstan","300","Greece","5910","Export quantity","01704","Lentils, dry","2018","2018","","","",""
"TM","Detailed trade matrix","398","Kazakhstan","300","Greece","5910","Export quantity","01704","Lentils, dry","2019","2019","","","",""
"TM","Detailed trade matrix","398","Kazakhstan","300","Greece","5910","Export quantity","01704","Lentils, dry","2020","2020","","","",""
"TM","Detailed trade matrix","398","Kazakhstan","300","Greece","5910","Export quantity","01704","Lentils, dry","2021","2021","","","",""
"TM","Detailed trade matrix","398","Kazakhstan","300","Greece","5910","Export quantity","01704","Lentils, dry","2022","2022","","","",""
"TM","Detailed trade matrix","398","Kazakhstan","300","Greece","5910","Export quantity","01704","Lentils, dry","2023","2023","t","66","A","Official value"
"TM","Detailed trade matrix","398","Kazakhstan","300","Greece","5910","Export quantity","01704","Lentils, dry","2024","2024","t","244","A","Official value"
"TM","Detailed trade matrix","398","Kazakhstan","300","Greece","5922","Export value","01704","Lentils, dry","2018","2018","","","",""
"TM","Detailed trade matrix","398","Kazakhstan","300","Greece","5922","Export value","01704","Lentils, dry","2019","2019","","","",""
"TM","Detailed trade matrix","398","Kazakhstan","300","Greece","5922","Export value","01704","Lentils, dry","2020","2020","","","",""
"TM","Detailed trade matrix","398","Kazakhstan","300","Greece","5922","Export value","01704","Lentils, dry","2021","2021","","","",""
"TM","Detailed trade matrix","398","Kazakhstan","300","Greece","5922","Export value","01704","Lentils, dry","2022","2022","","","",""
"TM","Detailed trade matrix","398","Kazakhstan","300","Greece","5922","Export value","01704","Lentils, dry","2023","2023","1000 USD","78","A","Official value"
"TM","Detailed trade matrix","398","Kazakhstan","300","Greece","5922","Export value","01704","Lentils, dry","2024","2024","1000 USD","232","A","Official value"
"TM","Detailed trade matrix","398","Kazakhstan","300","Greece","5910","Export quantity","01441","Linseed","2018","2018","","","",""
"TM","Detailed trade matrix","398","Kazakhstan","300","Greece","5910","Export quantity","01441","Linseed","2019","2019","","","",""
"TM","Detailed trade matrix","398","Kazakhstan","300","Greece","5910","Export quantity","01441","Linseed","2020","2020","","","",""
"TM","Detailed trade matrix","398","Kazakhstan","300","Greece","5910","Export quantity","01441","Linseed","2021","2021","","","",""
"TM","Detailed trade matrix","398","Kazakhstan","300","Greece","5910","Export quantity","01441","Linseed","2022","2022","","","",""
"TM","Detailed trade matrix","398","Kazakhstan","300","Greece","5910","Export quantity","01441","Linseed","2023","2023","","","",""
"TM","Detailed trade matrix","398","Kazakhstan","300","Greece","5910","Export quantity","01441","Linseed","2024","2024","","","",""
"TM","Detailed trade matrix","398","Kazakhstan","300","Greece","5922","Export value","01441","Linseed","2018","2018","","","",""
"TM","Detailed trade matrix","398","Kazakhstan","300","Greece","5922","Export value","01441","Linseed","2019","2019","","","",""
"TM","Detailed trade matrix","398","Kazakhstan","300","Greece","5922","Export value","01441","Linseed","2020","2020","","","",""
"TM","Detailed trade matrix","398","Kazakhstan","300","Greece","5922","Export value","01441","Linseed","2021","2021","","","",""
"TM","Detailed trade matrix","398","Kazakhstan","300","Greece","5922","Export value","01441","Linseed","2022","2022","","","",""
"TM","Detailed trade matrix","398","Kazakhstan","300","Greece","5922","Export value","01441","Linseed","2023","2023","","","",""
"TM","Detailed trade matrix","398","Kazakhstan","300","Greece","5922","Export value","01441","Linseed","2024","2024","","","",""
"TM","Detailed trade matrix","398","Kazakhstan","300","Greece","5910","Export quantity","0112","Maize (corn)","2018","2018","","","",""
"TM","Detailed trade matrix","398","Kazakhstan","300","Greece","5910","Export quantity","0112","Maize (corn)","2019","2019","","","",""
"TM","Detailed trade matrix","398","Kazakhstan","300","Greece","5910","Export quantity","0112","Maize (corn)","2020","2020","","","",""
"TM","Detailed trade matrix","398","Kazakhstan","300","Greece","5910","Export quantity","0112","Maize (corn)","2021","2021","","","",""
"TM","Detailed trade matrix","398","Kazakhstan","300","Greece","5910","Export quantity","0112","Maize (corn)","2022","2022","","","",""
"TM","Detailed trade matrix","398","Kazakhstan","300","Greece","5910","Export quantity","0112","Maize (corn)","2023","2023","","","",""
"TM","Detailed trade matrix","398","Kazakhstan","300","Greece","5910","Export quantity","0112","Maize (corn)","2024","2024","","","",""
"TM","Detailed trade matrix","398","Kazakhstan","300","Greece","5922","Export value","0112","Maize (corn)","2018","2018","","","",""
"TM","Detailed trade matrix","398","Kazakhstan","300","Greece","5922","Export value","0112","Maize (corn)","2019","2019","","","",""
"TM","Detailed trade matrix","398","Kazakhstan","300","Greece","5922","Export value","0112","Maize (corn)","2020","2020","","","",""
"TM","Detailed trade matrix","398","Kazakhstan","300","Greece","5922","Export value","0112","Maize (corn)","2021","2021","","","",""
"TM","Detailed trade matrix","398","Kazakhstan","300","Greece","5922","Export value","0112","Maize (corn)","2022","2022","","","",""
"TM","Detailed trade matrix","398","Kazakhstan","300","Greece","5922","Export value","0112","Maize (corn)","2023","2023","","","",""
"TM","Detailed trade matrix","398","Kazakhstan","300","Greece","5922","Export value","0112","Maize (corn)","2024","2024","","","",""
"TM","Detailed trade matrix","398","Kazakhstan","300","Greece","5910","Export quantity","01705","Peas, dry","2018","2018","","","",""
"TM","Detailed trade matrix","398","Kazakhstan","300","Greece","5910","Export quantity","01705","Peas, dry","2019","2019","","","",""
"TM","Detailed trade matrix","398","Kazakhstan","300","Greece","5910","Export quantity","01705","Peas, dry","2020","2020","","","",""
"TM","Detailed trade matrix","398","Kazakhstan","300","Greece","5910","Export quantity","01705","Peas, dry","2021","2021","","","",""
"TM","Detailed trade matrix","398","Kazakhstan","300","Greece","5910","Export quantity","01705","Peas, dry","2022","2022","","","",""
"TM","Detailed trade matrix","398","Kazakhstan","300","Greece","5910","Export quantity","01705","Peas, dry","2023","2023","","","",""
"TM","Detailed trade matrix","398","Kazakhstan","300","Greece","5910","Export quantity","01705","Peas, dry","2024","2024","","","",""
"TM","Detailed trade matrix","398","Kazakhstan","300","Greece","5922","Export value","01705","Peas, dry","2018","2018","","","",""
"TM","Detailed trade matrix","398","Kazakhstan","300","Greece","5922","Export value","01705","Peas, dry","2019","2019","","","",""
"TM","Detailed trade matrix","398","Kazakhstan","300","Greece","5922","Export value","01705","Peas, dry","2020","2020","","","",""
"TM","Detailed trade matrix","398","Kazakhstan","300","Greece","5922","Export value","01705","Peas, dry","2021","2021","","","",""
"TM","Detailed trade matrix","398","Kazakhstan","300","Greece","5922","Export value","01705","Peas, dry","2022","2022","","","",""
"TM","Detailed trade matrix","398","Kazakhstan","300","Greece","5922","Export value","01705","Peas, dry","2023","2023","","","",""
"TM","Detailed trade matrix","398","Kazakhstan","300","Greece","5922","Export value","01705","Peas, dry","2024","2024","","","",""
"TM","Detailed trade matrix","398","Kazakhstan","300","Greece","5910","Export quantity","21641.01","Rapeseed or canola oil, crude","2018","2018","","","",""
"TM","Detailed trade matrix","398","Kazakhstan","300","Greece","5910","Export quantity","21641.01","Rapeseed or canola oil, crude","2019","2019","","","",""
"TM","Detailed trade matrix","398","Kazakhstan","300","Greece","5910","Export quantity","21641.01","Rapeseed or canola oil, crude","2020","2020","","","",""
"TM","Detailed trade matrix","398","Kazakhstan","300","Greece","5910","Export quantity","21641.01","Rapeseed or canola oil, crude","2021","2021","","","",""
"TM","Detailed trade matrix","398","Kazakhstan","300","Greece","5910","Export quantity","21641.01","Rapeseed or canola oil, crude","2022","2022","","","",""
"TM","Detailed trade matrix","398","Kazakhstan","300","Greece","5910","Export quantity","21641.01","Rapeseed or canola oil, crude","2023","2023","","","",""
"TM","Detailed trade matrix","398","Kazakhstan","300","Greece","5910","Export quantity","21641.01","Rapeseed or canola oil, crude","2024","2024","","","",""
"TM","Detailed trade matrix","398","Kazakhstan","300","Greece","5922","Export value","21641.01","Rapeseed or canola oil, crude","2018","2018","","","",""
"TM","Detailed trade matrix","398","Kazakhstan","300","Greece","5922","Export value","21641.01","Rapeseed or canola oil, crude","2019","2019","","","",""
"TM","Detailed trade matrix","398","Kazakhstan","300","Greece","5922","Export value","21641.01","Rapeseed or canola oil, crude","2020","2020","","","",""
"TM","Detailed trade matrix","398","Kazakhstan","300","Greece","5922","Export value","21641.01","Rapeseed or canola oil, crude","2021","2021","","","",""
"TM","Detailed trade matrix","398","Kazakhstan","300","Greece","5922","Export value","21641.01","Rapeseed or canola oil, crude","2022","2022","","","",""
"TM","Detailed trade matrix","398","Kazakhstan","300","Greece","5922","Export value","21641.01","Rapeseed or canola oil, crude","2023","2023","","","",""
"TM","Detailed trade matrix","398","Kazakhstan","300","Greece","5922","Export value","21641.01","Rapeseed or canola oil, crude","2024","2024","","","",""
"TM","Detailed trade matrix","398","Kazakhstan","300","Greece","5910","Export quantity","01445","Sunflower seed","2018","2018","","","",""
"TM","Detailed trade matrix","398","Kazakhstan","300","Greece","5910","Export quantity","01445","Sunflower seed","2019","2019","","","",""
"TM","Detailed trade matrix","398","Kazakhstan","300","Greece","5910","Export quantity","01445","Sunflower seed","2020","2020","","","",""
"TM","Detailed trade matrix","398","Kazakhstan","300","Greece","5910","Export quantity","01445","Sunflower seed","2021","2021","","","",""
"TM","Detailed trade matrix","398","Kazakhstan","300","Greece","5910","Export quantity","01445","Sunflower seed","2022","2022","","","",""
"TM","Detailed trade matrix","398","Kazakhstan","300","Greece","5910","Export quantity","01445","Sunflower seed","2023","2023","","","",""
"TM","Detailed trade matrix","398","Kazakhstan","300","Greece","5910","Export quantity","01445","Sunflower seed","2024","2024","","","",""
"TM","Detailed trade matrix","398","Kazakhstan","300","Greece","5922","Export value","01445","Sunflower seed","2018","2018","","","",""
"TM","Detailed trade matrix","398","Kazakhstan","300","Greece","5922","Export value","01445","Sunflower seed","2019","2019","","","",""
"TM","Detailed trade matrix","398","Kazakhstan","300","Greece","5922","Export value","01445","Sunflower seed","2020","2020","","","",""
"TM","Detailed trade matrix","398","Kazakhstan","300","Greece","5922","Export value","01445","Sunflower seed","2021","2021","","","",""
"TM","Detailed trade matrix","398","Kazakhstan","300","Greece","5922","Export value","01445","Sunflower seed","2022","2022","","","",""
"TM","Detailed trade matrix","398","Kazakhstan","300","Greece","5922","Export value","01445","Sunflower seed","2023","2023","","","",""
"TM","Detailed trade matrix","398","Kazakhstan","300","Greece","5922","Export value","01445","Sunflower seed","2024","2024","","","",""
"TM","Detailed trade matrix","398","Kazakhstan","300","Greece","5910","Export quantity","21631.01","Sunflower-seed oil, crude","2018","2018","","","",""
"TM","Detailed trade matrix","398","Kazakhstan","300","Greece","5910","Export quantity","21631.01","Sunflower-seed oil, crude","2019","2019","","","",""
"TM","Detailed trade matrix","398","Kazakhstan","300","Greece","5910","Export quantity","21631.01","Sunflower-seed oil, crude","2020","2020","","","",""
"TM","Detailed trade matrix","398","Kazakhstan","300","Greece","5910","Export quantity","21631.01","Sunflower-seed oil, crude","2021","2021","","","",""
"TM","Detailed trade matrix","398","Kazakhstan","300","Greece","5910","Export quantity","21631.01","Sunflower-seed oil, crude","2022","2022","","","",""
"TM","Detailed trade matrix","398","Kazakhstan","300","Greece","5910","Export quantity","21631.01","Sunflower-seed oil, crude","2023","2023","","","",""
"TM","Detailed trade matrix","398","Kazakhstan","300","Greece","5910","Export quantity","21631.01","Sunflower-seed oil, crude","2024","2024","","","",""
"TM","Detailed trade matrix","398","Kazakhstan","300","Greece","5922","Export value","21631.01","Sunflower-seed oil, crude","2018","2018","","","",""
"TM","Detailed trade matrix","398","Kazakhstan","300","Greece","5922","Export value","21631.01","Sunflower-seed oil, crude","2019","2019","","","",""
"TM","Detailed trade matrix","398","Kazakhstan","300","Greece","5922","Export value","21631.01","Sunflower-seed oil, crude","2020","2020","","","",""
"TM","Detailed trade matrix","398","Kazakhstan","300","Greece","5922","Export value","21631.01","Sunflower-seed oil, crude","2021","2021","","","",""
"TM","Detailed trade matrix","398","Kazakhstan","300","Greece","5922","Export value","21631.01","Sunflower-seed oil, crude","2022","2022","","","",""
"TM","Detailed trade matrix","398","Kazakhstan","300","Greece","5922","Export value","21631.01","Sunflower-seed oil, crude","2023","2023","","","",""
"TM","Detailed trade matrix","398","Kazakhstan","300","Greece","5922","Export value","21631.01","Sunflower-seed oil, crude","2024","2024","","","",""
"TM","Detailed trade matrix","398","Kazakhstan","300","Greece","5910","Export quantity","0111","Wheat","2018","2018","t","17670.78","A","Official value"
"TM","Detailed trade matrix","398","Kazakhstan","300","Greece","5910","Export quantity","0111","Wheat","2019","2019","t","23475.75","A","Official value"
"TM","Detailed trade matrix","398","Kazakhstan","300","Greece","5910","Export quantity","0111","Wheat","2020","2020","","","",""
"TM","Detailed trade matrix","398","Kazakhstan","300","Greece","5910","Export quantity","0111","Wheat","2021","2021","t","5918.42","A","Official value"
"TM","Detailed trade matrix","398","Kazakhstan","300","Greece","5910","Export quantity","0111","Wheat","2022","2022","t","4520.71","A","Official value"
"TM","Detailed trade matrix","398","Kazakhstan","300","Greece","5910","Export quantity","0111","Wheat","2023","2023","t","7769.41","A","Official value"
"TM","Detailed trade matrix","398","Kazakhstan","300","Greece","5910","Export quantity","0111","Wheat","2024","2024","","","",""
"TM","Detailed trade matrix","398","Kazakhstan","300","Greece","5922","Export value","0111","Wheat","2018","2018","1000 USD","3621","A","Official value"
"TM","Detailed trade matrix","398","Kazakhstan","300","Greece","5922","Export value","0111","Wheat","2019","2019","1000 USD","3941","A","Official value"
"TM","Detailed trade matrix","398","Kazakhstan","300","Greece","5922","Export value","0111","Wheat","2020","2020","","","",""
"TM","Detailed trade matrix","398","Kazakhstan","300","Greece","5922","Export value","0111","Wheat","2021","2021","1000 USD","1813","A","Official value"
"TM","Detailed trade matrix","398","Kazakhstan","300","Greece","5922","Export value","0111","Wheat","2022","2022","1000 USD","1240","A","Official value"
"TM","Detailed trade matrix","398","Kazakhstan","300","Greece","5922","Export value","0111","Wheat","2023","2023","1000 USD","1844","A","Official value"
"TM","Detailed trade matrix","398","Kazakhstan","300","Greece","5922","Export value","0111","Wheat","2024","2024","","","",""
"TM","Detailed trade matrix","398","Kazakhstan","348","Hungary","5910","Export quantity","0115","Barley","2018","2018","","","",""
"TM","Detailed trade matrix","398","Kazakhstan","348","Hungary","5910","Export quantity","0115","Barley","2019","2019","","","",""
"TM","Detailed trade matrix","398","Kazakhstan","348","Hungary","5910","Export quantity","0115","Barley","2020","2020","","","",""
"TM","Detailed trade matrix","398","Kazakhstan","348","Hungary","5910","Export quantity","0115","Barley","2021","2021","","","",""
"TM","Detailed trade matrix","398","Kazakhstan","348","Hungary","5910","Export quantity","0115","Barley","2022","2022","","","",""
"TM","Detailed trade matrix","398","Kazakhstan","348","Hungary","5910","Export quantity","0115","Barley","2023","2023","","","",""
"TM","Detailed trade matrix","398","Kazakhstan","348","Hungary","5910","Export quantity","0115","Barley","2024","2024","","","",""
"TM","Detailed trade matrix","398","Kazakhstan","348","Hungary","5922","Export value","0115","Barley","2018","2018","","","",""
"TM","Detailed trade matrix","398","Kazakhstan","348","Hungary","5922","Export value","0115","Barley","2019","2019","","","",""
"TM","Detailed trade matrix","398","Kazakhstan","348","Hungary","5922","Export value","0115","Barley","2020","2020","","","",""
"TM","Detailed trade matrix","398","Kazakhstan","348","Hungary","5922","Export value","0115","Barley","2021","2021","","","",""
"TM","Detailed trade matrix","398","Kazakhstan","348","Hungary","5922","Export value","0115","Barley","2022","2022","","","",""
"TM","Detailed trade matrix","398","Kazakhstan","348","Hungary","5922","Export value","0115","Barley","2023","2023","","","",""
"TM","Detailed trade matrix","398","Kazakhstan","348","Hungary","5922","Export value","0115","Barley","2024","2024","","","",""
"TM","Detailed trade matrix","398","Kazakhstan","348","Hungary","5910","Export quantity","01704","Lentils, dry","2018","2018","","","",""
"TM","Detailed trade matrix","398","Kazakhstan","348","Hungary","5910","Export quantity","01704","Lentils, dry","2019","2019","","","",""
"TM","Detailed trade matrix","398","Kazakhstan","348","Hungary","5910","Export quantity","01704","Lentils, dry","2020","2020","","","",""
"TM","Detailed trade matrix","398","Kazakhstan","348","Hungary","5910","Export quantity","01704","Lentils, dry","2021","2021","","","",""
"TM","Detailed trade matrix","398","Kazakhstan","348","Hungary","5910","Export quantity","01704","Lentils, dry","2022","2022","","","",""
"TM","Detailed trade matrix","398","Kazakhstan","348","Hungary","5910","Export quantity","01704","Lentils, dry","2023","2023","","","",""
"TM","Detailed trade matrix","398","Kazakhstan","348","Hungary","5910","Export quantity","01704","Lentils, dry","2024","2024","","","",""
"TM","Detailed trade matrix","398","Kazakhstan","348","Hungary","5922","Export value","01704","Lentils, dry","2018","2018","","","",""
"TM","Detailed trade matrix","398","Kazakhstan","348","Hungary","5922","Export value","01704","Lentils, dry","2019","2019","","","",""
"TM","Detailed trade matrix","398","Kazakhstan","348","Hungary","5922","Export value","01704","Lentils, dry","2020","2020","","","",""
"TM","Detailed trade matrix","398","Kazakhstan","348","Hungary","5922","Export value","01704","Lentils, dry","2021","2021","","","",""
"TM","Detailed trade matrix","398","Kazakhstan","348","Hungary","5922","Export value","01704","Lentils, dry","2022","2022","","","",""
"TM","Detailed trade matrix","398","Kazakhstan","348","Hungary","5922","Export value","01704","Lentils, dry","2023","2023","","","",""
"TM","Detailed trade matrix","398","Kazakhstan","348","Hungary","5922","Export value","01704","Lentils, dry","2024","2024","","","",""
"TM","Detailed trade matrix","398","Kazakhstan","348","Hungary","5910","Export quantity","01441","Linseed","2018","2018","t","44","A","Official value"
"TM","Detailed trade matrix","398","Kazakhstan","348","Hungary","5910","Export quantity","01441","Linseed","2019","2019","t","44","A","Official value"
"TM","Detailed trade matrix","398","Kazakhstan","348","Hungary","5910","Export quantity","01441","Linseed","2020","2020","t","44","A","Official value"
"TM","Detailed trade matrix","398","Kazakhstan","348","Hungary","5910","Export quantity","01441","Linseed","2021","2021","t","21","A","Official value"
"TM","Detailed trade matrix","398","Kazakhstan","348","Hungary","5910","Export quantity","01441","Linseed","2022","2022","","","",""
"TM","Detailed trade matrix","398","Kazakhstan","348","Hungary","5910","Export quantity","01441","Linseed","2023","2023","","","",""
"TM","Detailed trade matrix","398","Kazakhstan","348","Hungary","5910","Export quantity","01441","Linseed","2024","2024","","","",""
"TM","Detailed trade matrix","398","Kazakhstan","348","Hungary","5922","Export value","01441","Linseed","2018","2018","1000 USD","13","A","Official value"
"TM","Detailed trade matrix","398","Kazakhstan","348","Hungary","5922","Export value","01441","Linseed","2019","2019","1000 USD","13","A","Official value"
"TM","Detailed trade matrix","398","Kazakhstan","348","Hungary","5922","Export value","01441","Linseed","2020","2020","1000 USD","24","A","Official value"
"TM","Detailed trade matrix","398","Kazakhstan","348","Hungary","5922","Export value","01441","Linseed","2021","2021","1000 USD","13","A","Official value"
"TM","Detailed trade matrix","398","Kazakhstan","348","Hungary","5922","Export value","01441","Linseed","2022","2022","","","",""
"TM","Detailed trade matrix","398","Kazakhstan","348","Hungary","5922","Export value","01441","Linseed","2023","2023","","","",""
"TM","Detailed trade matrix","398","Kazakhstan","348","Hungary","5922","Export value","01441","Linseed","2024","2024","","","",""
"TM","Detailed trade matrix","398","Kazakhstan","348","Hungary","5910","Export quantity","0112","Maize (corn)","2018","2018","","","",""
"TM","Detailed trade matrix","398","Kazakhstan","348","Hungary","5910","Export quantity","0112","Maize (corn)","2019","2019","","","",""
"TM","Detailed trade matrix","398","Kazakhstan","348","Hungary","5910","Export quantity","0112","Maize (corn)","2020","2020","","","",""
"TM","Detailed trade matrix","398","Kazakhstan","348","Hungary","5910","Export quantity","0112","Maize (corn)","2021","2021","","","",""
"TM","Detailed trade matrix","398","Kazakhstan","348","Hungary","5910","Export quantity","0112","Maize (corn)","2022","2022","","","",""
"TM","Detailed trade matrix","398","Kazakhstan","348","Hungary","5910","Export quantity","0112","Maize (corn)","2023","2023","t","0.01","A","Official value"
"TM","Detailed trade matrix","398","Kazakhstan","348","Hungary","5910","Export quantity","0112","Maize (corn)","2024","2024","","","",""
"TM","Detailed trade matrix","398","Kazakhstan","348","Hungary","5922","Export value","0112","Maize (corn)","2018","2018","","","",""
"TM","Detailed trade matrix","398","Kazakhstan","348","Hungary","5922","Export value","0112","Maize (corn)","2019","2019","","","",""
"TM","Detailed trade matrix","398","Kazakhstan","348","Hungary","5922","Export value","0112","Maize (corn)","2020","2020","","","",""
"TM","Detailed trade matrix","398","Kazakhstan","348","Hungary","5922","Export value","0112","Maize (corn)","2021","2021","","","",""
"TM","Detailed trade matrix","398","Kazakhstan","348","Hungary","5922","Export value","0112","Maize (corn)","2022","2022","","","",""
"TM","Detailed trade matrix","398","Kazakhstan","348","Hungary","5922","Export value","0112","Maize (corn)","2023","2023","1000 USD","0","A","Official value"
"TM","Detailed trade matrix","398","Kazakhstan","348","Hungary","5922","Export value","0112","Maize (corn)","2024","2024","","","",""
"TM","Detailed trade matrix","398","Kazakhstan","348","Hungary","5910","Export quantity","01705","Peas, dry","2018","2018","","","",""
"TM","Detailed trade matrix","398","Kazakhstan","348","Hungary","5910","Export quantity","01705","Peas, dry","2019","2019","","","",""
"TM","Detailed trade matrix","398","Kazakhstan","348","Hungary","5910","Export quantity","01705","Peas, dry","2020","2020","","","",""
"TM","Detailed trade matrix","398","Kazakhstan","348","Hungary","5910","Export quantity","01705","Peas, dry","2021","2021","","","",""
"TM","Detailed trade matrix","398","Kazakhstan","348","Hungary","5910","Export quantity","01705","Peas, dry","2022","2022","","","",""
"TM","Detailed trade matrix","398","Kazakhstan","348","Hungary","5910","Export quantity","01705","Peas, dry","2023","2023","t","22","A","Official value"
"TM","Detailed trade matrix","398","Kazakhstan","348","Hungary","5910","Export quantity","01705","Peas, dry","2024","2024","","","",""
"TM","Detailed trade matrix","398","Kazakhstan","348","Hungary","5922","Export value","01705","Peas, dry","2018","2018","","","",""
"TM","Detailed trade matrix","398","Kazakhstan","348","Hungary","5922","Export value","01705","Peas, dry","2019","2019","","","",""
"TM","Detailed trade matrix","398","Kazakhstan","348","Hungary","5922","Export value","01705","Peas, dry","2020","2020","","","",""
"TM","Detailed trade matrix","398","Kazakhstan","348","Hungary","5922","Export value","01705","Peas, dry","2021","2021","","","",""
"TM","Detailed trade matrix","398","Kazakhstan","348","Hungary","5922","Export value","01705","Peas, dry","2022","2022","","","",""
"TM","Detailed trade matrix","398","Kazakhstan","348","Hungary","5922","Export value","01705","Peas, dry","2023","2023","1000 USD","9","A","Official value"
"TM","Detailed trade matrix","398","Kazakhstan","348","Hungary","5922","Export value","01705","Peas, dry","2024","2024","","","",""
"TM","Detailed trade matrix","398","Kazakhstan","348","Hungary","5910","Export quantity","21641.01","Rapeseed or canola oil, crude","2018","2018","","","",""
"TM","Detailed trade matrix","398","Kazakhstan","348","Hungary","5910","Export quantity","21641.01","Rapeseed or canola oil, crude","2019","2019","","","",""
"TM","Detailed trade matrix","398","Kazakhstan","348","Hungary","5910","Export quantity","21641.01","Rapeseed or canola oil, crude","2020","2020","","","",""
"TM","Detailed trade matrix","398","Kazakhstan","348","Hungary","5910","Export quantity","21641.01","Rapeseed or canola oil, crude","2021","2021","","","",""
"TM","Detailed trade matrix","398","Kazakhstan","348","Hungary","5910","Export quantity","21641.01","Rapeseed or canola oil, crude","2022","2022","","","",""
"TM","Detailed trade matrix","398","Kazakhstan","348","Hungary","5910","Export quantity","21641.01","Rapeseed or canola oil, crude","2023","2023","","","",""
"TM","Detailed trade matrix","398","Kazakhstan","348","Hungary","5910","Export quantity","21641.01","Rapeseed or canola oil, crude","2024","2024","","","",""
"TM","Detailed trade matrix","398","Kazakhstan","348","Hungary","5922","Export value","21641.01","Rapeseed or canola oil, crude","2018","2018","","","",""
"TM","Detailed trade matrix","398","Kazakhstan","348","Hungary","5922","Export value","21641.01","Rapeseed or canola oil, crude","2019","2019","","","",""
"TM","Detailed trade matrix","398","Kazakhstan","348","Hungary","5922","Export value","21641.01","Rapeseed or canola oil, crude","2020","2020","","","",""
"TM","Detailed trade matrix","398","Kazakhstan","348","Hungary","5922","Export value","21641.01","Rapeseed or canola oil, crude","2021","2021","","","",""
"TM","Detailed trade matrix","398","Kazakhstan","348","Hungary","5922","Export value","21641.01","Rapeseed or canola oil, crude","2022","2022","","","",""
"TM","Detailed trade matrix","398","Kazakhstan","348","Hungary","5922","Export value","21641.01","Rapeseed or canola oil, crude","2023","2023","","","",""
"TM","Detailed trade matrix","398","Kazakhstan","348","Hungary","5922","Export value","21641.01","Rapeseed or canola oil, crude","2024","2024","","","",""
"TM","Detailed trade matrix","398","Kazakhstan","348","Hungary","5910","Export quantity","01445","Sunflower seed","2018","2018","","","",""
"TM","Detailed trade matrix","398","Kazakhstan","348","Hungary","5910","Export quantity","01445","Sunflower seed","2019","2019","","","",""
"TM","Detailed trade matrix","398","Kazakhstan","348","Hungary","5910","Export quantity","01445","Sunflower seed","2020","2020","","","",""
"TM","Detailed trade matrix","398","Kazakhstan","348","Hungary","5910","Export quantity","01445","Sunflower seed","2021","2021","","","",""
"TM","Detailed trade matrix","398","Kazakhstan","348","Hungary","5910","Export quantity","01445","Sunflower seed","2022","2022","","","",""
"TM","Detailed trade matrix","398","Kazakhstan","348","Hungary","5910","Export quantity","01445","Sunflower seed","2023","2023","t","0.03","A","Official value"
"TM","Detailed trade matrix","398","Kazakhstan","348","Hungary","5910","Export quantity","01445","Sunflower seed","2024","2024","","","",""
"TM","Detailed trade matrix","398","Kazakhstan","348","Hungary","5922","Export value","01445","Sunflower seed","2018","2018","","","",""
"TM","Detailed trade matrix","398","Kazakhstan","348","Hungary","5922","Export value","01445","Sunflower seed","2019","2019","","","",""
"TM","Detailed trade matrix","398","Kazakhstan","348","Hungary","5922","Export value","01445","Sunflower seed","2020","2020","","","",""
"TM","Detailed trade matrix","398","Kazakhstan","348","Hungary","5922","Export value","01445","Sunflower seed","2021","2021","","","",""
"TM","Detailed trade matrix","398","Kazakhstan","348","Hungary","5922","Export value","01445","Sunflower seed","2022","2022","","","",""
"TM","Detailed trade matrix","398","Kazakhstan","348","Hungary","5922","Export value","01445","Sunflower seed","2023","2023","1000 USD","0","A","Official value"
"TM","Detailed trade matrix","398","Kazakhstan","348","Hungary","5922","Export value","01445","Sunflower seed","2024","2024","","","",""
"TM","Detailed trade matrix","398","Kazakhstan","348","Hungary","5910","Export quantity","21631.01","Sunflower-seed oil, crude","2018","2018","","","",""
"TM","Detailed trade matrix","398","Kazakhstan","348","Hungary","5910","Export quantity","21631.01","Sunflower-seed oil, crude","2019","2019","","","",""
"TM","Detailed trade matrix","398","Kazakhstan","348","Hungary","5910","Export quantity","21631.01","Sunflower-seed oil, crude","2020","2020","","","",""
"TM","Detailed trade matrix","398","Kazakhstan","348","Hungary","5910","Export quantity","21631.01","Sunflower-seed oil, crude","2021","2021","","","",""
"TM","Detailed trade matrix","398","Kazakhstan","348","Hungary","5910","Export quantity","21631.01","Sunflower-seed oil, crude","2022","2022","","","",""
"TM","Detailed trade matrix","398","Kazakhstan","348","Hungary","5910","Export quantity","21631.01","Sunflower-seed oil, crude","2023","2023","","","",""
"TM","Detailed trade matrix","398","Kazakhstan","348","Hungary","5910","Export quantity","21631.01","Sunflower-seed oil, crude","2024","2024","","","",""
"TM","Detailed trade matrix","398","Kazakhstan","348","Hungary","5922","Export value","21631.01","Sunflower-seed oil, crude","2018","2018","","","",""
"TM","Detailed trade matrix","398","Kazakhstan","348","Hungary","5922","Export value","21631.01","Sunflower-seed oil, crude","2019","2019","","","",""
"TM","Detailed trade matrix","398","Kazakhstan","348","Hungary","5922","Export value","21631.01","Sunflower-seed oil, crude","2020","2020","","","",""
"TM","Detailed trade matrix","398","Kazakhstan","348","Hungary","5922","Export value","21631.01","Sunflower-seed oil, crude","2021","2021","","","",""
"TM","Detailed trade matrix","398","Kazakhstan","348","Hungary","5922","Export value","21631.01","Sunflower-seed oil, crude","2022","2022","","","",""
"TM","Detailed trade matrix","398","Kazakhstan","348","Hungary","5922","Export value","21631.01","Sunflower-seed oil, crude","2023","2023","","","",""
"TM","Detailed trade matrix","398","Kazakhstan","348","Hungary","5922","Export value","21631.01","Sunflower-seed oil, crude","2024","2024","","","",""
"TM","Detailed trade matrix","398","Kazakhstan","348","Hungary","5910","Export quantity","0111","Wheat","2018","2018","","","",""
"TM","Detailed trade matrix","398","Kazakhstan","348","Hungary","5910","Export quantity","0111","Wheat","2019","2019","","","",""
"TM","Detailed trade matrix","398","Kazakhstan","348","Hungary","5910","Export quantity","0111","Wheat","2020","2020","","","",""
"TM","Detailed trade matrix","398","Kazakhstan","348","Hungary","5910","Export quantity","0111","Wheat","2021","2021","","","",""
"TM","Detailed trade matrix","398","Kazakhstan","348","Hungary","5910","Export quantity","0111","Wheat","2022","2022","","","",""
"TM","Detailed trade matrix","398","Kazakhstan","348","Hungary","5910","Export quantity","0111","Wheat","2023","2023","","","",""
"TM","Detailed trade matrix","398","Kazakhstan","348","Hungary","5910","Export quantity","0111","Wheat","2024","2024","","","",""
"TM","Detailed trade matrix","398","Kazakhstan","348","Hungary","5922","Export value","0111","Wheat","2018","2018","","","",""
"TM","Detailed trade matrix","398","Kazakhstan","348","Hungary","5922","Export value","0111","Wheat","2019","2019","","","",""
"TM","Detailed trade matrix","398","Kazakhstan","348","Hungary","5922","Export value","0111","Wheat","2020","2020","","","",""
"TM","Detailed trade matrix","398","Kazakhstan","348","Hungary","5922","Export value","0111","Wheat","2021","2021","","","",""
"TM","Detailed trade matrix","398","Kazakhstan","348","Hungary","5922","Export value","0111","Wheat","2022","2022","","","",""
"TM","Detailed trade matrix","398","Kazakhstan","348","Hungary","5922","Export value","0111","Wheat","2023","2023","","","",""
"TM","Detailed trade matrix","398","Kazakhstan","348","Hungary","5922","Export value","0111","Wheat","2024","2024","","","",""
"TM","Detailed trade matrix","398","Kazakhstan","372","Ireland","5910","Export quantity","0115","Barley","2018","2018","","","",""
"TM","Detailed trade matrix","398","Kazakhstan","372","Ireland","5910","Export quantity","0115","Barley","2019","2019","","","",""
"TM","Detailed trade matrix","398","Kazakhstan","372","Ireland","5910","Export quantity","0115","Barley","2020","2020","","","",""
"TM","Detailed trade matrix","398","Kazakhstan","372","Ireland","5910","Export quantity","0115","Barley","2021","2021","","","",""
"TM","Detailed trade matrix","398","Kazakhstan","372","Ireland","5910","Export quantity","0115","Barley","2022","2022","","","",""
"TM","Detailed trade matrix","398","Kazakhstan","372","Ireland","5910","Export quantity","0115","Barley","2023","2023","","","",""
"TM","Detailed trade matrix","398","Kazakhstan","372","Ireland","5910","Export quantity","0115","Barley","2024","2024","","","",""
"TM","Detailed trade matrix","398","Kazakhstan","372","Ireland","5922","Export value","0115","Barley","2018","2018","","","",""
"TM","Detailed trade matrix","398","Kazakhstan","372","Ireland","5922","Export value","0115","Barley","2019","2019","","","",""
"TM","Detailed trade matrix","398","Kazakhstan","372","Ireland","5922","Export value","0115","Barley","2020","2020","","","",""
"TM","Detailed trade matrix","398","Kazakhstan","372","Ireland","5922","Export value","0115","Barley","2021","2021","","","",""
"TM","Detailed trade matrix","398","Kazakhstan","372","Ireland","5922","Export value","0115","Barley","2022","2022","","","",""
"TM","Detailed trade matrix","398","Kazakhstan","372","Ireland","5922","Export value","0115","Barley","2023","2023","","","",""
"TM","Detailed trade matrix","398","Kazakhstan","372","Ireland","5922","Export value","0115","Barley","2024","2024","","","",""
"TM","Detailed trade matrix","398","Kazakhstan","372","Ireland","5910","Export quantity","01704","Lentils, dry","2018","2018","","","",""
"TM","Detailed trade matrix","398","Kazakhstan","372","Ireland","5910","Export quantity","01704","Lentils, dry","2019","2019","","","",""
"TM","Detailed trade matrix","398","Kazakhstan","372","Ireland","5910","Export quantity","01704","Lentils, dry","2020","2020","","","",""
"TM","Detailed trade matrix","398","Kazakhstan","372","Ireland","5910","Export quantity","01704","Lentils, dry","2021","2021","","","",""
"TM","Detailed trade matrix","398","Kazakhstan","372","Ireland","5910","Export quantity","01704","Lentils, dry","2022","2022","","","",""
"TM","Detailed trade matrix","398","Kazakhstan","372","Ireland","5910","Export quantity","01704","Lentils, dry","2023","2023","","","",""
"TM","Detailed trade matrix","398","Kazakhstan","372","Ireland","5910","Export quantity","01704","Lentils, dry","2024","2024","","","",""
"TM","Detailed trade matrix","398","Kazakhstan","372","Ireland","5922","Export value","01704","Lentils, dry","2018","2018","","","",""
"TM","Detailed trade matrix","398","Kazakhstan","372","Ireland","5922","Export value","01704","Lentils, dry","2019","2019","","","",""
"TM","Detailed trade matrix","398","Kazakhstan","372","Ireland","5922","Export value","01704","Lentils, dry","2020","2020","","","",""
"TM","Detailed trade matrix","398","Kazakhstan","372","Ireland","5922","Export value","01704","Lentils, dry","2021","2021","","","",""
"TM","Detailed trade matrix","398","Kazakhstan","372","Ireland","5922","Export value","01704","Lentils, dry","2022","2022","","","",""
"TM","Detailed trade matrix","398","Kazakhstan","372","Ireland","5922","Export value","01704","Lentils, dry","2023","2023","","","",""
"TM","Detailed trade matrix","398","Kazakhstan","372","Ireland","5922","Export value","01704","Lentils, dry","2024","2024","","","",""
"TM","Detailed trade matrix","398","Kazakhstan","372","Ireland","5910","Export quantity","01441","Linseed","2018","2018","","","",""
"TM","Detailed trade matrix","398","Kazakhstan","372","Ireland","5910","Export quantity","01441","Linseed","2019","2019","","","",""
"TM","Detailed trade matrix","398","Kazakhstan","372","Ireland","5910","Export quantity","01441","Linseed","2020","2020","","","",""
"TM","Detailed trade matrix","398","Kazakhstan","372","Ireland","5910","Export quantity","01441","Linseed","2021","2021","","","",""
"TM","Detailed trade matrix","398","Kazakhstan","372","Ireland","5910","Export quantity","01441","Linseed","2022","2022","","","",""
"TM","Detailed trade matrix","398","Kazakhstan","372","Ireland","5910","Export quantity","01441","Linseed","2023","2023","","","",""
"TM","Detailed trade matrix","398","Kazakhstan","372","Ireland","5910","Export quantity","01441","Linseed","2024","2024","","","",""
"TM","Detailed trade matrix","398","Kazakhstan","372","Ireland","5922","Export value","01441","Linseed","2018","2018","","","",""
"TM","Detailed trade matrix","398","Kazakhstan","372","Ireland","5922","Export value","01441","Linseed","2019","2019","","","",""
"TM","Detailed trade matrix","398","Kazakhstan","372","Ireland","5922","Export value","01441","Linseed","2020","2020","","","",""
"TM","Detailed trade matrix","398","Kazakhstan","372","Ireland","5922","Export value","01441","Linseed","2021","2021","","","",""
"TM","Detailed trade matrix","398","Kazakhstan","372","Ireland","5922","Export value","01441","Linseed","2022","2022","","","",""
"TM","Detailed trade matrix","398","Kazakhstan","372","Ireland","5922","Export value","01441","Linseed","2023","2023","","","",""
"TM","Detailed trade matrix","398","Kazakhstan","372","Ireland","5922","Export value","01441","Linseed","2024","2024","","","",""
"TM","Detailed trade matrix","398","Kazakhstan","372","Ireland","5910","Export quantity","0112","Maize (corn)","2018","2018","","","",""
"TM","Detailed trade matrix","398","Kazakhstan","372","Ireland","5910","Export quantity","0112","Maize (corn)","2019","2019","","","",""
"TM","Detailed trade matrix","398","Kazakhstan","372","Ireland","5910","Export quantity","0112","Maize (corn)","2020","2020","","","",""
"TM","Detailed trade matrix","398","Kazakhstan","372","Ireland","5910","Export quantity","0112","Maize (corn)","2021","2021","","","",""
"TM","Detailed trade matrix","398","Kazakhstan","372","Ireland","5910","Export quantity","0112","Maize (corn)","2022","2022","","","",""
"TM","Detailed trade matrix","398","Kazakhstan","372","Ireland","5910","Export quantity","0112","Maize (corn)","2023","2023","","","",""
"TM","Detailed trade matrix","398","Kazakhstan","372","Ireland","5910","Export quantity","0112","Maize (corn)","2024","2024","","","",""
"TM","Detailed trade matrix","398","Kazakhstan","372","Ireland","5922","Export value","0112","Maize (corn)","2018","2018","","","",""
"TM","Detailed trade matrix","398","Kazakhstan","372","Ireland","5922","Export value","0112","Maize (corn)","2019","2019","","","",""
"TM","Detailed trade matrix","398","Kazakhstan","372","Ireland","5922","Export value","0112","Maize (corn)","2020","2020","","","",""
"TM","Detailed trade matrix","398","Kazakhstan","372","Ireland","5922","Export value","0112","Maize (corn)","2021","2021","","","",""
"TM","Detailed trade matrix","398","Kazakhstan","372","Ireland","5922","Export value","0112","Maize (corn)","2022","2022","","","",""
"TM","Detailed trade matrix","398","Kazakhstan","372","Ireland","5922","Export value","0112","Maize (corn)","2023","2023","","","",""
"TM","Detailed trade matrix","398","Kazakhstan","372","Ireland","5922","Export value","0112","Maize (corn)","2024","2024","","","",""
"TM","Detailed trade matrix","398","Kazakhstan","372","Ireland","5910","Export quantity","01705","Peas, dry","2018","2018","","","",""
"TM","Detailed trade matrix","398","Kazakhstan","372","Ireland","5910","Export quantity","01705","Peas, dry","2019","2019","","","",""
"TM","Detailed trade matrix","398","Kazakhstan","372","Ireland","5910","Export quantity","01705","Peas, dry","2020","2020","","","",""
"TM","Detailed trade matrix","398","Kazakhstan","372","Ireland","5910","Export quantity","01705","Peas, dry","2021","2021","","","",""
"TM","Detailed trade matrix","398","Kazakhstan","372","Ireland","5910","Export quantity","01705","Peas, dry","2022","2022","","","",""
"TM","Detailed trade matrix","398","Kazakhstan","372","Ireland","5910","Export quantity","01705","Peas, dry","2023","2023","","","",""
"TM","Detailed trade matrix","398","Kazakhstan","372","Ireland","5910","Export quantity","01705","Peas, dry","2024","2024","","","",""
"TM","Detailed trade matrix","398","Kazakhstan","372","Ireland","5922","Export value","01705","Peas, dry","2018","2018","","","",""
"TM","Detailed trade matrix","398","Kazakhstan","372","Ireland","5922","Export value","01705","Peas, dry","2019","2019","","","",""
"TM","Detailed trade matrix","398","Kazakhstan","372","Ireland","5922","Export value","01705","Peas, dry","2020","2020","","","",""
"TM","Detailed trade matrix","398","Kazakhstan","372","Ireland","5922","Export value","01705","Peas, dry","2021","2021","","","",""
"TM","Detailed trade matrix","398","Kazakhstan","372","Ireland","5922","Export value","01705","Peas, dry","2022","2022","","","",""
"TM","Detailed trade matrix","398","Kazakhstan","372","Ireland","5922","Export value","01705","Peas, dry","2023","2023","","","",""
"TM","Detailed trade matrix","398","Kazakhstan","372","Ireland","5922","Export value","01705","Peas, dry","2024","2024","","","",""
"TM","Detailed trade matrix","398","Kazakhstan","372","Ireland","5910","Export quantity","21641.01","Rapeseed or canola oil, crude","2018","2018","","","",""
"TM","Detailed trade matrix","398","Kazakhstan","372","Ireland","5910","Export quantity","21641.01","Rapeseed or canola oil, crude","2019","2019","","","",""
"TM","Detailed trade matrix","398","Kazakhstan","372","Ireland","5910","Export quantity","21641.01","Rapeseed or canola oil, crude","2020","2020","","","",""
"TM","Detailed trade matrix","398","Kazakhstan","372","Ireland","5910","Export quantity","21641.01","Rapeseed or canola oil, crude","2021","2021","","","",""
"TM","Detailed trade matrix","398","Kazakhstan","372","Ireland","5910","Export quantity","21641.01","Rapeseed or canola oil, crude","2022","2022","","","",""
"TM","Detailed trade matrix","398","Kazakhstan","372","Ireland","5910","Export quantity","21641.01","Rapeseed or canola oil, crude","2023","2023","","","",""
"TM","Detailed trade matrix","398","Kazakhstan","372","Ireland","5910","Export quantity","21641.01","Rapeseed or canola oil, crude","2024","2024","","","",""
"TM","Detailed trade matrix","398","Kazakhstan","372","Ireland","5922","Export value","21641.01","Rapeseed or canola oil, crude","2018","2018","","","",""
"TM","Detailed trade matrix","398","Kazakhstan","372","Ireland","5922","Export value","21641.01","Rapeseed or canola oil, crude","2019","2019","","","",""
"TM","Detailed trade matrix","398","Kazakhstan","372","Ireland","5922","Export value","21641.01","Rapeseed or canola oil, crude","2020","2020","","","",""
"TM","Detailed trade matrix","398","Kazakhstan","372","Ireland","5922","Export value","21641.01","Rapeseed or canola oil, crude","2021","2021","","","",""
"TM","Detailed trade matrix","398","Kazakhstan","372","Ireland","5922","Export value","21641.01","Rapeseed or canola oil, crude","2022","2022","","","",""
"TM","Detailed trade matrix","398","Kazakhstan","372","Ireland","5922","Export value","21641.01","Rapeseed or canola oil, crude","2023","2023","","","",""
"TM","Detailed trade matrix","398","Kazakhstan","372","Ireland","5922","Export value","21641.01","Rapeseed or canola oil, crude","2024","2024","","","",""
"TM","Detailed trade matrix","398","Kazakhstan","372","Ireland","5910","Export quantity","01445","Sunflower seed","2018","2018","","","",""
"TM","Detailed trade matrix","398","Kazakhstan","372","Ireland","5910","Export quantity","01445","Sunflower seed","2019","2019","","","",""
"TM","Detailed trade matrix","398","Kazakhstan","372","Ireland","5910","Export quantity","01445","Sunflower seed","2020","2020","","","",""
"TM","Detailed trade matrix","398","Kazakhstan","372","Ireland","5910","Export quantity","01445","Sunflower seed","2021","2021","","","",""
"TM","Detailed trade matrix","398","Kazakhstan","372","Ireland","5910","Export quantity","01445","Sunflower seed","2022","2022","","","",""
"TM","Detailed trade matrix","398","Kazakhstan","372","Ireland","5910","Export quantity","01445","Sunflower seed","2023","2023","","","",""
"TM","Detailed trade matrix","398","Kazakhstan","372","Ireland","5910","Export quantity","01445","Sunflower seed","2024","2024","","","",""
"TM","Detailed trade matrix","398","Kazakhstan","372","Ireland","5922","Export value","01445","Sunflower seed","2018","2018","","","",""
"TM","Detailed trade matrix","398","Kazakhstan","372","Ireland","5922","Export value","01445","Sunflower seed","2019","2019","","","",""
"TM","Detailed trade matrix","398","Kazakhstan","372","Ireland","5922","Export value","01445","Sunflower seed","2020","2020","","","",""
"TM","Detailed trade matrix","398","Kazakhstan","372","Ireland","5922","Export value","01445","Sunflower seed","2021","2021","","","",""
"TM","Detailed trade matrix","398","Kazakhstan","372","Ireland","5922","Export value","01445","Sunflower seed","2022","2022","","","",""
"TM","Detailed trade matrix","398","Kazakhstan","372","Ireland","5922","Export value","01445","Sunflower seed","2023","2023","","","",""
"TM","Detailed trade matrix","398","Kazakhstan","372","Ireland","5922","Export value","01445","Sunflower seed","2024","2024","","","",""
"TM","Detailed trade matrix","398","Kazakhstan","372","Ireland","5910","Export quantity","21631.01","Sunflower-seed oil, crude","2018","2018","","","",""
"TM","Detailed trade matrix","398","Kazakhstan","372","Ireland","5910","Export quantity","21631.01","Sunflower-seed oil, crude","2019","2019","","","",""
"TM","Detailed trade matrix","398","Kazakhstan","372","Ireland","5910","Export quantity","21631.01","Sunflower-seed oil, crude","2020","2020","","","",""
"TM","Detailed trade matrix","398","Kazakhstan","372","Ireland","5910","Export quantity","21631.01","Sunflower-seed oil, crude","2021","2021","","","",""
"TM","Detailed trade matrix","398","Kazakhstan","372","Ireland","5910","Export quantity","21631.01","Sunflower-seed oil, crude","2022","2022","","","",""
"TM","Detailed trade matrix","398","Kazakhstan","372","Ireland","5910","Export quantity","21631.01","Sunflower-seed oil, crude","2023","2023","","","",""
"TM","Detailed trade matrix","398","Kazakhstan","372","Ireland","5910","Export quantity","21631.01","Sunflower-seed oil, crude","2024","2024","","","",""
"TM","Detailed trade matrix","398","Kazakhstan","372","Ireland","5922","Export value","21631.01","Sunflower-seed oil, crude","2018","2018","","","",""
"TM","Detailed trade matrix","398","Kazakhstan","372","Ireland","5922","Export value","21631.01","Sunflower-seed oil, crude","2019","2019","","","",""
"TM","Detailed trade matrix","398","Kazakhstan","372","Ireland","5922","Export value","21631.01","Sunflower-seed oil, crude","2020","2020","","","",""
"TM","Detailed trade matrix","398","Kazakhstan","372","Ireland","5922","Export value","21631.01","Sunflower-seed oil, crude","2021","2021","","","",""
"TM","Detailed trade matrix","398","Kazakhstan","372","Ireland","5922","Export value","21631.01","Sunflower-seed oil, crude","2022","2022","","","",""
"TM","Detailed trade matrix","398","Kazakhstan","372","Ireland","5922","Export value","21631.01","Sunflower-seed oil, crude","2023","2023","","","",""
"TM","Detailed trade matrix","398","Kazakhstan","372","Ireland","5922","Export value","21631.01","Sunflower-seed oil, crude","2024","2024","","","",""
"TM","Detailed trade matrix","398","Kazakhstan","372","Ireland","5910","Export quantity","0111","Wheat","2018","2018","","","",""
"TM","Detailed trade matrix","398","Kazakhstan","372","Ireland","5910","Export quantity","0111","Wheat","2019","2019","","","",""
"TM","Detailed trade matrix","398","Kazakhstan","372","Ireland","5910","Export quantity","0111","Wheat","2020","2020","","","",""
"TM","Detailed trade matrix","398","Kazakhstan","372","Ireland","5910","Export quantity","0111","Wheat","2021","2021","","","",""
"TM","Detailed trade matrix","398","Kazakhstan","372","Ireland","5910","Export quantity","0111","Wheat","2022","2022","","","",""
"TM","Detailed trade matrix","398","Kazakhstan","372","Ireland","5910","Export quantity","0111","Wheat","2023","2023","","","",""
"TM","Detailed trade matrix","398","Kazakhstan","372","Ireland","5910","Export quantity","0111","Wheat","2024","2024","","","",""
"TM","Detailed trade matrix","398","Kazakhstan","372","Ireland","5922","Export value","0111","Wheat","2018","2018","","","",""
"TM","Detailed trade matrix","398","Kazakhstan","372","Ireland","5922","Export value","0111","Wheat","2019","2019","","","",""
"TM","Detailed trade matrix","398","Kazakhstan","372","Ireland","5922","Export value","0111","Wheat","2020","2020","","","",""
"TM","Detailed trade matrix","398","Kazakhstan","372","Ireland","5922","Export value","0111","Wheat","2021","2021","","","",""
"TM","Detailed trade matrix","398","Kazakhstan","372","Ireland","5922","Export value","0111","Wheat","2022","2022","","","",""
"TM","Detailed trade matrix","398","Kazakhstan","372","Ireland","5922","Export value","0111","Wheat","2023","2023","","","",""
"TM","Detailed trade matrix","398","Kazakhstan","372","Ireland","5922","Export value","0111","Wheat","2024","2024","","","",""
"TM","Detailed trade matrix","398","Kazakhstan","380","Italy","5910","Export quantity","0115","Barley","2018","2018","","","",""
"TM","Detailed trade matrix","398","Kazakhstan","380","Italy","5910","Export quantity","0115","Barley","2019","2019","","","",""
"TM","Detailed trade matrix","398","Kazakhstan","380","Italy","5910","Export quantity","0115","Barley","2020","2020","","","",""
"TM","Detailed trade matrix","398","Kazakhstan","380","Italy","5910","Export quantity","0115","Barley","2021","2021","","","",""
"TM","Detailed trade matrix","398","Kazakhstan","380","Italy","5910","Export quantity","0115","Barley","2022","2022","","","",""
"TM","Detailed trade matrix","398","Kazakhstan","380","Italy","5910","Export quantity","0115","Barley","2023","2023","","","",""
"TM","Detailed trade matrix","398","Kazakhstan","380","Italy","5910","Export quantity","0115","Barley","2024","2024","","","",""
"TM","Detailed trade matrix","398","Kazakhstan","380","Italy","5922","Export value","0115","Barley","2018","2018","","","",""
"TM","Detailed trade matrix","398","Kazakhstan","380","Italy","5922","Export value","0115","Barley","2019","2019","","","",""
"TM","Detailed trade matrix","398","Kazakhstan","380","Italy","5922","Export value","0115","Barley","2020","2020","","","",""
"TM","Detailed trade matrix","398","Kazakhstan","380","Italy","5922","Export value","0115","Barley","2021","2021","","","",""
"TM","Detailed trade matrix","398","Kazakhstan","380","Italy","5922","Export value","0115","Barley","2022","2022","","","",""
"TM","Detailed trade matrix","398","Kazakhstan","380","Italy","5922","Export value","0115","Barley","2023","2023","","","",""
"TM","Detailed trade matrix","398","Kazakhstan","380","Italy","5922","Export value","0115","Barley","2024","2024","","","",""
"TM","Detailed trade matrix","398","Kazakhstan","380","Italy","5910","Export quantity","01704","Lentils, dry","2018","2018","t","347","A","Official value"
"TM","Detailed trade matrix","398","Kazakhstan","380","Italy","5910","Export quantity","01704","Lentils, dry","2019","2019","t","647","A","Official value"
"TM","Detailed trade matrix","398","Kazakhstan","380","Italy","5910","Export quantity","01704","Lentils, dry","2020","2020","t","472","A","Official value"
"TM","Detailed trade matrix","398","Kazakhstan","380","Italy","5910","Export quantity","01704","Lentils, dry","2021","2021","t","197","A","Official value"
"TM","Detailed trade matrix","398","Kazakhstan","380","Italy","5910","Export quantity","01704","Lentils, dry","2022","2022","t","63","A","Official value"
"TM","Detailed trade matrix","398","Kazakhstan","380","Italy","5910","Export quantity","01704","Lentils, dry","2023","2023","t","676","A","Official value"
"TM","Detailed trade matrix","398","Kazakhstan","380","Italy","5910","Export quantity","01704","Lentils, dry","2024","2024","t","2516.4","X","Value from external organization"
"TM","Detailed trade matrix","398","Kazakhstan","380","Italy","5922","Export value","01704","Lentils, dry","2018","2018","1000 USD","330","A","Official value"
"TM","Detailed trade matrix","398","Kazakhstan","380","Italy","5922","Export value","01704","Lentils, dry","2019","2019","1000 USD","435","A","Official value"
"TM","Detailed trade matrix","398","Kazakhstan","380","Italy","5922","Export value","01704","Lentils, dry","2020","2020","1000 USD","440","A","Official value"
"TM","Detailed trade matrix","398","Kazakhstan","380","Italy","5922","Export value","01704","Lentils, dry","2021","2021","1000 USD","218","A","Official value"
"TM","Detailed trade matrix","398","Kazakhstan","380","Italy","5922","Export value","01704","Lentils, dry","2022","2022","1000 USD","81","A","Official value"
"TM","Detailed trade matrix","398","Kazakhstan","380","Italy","5922","Export value","01704","Lentils, dry","2023","2023","1000 USD","772","A","Official value"
"TM","Detailed trade matrix","398","Kazakhstan","380","Italy","5922","Export value","01704","Lentils, dry","2024","2024","1000 USD","2764","X","Value from external organization"
"TM","Detailed trade matrix","398","Kazakhstan","380","Italy","5910","Export quantity","01441","Linseed","2018","2018","t","753.5","A","Official value"
"TM","Detailed trade matrix","398","Kazakhstan","380","Italy","5910","Export quantity","01441","Linseed","2019","2019","t","302","A","Official value"
"TM","Detailed trade matrix","398","Kazakhstan","380","Italy","5910","Export quantity","01441","Linseed","2020","2020","t","3224.99","A","Official value"
"TM","Detailed trade matrix","398","Kazakhstan","380","Italy","5910","Export quantity","01441","Linseed","2021","2021","t","66","A","Official value"
"TM","Detailed trade matrix","398","Kazakhstan","380","Italy","5910","Export quantity","01441","Linseed","2022","2022","t","154","A","Official value"
"TM","Detailed trade matrix","398","Kazakhstan","380","Italy","5910","Export quantity","01441","Linseed","2023","2023","","","",""
"TM","Detailed trade matrix","398","Kazakhstan","380","Italy","5910","Export quantity","01441","Linseed","2024","2024","t","6057.6","A","Official value"
"TM","Detailed trade matrix","398","Kazakhstan","380","Italy","5922","Export value","01441","Linseed","2018","2018","1000 USD","242","A","Official value"
"TM","Detailed trade matrix","398","Kazakhstan","380","Italy","5922","Export value","01441","Linseed","2019","2019","1000 USD","93","A","Official value"
"TM","Detailed trade matrix","398","Kazakhstan","380","Italy","5922","Export value","01441","Linseed","2020","2020","1000 USD","1621","A","Official value"
"TM","Detailed trade matrix","398","Kazakhstan","380","Italy","5922","Export value","01441","Linseed","2021","2021","1000 USD","30","A","Official value"
"TM","Detailed trade matrix","398","Kazakhstan","380","Italy","5922","Export value","01441","Linseed","2022","2022","1000 USD","101","A","Official value"
"TM","Detailed trade matrix","398","Kazakhstan","380","Italy","5922","Export value","01441","Linseed","2023","2023","","","",""
"TM","Detailed trade matrix","398","Kazakhstan","380","Italy","5922","Export value","01441","Linseed","2024","2024","1000 USD","4110","A","Official value"
"TM","Detailed trade matrix","398","Kazakhstan","380","Italy","5910","Export quantity","0112","Maize (corn)","2018","2018","","","",""
"TM","Detailed trade matrix","398","Kazakhstan","380","Italy","5910","Export quantity","0112","Maize (corn)","2019","2019","","","",""
"TM","Detailed trade matrix","398","Kazakhstan","380","Italy","5910","Export quantity","0112","Maize (corn)","2020","2020","","","",""
"TM","Detailed trade matrix","398","Kazakhstan","380","Italy","5910","Export quantity","0112","Maize (corn)","2021","2021","","","",""
"TM","Detailed trade matrix","398","Kazakhstan","380","Italy","5910","Export quantity","0112","Maize (corn)","2022","2022","","","",""
"TM","Detailed trade matrix","398","Kazakhstan","380","Italy","5910","Export quantity","0112","Maize (corn)","2023","2023","","","",""
"TM","Detailed trade matrix","398","Kazakhstan","380","Italy","5910","Export quantity","0112","Maize (corn)","2024","2024","","","",""
"TM","Detailed trade matrix","398","Kazakhstan","380","Italy","5922","Export value","0112","Maize (corn)","2018","2018","","","",""
"TM","Detailed trade matrix","398","Kazakhstan","380","Italy","5922","Export value","0112","Maize (corn)","2019","2019","","","",""
"TM","Detailed trade matrix","398","Kazakhstan","380","Italy","5922","Export value","0112","Maize (corn)","2020","2020","","","",""
"TM","Detailed trade matrix","398","Kazakhstan","380","Italy","5922","Export value","0112","Maize (corn)","2021","2021","","","",""
"TM","Detailed trade matrix","398","Kazakhstan","380","Italy","5922","Export value","0112","Maize (corn)","2022","2022","","","",""
"TM","Detailed trade matrix","398","Kazakhstan","380","Italy","5922","Export value","0112","Maize (corn)","2023","2023","","","",""
"TM","Detailed trade matrix","398","Kazakhstan","380","Italy","5922","Export value","0112","Maize (corn)","2024","2024","","","",""
"TM","Detailed trade matrix","398","Kazakhstan","380","Italy","5910","Export quantity","01705","Peas, dry","2018","2018","","","",""
"TM","Detailed trade matrix","398","Kazakhstan","380","Italy","5910","Export quantity","01705","Peas, dry","2019","2019","","","",""
"TM","Detailed trade matrix","398","Kazakhstan","380","Italy","5910","Export quantity","01705","Peas, dry","2020","2020","","","",""
"TM","Detailed trade matrix","398","Kazakhstan","380","Italy","5910","Export quantity","01705","Peas, dry","2021","2021","","","",""
"TM","Detailed trade matrix","398","Kazakhstan","380","Italy","5910","Export quantity","01705","Peas, dry","2022","2022","","","",""
"TM","Detailed trade matrix","398","Kazakhstan","380","Italy","5910","Export quantity","01705","Peas, dry","2023","2023","","","",""
"TM","Detailed trade matrix","398","Kazakhstan","380","Italy","5910","Export quantity","01705","Peas, dry","2024","2024","","","",""
"TM","Detailed trade matrix","398","Kazakhstan","380","Italy","5922","Export value","01705","Peas, dry","2018","2018","","","",""
"TM","Detailed trade matrix","398","Kazakhstan","380","Italy","5922","Export value","01705","Peas, dry","2019","2019","","","",""
"TM","Detailed trade matrix","398","Kazakhstan","380","Italy","5922","Export value","01705","Peas, dry","2020","2020","","","",""
"TM","Detailed trade matrix","398","Kazakhstan","380","Italy","5922","Export value","01705","Peas, dry","2021","2021","","","",""
"TM","Detailed trade matrix","398","Kazakhstan","380","Italy","5922","Export value","01705","Peas, dry","2022","2022","","","",""
"TM","Detailed trade matrix","398","Kazakhstan","380","Italy","5922","Export value","01705","Peas, dry","2023","2023","","","",""
"TM","Detailed trade matrix","398","Kazakhstan","380","Italy","5922","Export value","01705","Peas, dry","2024","2024","","","",""
"TM","Detailed trade matrix","398","Kazakhstan","380","Italy","5910","Export quantity","21641.01","Rapeseed or canola oil, crude","2018","2018","","","",""
"TM","Detailed trade matrix","398","Kazakhstan","380","Italy","5910","Export quantity","21641.01","Rapeseed or canola oil, crude","2019","2019","","","",""
"TM","Detailed trade matrix","398","Kazakhstan","380","Italy","5910","Export quantity","21641.01","Rapeseed or canola oil, crude","2020","2020","","","",""
"TM","Detailed trade matrix","398","Kazakhstan","380","Italy","5910","Export quantity","21641.01","Rapeseed or canola oil, crude","2021","2021","","","",""
"TM","Detailed trade matrix","398","Kazakhstan","380","Italy","5910","Export quantity","21641.01","Rapeseed or canola oil, crude","2022","2022","","","",""
"TM","Detailed trade matrix","398","Kazakhstan","380","Italy","5910","Export quantity","21641.01","Rapeseed or canola oil, crude","2023","2023","","","",""
"TM","Detailed trade matrix","398","Kazakhstan","380","Italy","5910","Export quantity","21641.01","Rapeseed or canola oil, crude","2024","2024","","","",""
"TM","Detailed trade matrix","398","Kazakhstan","380","Italy","5922","Export value","21641.01","Rapeseed or canola oil, crude","2018","2018","","","",""
"TM","Detailed trade matrix","398","Kazakhstan","380","Italy","5922","Export value","21641.01","Rapeseed or canola oil, crude","2019","2019","","","",""
"TM","Detailed trade matrix","398","Kazakhstan","380","Italy","5922","Export value","21641.01","Rapeseed or canola oil, crude","2020","2020","","","",""
"TM","Detailed trade matrix","398","Kazakhstan","380","Italy","5922","Export value","21641.01","Rapeseed or canola oil, crude","2021","2021","","","",""
"TM","Detailed trade matrix","398","Kazakhstan","380","Italy","5922","Export value","21641.01","Rapeseed or canola oil, crude","2022","2022","","","",""
"TM","Detailed trade matrix","398","Kazakhstan","380","Italy","5922","Export value","21641.01","Rapeseed or canola oil, crude","2023","2023","","","",""
"TM","Detailed trade matrix","398","Kazakhstan","380","Italy","5922","Export value","21641.01","Rapeseed or canola oil, crude","2024","2024","","","",""
"TM","Detailed trade matrix","398","Kazakhstan","380","Italy","5910","Export quantity","01445","Sunflower seed","2018","2018","","","",""
"TM","Detailed trade matrix","398","Kazakhstan","380","Italy","5910","Export quantity","01445","Sunflower seed","2019","2019","","","",""
"TM","Detailed trade matrix","398","Kazakhstan","380","Italy","5910","Export quantity","01445","Sunflower seed","2020","2020","","","",""
"TM","Detailed trade matrix","398","Kazakhstan","380","Italy","5910","Export quantity","01445","Sunflower seed","2021","2021","","","",""
"TM","Detailed trade matrix","398","Kazakhstan","380","Italy","5910","Export quantity","01445","Sunflower seed","2022","2022","","","",""
"TM","Detailed trade matrix","398","Kazakhstan","380","Italy","5910","Export quantity","01445","Sunflower seed","2023","2023","","","",""
"TM","Detailed trade matrix","398","Kazakhstan","380","Italy","5910","Export quantity","01445","Sunflower seed","2024","2024","","","",""
"TM","Detailed trade matrix","398","Kazakhstan","380","Italy","5922","Export value","01445","Sunflower seed","2018","2018","","","",""
"TM","Detailed trade matrix","398","Kazakhstan","380","Italy","5922","Export value","01445","Sunflower seed","2019","2019","","","",""
"TM","Detailed trade matrix","398","Kazakhstan","380","Italy","5922","Export value","01445","Sunflower seed","2020","2020","","","",""
"TM","Detailed trade matrix","398","Kazakhstan","380","Italy","5922","Export value","01445","Sunflower seed","2021","2021","","","",""
"TM","Detailed trade matrix","398","Kazakhstan","380","Italy","5922","Export value","01445","Sunflower seed","2022","2022","","","",""
"TM","Detailed trade matrix","398","Kazakhstan","380","Italy","5922","Export value","01445","Sunflower seed","2023","2023","","","",""
"TM","Detailed trade matrix","398","Kazakhstan","380","Italy","5922","Export value","01445","Sunflower seed","2024","2024","","","",""
"TM","Detailed trade matrix","398","Kazakhstan","380","Italy","5910","Export quantity","21631.01","Sunflower-seed oil, crude","2018","2018","","","",""
"TM","Detailed trade matrix","398","Kazakhstan","380","Italy","5910","Export quantity","21631.01","Sunflower-seed oil, crude","2019","2019","","","",""
"TM","Detailed trade matrix","398","Kazakhstan","380","Italy","5910","Export quantity","21631.01","Sunflower-seed oil, crude","2020","2020","","","",""
"TM","Detailed trade matrix","398","Kazakhstan","380","Italy","5910","Export quantity","21631.01","Sunflower-seed oil, crude","2021","2021","","","",""
"TM","Detailed trade matrix","398","Kazakhstan","380","Italy","5910","Export quantity","21631.01","Sunflower-seed oil, crude","2022","2022","","","",""
"TM","Detailed trade matrix","398","Kazakhstan","380","Italy","5910","Export quantity","21631.01","Sunflower-seed oil, crude","2023","2023","","","",""
"TM","Detailed trade matrix","398","Kazakhstan","380","Italy","5910","Export quantity","21631.01","Sunflower-seed oil, crude","2024","2024","t","20.37","A","Official value"
"TM","Detailed trade matrix","398","Kazakhstan","380","Italy","5922","Export value","21631.01","Sunflower-seed oil, crude","2018","2018","","","",""
"TM","Detailed trade matrix","398","Kazakhstan","380","Italy","5922","Export value","21631.01","Sunflower-seed oil, crude","2019","2019","","","",""
"TM","Detailed trade matrix","398","Kazakhstan","380","Italy","5922","Export value","21631.01","Sunflower-seed oil, crude","2020","2020","","","",""
"TM","Detailed trade matrix","398","Kazakhstan","380","Italy","5922","Export value","21631.01","Sunflower-seed oil, crude","2021","2021","","","",""
"TM","Detailed trade matrix","398","Kazakhstan","380","Italy","5922","Export value","21631.01","Sunflower-seed oil, crude","2022","2022","","","",""
"TM","Detailed trade matrix","398","Kazakhstan","380","Italy","5922","Export value","21631.01","Sunflower-seed oil, crude","2023","2023","","","",""
"TM","Detailed trade matrix","398","Kazakhstan","380","Italy","5922","Export value","21631.01","Sunflower-seed oil, crude","2024","2024","1000 USD","27","A","Official value"
"TM","Detailed trade matrix","398","Kazakhstan","380","Italy","5910","Export quantity","0111","Wheat","2018","2018","t","348419.73","A","Official value"
"TM","Detailed trade matrix","398","Kazakhstan","380","Italy","5910","Export quantity","0111","Wheat","2019","2019","t","138210.78","A","Official value"
"TM","Detailed trade matrix","398","Kazakhstan","380","Italy","5910","Export quantity","0111","Wheat","2020","2020","t","141045.88","A","Official value"
"TM","Detailed trade matrix","398","Kazakhstan","380","Italy","5910","Export quantity","0111","Wheat","2021","2021","t","201002.3","A","Official value"
"TM","Detailed trade matrix","398","Kazakhstan","380","Italy","5910","Export quantity","0111","Wheat","2022","2022","t","225768.19","A","Official value"
"TM","Detailed trade matrix","398","Kazakhstan","380","Italy","5910","Export quantity","0111","Wheat","2023","2023","t","528782.32","A","Official value"
"TM","Detailed trade matrix","398","Kazakhstan","380","Italy","5910","Export quantity","0111","Wheat","2024","2024","t","252632","A","Official value"
"TM","Detailed trade matrix","398","Kazakhstan","380","Italy","5922","Export value","0111","Wheat","2018","2018","1000 USD","66304","A","Official value"
"TM","Detailed trade matrix","398","Kazakhstan","380","Italy","5922","Export value","0111","Wheat","2019","2019","1000 USD","29918","A","Official value"
"TM","Detailed trade matrix","398","Kazakhstan","380","Italy","5922","Export value","0111","Wheat","2020","2020","1000 USD","34554","A","Official value"
"TM","Detailed trade matrix","398","Kazakhstan","380","Italy","5922","Export value","0111","Wheat","2021","2021","1000 USD","69796","A","Official value"
"TM","Detailed trade matrix","398","Kazakhstan","380","Italy","5922","Export value","0111","Wheat","2022","2022","1000 USD","85102","A","Official value"
"TM","Detailed trade matrix","398","Kazakhstan","380","Italy","5922","Export value","0111","Wheat","2023","2023","1000 USD","174038","A","Official value"
"TM","Detailed trade matrix","398","Kazakhstan","380","Italy","5922","Export value","0111","Wheat","2024","2024","1000 USD","56919","A","Official value"
"TM","Detailed trade matrix","398","Kazakhstan","428","Latvia","5910","Export quantity","0115","Barley","2018","2018","","","",""
"TM","Detailed trade matrix","398","Kazakhstan","428","Latvia","5910","Export quantity","0115","Barley","2019","2019","","","",""
"TM","Detailed trade matrix","398","Kazakhstan","428","Latvia","5910","Export quantity","0115","Barley","2020","2020","","","",""
"TM","Detailed trade matrix","398","Kazakhstan","428","Latvia","5910","Export quantity","0115","Barley","2021","2021","","","",""
"TM","Detailed trade matrix","398","Kazakhstan","428","Latvia","5910","Export quantity","0115","Barley","2022","2022","","","",""
"TM","Detailed trade matrix","398","Kazakhstan","428","Latvia","5910","Export quantity","0115","Barley","2023","2023","","","",""
"TM","Detailed trade matrix","398","Kazakhstan","428","Latvia","5910","Export quantity","0115","Barley","2024","2024","","","",""
"TM","Detailed trade matrix","398","Kazakhstan","428","Latvia","5922","Export value","0115","Barley","2018","2018","","","",""
"TM","Detailed trade matrix","398","Kazakhstan","428","Latvia","5922","Export value","0115","Barley","2019","2019","","","",""
"TM","Detailed trade matrix","398","Kazakhstan","428","Latvia","5922","Export value","0115","Barley","2020","2020","","","",""
"TM","Detailed trade matrix","398","Kazakhstan","428","Latvia","5922","Export value","0115","Barley","2021","2021","","","",""
"TM","Detailed trade matrix","398","Kazakhstan","428","Latvia","5922","Export value","0115","Barley","2022","2022","","","",""
"TM","Detailed trade matrix","398","Kazakhstan","428","Latvia","5922","Export value","0115","Barley","2023","2023","","","",""
"TM","Detailed trade matrix","398","Kazakhstan","428","Latvia","5922","Export value","0115","Barley","2024","2024","","","",""
"TM","Detailed trade matrix","398","Kazakhstan","428","Latvia","5910","Export quantity","01704","Lentils, dry","2018","2018","","","",""
"TM","Detailed trade matrix","398","Kazakhstan","428","Latvia","5910","Export quantity","01704","Lentils, dry","2019","2019","","","",""
"TM","Detailed trade matrix","398","Kazakhstan","428","Latvia","5910","Export quantity","01704","Lentils, dry","2020","2020","","","",""
"TM","Detailed trade matrix","398","Kazakhstan","428","Latvia","5910","Export quantity","01704","Lentils, dry","2021","2021","","","",""
"TM","Detailed trade matrix","398","Kazakhstan","428","Latvia","5910","Export quantity","01704","Lentils, dry","2022","2022","","","",""
"TM","Detailed trade matrix","398","Kazakhstan","428","Latvia","5910","Export quantity","01704","Lentils, dry","2023","2023","t","73.4","A","Official value"
"TM","Detailed trade matrix","398","Kazakhstan","428","Latvia","5910","Export quantity","01704","Lentils, dry","2024","2024","t","87.58","A","Official value"
"TM","Detailed trade matrix","398","Kazakhstan","428","Latvia","5922","Export value","01704","Lentils, dry","2018","2018","","","",""
"TM","Detailed trade matrix","398","Kazakhstan","428","Latvia","5922","Export value","01704","Lentils, dry","2019","2019","","","",""
"TM","Detailed trade matrix","398","Kazakhstan","428","Latvia","5922","Export value","01704","Lentils, dry","2020","2020","","","",""
"TM","Detailed trade matrix","398","Kazakhstan","428","Latvia","5922","Export value","01704","Lentils, dry","2021","2021","","","",""
"TM","Detailed trade matrix","398","Kazakhstan","428","Latvia","5922","Export value","01704","Lentils, dry","2022","2022","","","",""
"TM","Detailed trade matrix","398","Kazakhstan","428","Latvia","5922","Export value","01704","Lentils, dry","2023","2023","1000 USD","59","A","Official value"
"TM","Detailed trade matrix","398","Kazakhstan","428","Latvia","5922","Export value","01704","Lentils, dry","2024","2024","1000 USD","70","A","Official value"
"TM","Detailed trade matrix","398","Kazakhstan","428","Latvia","5910","Export quantity","01441","Linseed","2018","2018","t","1310","A","Official value"
"TM","Detailed trade matrix","398","Kazakhstan","428","Latvia","5910","Export quantity","01441","Linseed","2019","2019","t","1645.65","A","Official value"
"TM","Detailed trade matrix","398","Kazakhstan","428","Latvia","5910","Export quantity","01441","Linseed","2020","2020","t","710.6","A","Official value"
"TM","Detailed trade matrix","398","Kazakhstan","428","Latvia","5910","Export quantity","01441","Linseed","2021","2021","t","294","A","Official value"
"TM","Detailed trade matrix","398","Kazakhstan","428","Latvia","5910","Export quantity","01441","Linseed","2022","2022","t","342","A","Official value"
"TM","Detailed trade matrix","398","Kazakhstan","428","Latvia","5910","Export quantity","01441","Linseed","2023","2023","t","177.47","A","Official value"
"TM","Detailed trade matrix","398","Kazakhstan","428","Latvia","5910","Export quantity","01441","Linseed","2024","2024","t","576","A","Official value"
"TM","Detailed trade matrix","398","Kazakhstan","428","Latvia","5922","Export value","01441","Linseed","2018","2018","1000 USD","361","A","Official value"
"TM","Detailed trade matrix","398","Kazakhstan","428","Latvia","5922","Export value","01441","Linseed","2019","2019","1000 USD","562","A","Official value"
"TM","Detailed trade matrix","398","Kazakhstan","428","Latvia","5922","Export value","01441","Linseed","2020","2020","1000 USD","297","A","Official value"
"TM","Detailed trade matrix","398","Kazakhstan","428","Latvia","5922","Export value","01441","Linseed","2021","2021","1000 USD","182","A","Official value"
"TM","Detailed trade matrix","398","Kazakhstan","428","Latvia","5922","Export value","01441","Linseed","2022","2022","1000 USD","185","A","Official value"
"TM","Detailed trade matrix","398","Kazakhstan","428","Latvia","5922","Export value","01441","Linseed","2023","2023","1000 USD","71","A","Official value"
"TM","Detailed trade matrix","398","Kazakhstan","428","Latvia","5922","Export value","01441","Linseed","2024","2024","1000 USD","274","A","Official value"
"TM","Detailed trade matrix","398","Kazakhstan","428","Latvia","5910","Export quantity","0112","Maize (corn)","2018","2018","","","",""
"TM","Detailed trade matrix","398","Kazakhstan","428","Latvia","5910","Export quantity","0112","Maize (corn)","2019","2019","","","",""
"TM","Detailed trade matrix","398","Kazakhstan","428","Latvia","5910","Export quantity","0112","Maize (corn)","2020","2020","","","",""
"TM","Detailed trade matrix","398","Kazakhstan","428","Latvia","5910","Export quantity","0112","Maize (corn)","2021","2021","","","",""
"TM","Detailed trade matrix","398","Kazakhstan","428","Latvia","5910","Export quantity","0112","Maize (corn)","2022","2022","","","",""
"TM","Detailed trade matrix","398","Kazakhstan","428","Latvia","5910","Export quantity","0112","Maize (corn)","2023","2023","","","",""
"TM","Detailed trade matrix","398","Kazakhstan","428","Latvia","5910","Export quantity","0112","Maize (corn)","2024","2024","","","",""
"TM","Detailed trade matrix","398","Kazakhstan","428","Latvia","5922","Export value","0112","Maize (corn)","2018","2018","","","",""
"TM","Detailed trade matrix","398","Kazakhstan","428","Latvia","5922","Export value","0112","Maize (corn)","2019","2019","","","",""
"TM","Detailed trade matrix","398","Kazakhstan","428","Latvia","5922","Export value","0112","Maize (corn)","2020","2020","","","",""
"TM","Detailed trade matrix","398","Kazakhstan","428","Latvia","5922","Export value","0112","Maize (corn)","2021","2021","","","",""
"TM","Detailed trade matrix","398","Kazakhstan","428","Latvia","5922","Export value","0112","Maize (corn)","2022","2022","","","",""
"TM","Detailed trade matrix","398","Kazakhstan","428","Latvia","5922","Export value","0112","Maize (corn)","2023","2023","","","",""
"TM","Detailed trade matrix","398","Kazakhstan","428","Latvia","5922","Export value","0112","Maize (corn)","2024","2024","","","",""
"TM","Detailed trade matrix","398","Kazakhstan","428","Latvia","5910","Export quantity","01705","Peas, dry","2018","2018","","","",""
"TM","Detailed trade matrix","398","Kazakhstan","428","Latvia","5910","Export quantity","01705","Peas, dry","2019","2019","","","",""
"TM","Detailed trade matrix","398","Kazakhstan","428","Latvia","5910","Export quantity","01705","Peas, dry","2020","2020","","","",""
"TM","Detailed trade matrix","398","Kazakhstan","428","Latvia","5910","Export quantity","01705","Peas, dry","2021","2021","","","",""
"TM","Detailed trade matrix","398","Kazakhstan","428","Latvia","5910","Export quantity","01705","Peas, dry","2022","2022","t","325","A","Official value"
"TM","Detailed trade matrix","398","Kazakhstan","428","Latvia","5910","Export quantity","01705","Peas, dry","2023","2023","","","",""
"TM","Detailed trade matrix","398","Kazakhstan","428","Latvia","5910","Export quantity","01705","Peas, dry","2024","2024","","","",""
"TM","Detailed trade matrix","398","Kazakhstan","428","Latvia","5922","Export value","01705","Peas, dry","2018","2018","","","",""
"TM","Detailed trade matrix","398","Kazakhstan","428","Latvia","5922","Export value","01705","Peas, dry","2019","2019","","","",""
"TM","Detailed trade matrix","398","Kazakhstan","428","Latvia","5922","Export value","01705","Peas, dry","2020","2020","","","",""
"TM","Detailed trade matrix","398","Kazakhstan","428","Latvia","5922","Export value","01705","Peas, dry","2021","2021","","","",""
"TM","Detailed trade matrix","398","Kazakhstan","428","Latvia","5922","Export value","01705","Peas, dry","2022","2022","1000 USD","186","A","Official value"
"TM","Detailed trade matrix","398","Kazakhstan","428","Latvia","5922","Export value","01705","Peas, dry","2023","2023","","","",""
"TM","Detailed trade matrix","398","Kazakhstan","428","Latvia","5922","Export value","01705","Peas, dry","2024","2024","","","",""
"TM","Detailed trade matrix","398","Kazakhstan","428","Latvia","5910","Export quantity","21641.01","Rapeseed or canola oil, crude","2018","2018","","","",""
"TM","Detailed trade matrix","398","Kazakhstan","428","Latvia","5910","Export quantity","21641.01","Rapeseed or canola oil, crude","2019","2019","","","",""
"TM","Detailed trade matrix","398","Kazakhstan","428","Latvia","5910","Export quantity","21641.01","Rapeseed or canola oil, crude","2020","2020","","","",""
"TM","Detailed trade matrix","398","Kazakhstan","428","Latvia","5910","Export quantity","21641.01","Rapeseed or canola oil, crude","2021","2021","","","",""
"TM","Detailed trade matrix","398","Kazakhstan","428","Latvia","5910","Export quantity","21641.01","Rapeseed or canola oil, crude","2022","2022","t","3050","A","Official value"
"TM","Detailed trade matrix","398","Kazakhstan","428","Latvia","5910","Export quantity","21641.01","Rapeseed or canola oil, crude","2023","2023","","","",""
"TM","Detailed trade matrix","398","Kazakhstan","428","Latvia","5910","Export quantity","21641.01","Rapeseed or canola oil, crude","2024","2024","t","58.33","A","Official value"
"TM","Detailed trade matrix","398","Kazakhstan","428","Latvia","5922","Export value","21641.01","Rapeseed or canola oil, crude","2018","2018","","","",""
"TM","Detailed trade matrix","398","Kazakhstan","428","Latvia","5922","Export value","21641.01","Rapeseed or canola oil, crude","2019","2019","","","",""
"TM","Detailed trade matrix","398","Kazakhstan","428","Latvia","5922","Export value","21641.01","Rapeseed or canola oil, crude","2020","2020","","","",""
"TM","Detailed trade matrix","398","Kazakhstan","428","Latvia","5922","Export value","21641.01","Rapeseed or canola oil, crude","2021","2021","","","",""
"TM","Detailed trade matrix","398","Kazakhstan","428","Latvia","5922","Export value","21641.01","Rapeseed or canola oil, crude","2022","2022","1000 USD","5064","A","Official value"
"TM","Detailed trade matrix","398","Kazakhstan","428","Latvia","5922","Export value","21641.01","Rapeseed or canola oil, crude","2023","2023","","","",""
"TM","Detailed trade matrix","398","Kazakhstan","428","Latvia","5922","Export value","21641.01","Rapeseed or canola oil, crude","2024","2024","1000 USD","35","A","Official value"
"TM","Detailed trade matrix","398","Kazakhstan","428","Latvia","5910","Export quantity","01445","Sunflower seed","2018","2018","","","",""
"TM","Detailed trade matrix","398","Kazakhstan","428","Latvia","5910","Export quantity","01445","Sunflower seed","2019","2019","","","",""
"TM","Detailed trade matrix","398","Kazakhstan","428","Latvia","5910","Export quantity","01445","Sunflower seed","2020","2020","","","",""
"TM","Detailed trade matrix","398","Kazakhstan","428","Latvia","5910","Export quantity","01445","Sunflower seed","2021","2021","","","",""
"TM","Detailed trade matrix","398","Kazakhstan","428","Latvia","5910","Export quantity","01445","Sunflower seed","2022","2022","","","",""
"TM","Detailed trade matrix","398","Kazakhstan","428","Latvia","5910","Export quantity","01445","Sunflower seed","2023","2023","","","",""
"TM","Detailed trade matrix","398","Kazakhstan","428","Latvia","5910","Export quantity","01445","Sunflower seed","2024","2024","","","",""
"TM","Detailed trade matrix","398","Kazakhstan","428","Latvia","5922","Export value","01445","Sunflower seed","2018","2018","","","",""
"TM","Detailed trade matrix","398","Kazakhstan","428","Latvia","5922","Export value","01445","Sunflower seed","2019","2019","","","",""
"TM","Detailed trade matrix","398","Kazakhstan","428","Latvia","5922","Export value","01445","Sunflower seed","2020","2020","","","",""
"TM","Detailed trade matrix","398","Kazakhstan","428","Latvia","5922","Export value","01445","Sunflower seed","2021","2021","","","",""
"TM","Detailed trade matrix","398","Kazakhstan","428","Latvia","5922","Export value","01445","Sunflower seed","2022","2022","","","",""
"TM","Detailed trade matrix","398","Kazakhstan","428","Latvia","5922","Export value","01445","Sunflower seed","2023","2023","","","",""
"TM","Detailed trade matrix","398","Kazakhstan","428","Latvia","5922","Export value","01445","Sunflower seed","2024","2024","","","",""
"TM","Detailed trade matrix","398","Kazakhstan","428","Latvia","5910","Export quantity","21631.01","Sunflower-seed oil, crude","2018","2018","","","",""
"TM","Detailed trade matrix","398","Kazakhstan","428","Latvia","5910","Export quantity","21631.01","Sunflower-seed oil, crude","2019","2019","","","",""
"TM","Detailed trade matrix","398","Kazakhstan","428","Latvia","5910","Export quantity","21631.01","Sunflower-seed oil, crude","2020","2020","","","",""
"TM","Detailed trade matrix","398","Kazakhstan","428","Latvia","5910","Export quantity","21631.01","Sunflower-seed oil, crude","2021","2021","t","34.35","A","Official value"
"TM","Detailed trade matrix","398","Kazakhstan","428","Latvia","5910","Export quantity","21631.01","Sunflower-seed oil, crude","2022","2022","t","224.54","A","Official value"
"TM","Detailed trade matrix","398","Kazakhstan","428","Latvia","5910","Export quantity","21631.01","Sunflower-seed oil, crude","2023","2023","t","47.32","A","Official value"
"TM","Detailed trade matrix","398","Kazakhstan","428","Latvia","5910","Export quantity","21631.01","Sunflower-seed oil, crude","2024","2024","t","6058.95","A","Official value"
"TM","Detailed trade matrix","398","Kazakhstan","428","Latvia","5922","Export value","21631.01","Sunflower-seed oil, crude","2018","2018","","","",""
"TM","Detailed trade matrix","398","Kazakhstan","428","Latvia","5922","Export value","21631.01","Sunflower-seed oil, crude","2019","2019","","","",""
"TM","Detailed trade matrix","398","Kazakhstan","428","Latvia","5922","Export value","21631.01","Sunflower-seed oil, crude","2020","2020","","","",""
"TM","Detailed trade matrix","398","Kazakhstan","428","Latvia","5922","Export value","21631.01","Sunflower-seed oil, crude","2021","2021","1000 USD","24","A","Official value"
"TM","Detailed trade matrix","398","Kazakhstan","428","Latvia","5922","Export value","21631.01","Sunflower-seed oil, crude","2022","2022","1000 USD","319","A","Official value"
"TM","Detailed trade matrix","398","Kazakhstan","428","Latvia","5922","Export value","21631.01","Sunflower-seed oil, crude","2023","2023","1000 USD","70","A","Official value"
"TM","Detailed trade matrix","398","Kazakhstan","428","Latvia","5922","Export value","21631.01","Sunflower-seed oil, crude","2024","2024","1000 USD","5938","A","Official value"
"TM","Detailed trade matrix","398","Kazakhstan","428","Latvia","5910","Export quantity","0111","Wheat","2018","2018","t","1593","A","Official value"
"TM","Detailed trade matrix","398","Kazakhstan","428","Latvia","5910","Export quantity","0111","Wheat","2019","2019","","","",""
"TM","Detailed trade matrix","398","Kazakhstan","428","Latvia","5910","Export quantity","0111","Wheat","2020","2020","t","1190","A","Official value"
"TM","Detailed trade matrix","398","Kazakhstan","428","Latvia","5910","Export quantity","0111","Wheat","2021","2021","t","9945.85","A","Official value"
"TM","Detailed trade matrix","398","Kazakhstan","428","Latvia","5910","Export quantity","0111","Wheat","2022","2022","t","16636.4","A","Official value"
"TM","Detailed trade matrix","398","Kazakhstan","428","Latvia","5910","Export quantity","0111","Wheat","2023","2023","t","51721.25","A","Official value"
"TM","Detailed trade matrix","398","Kazakhstan","428","Latvia","5910","Export quantity","0111","Wheat","2024","2024","t","26348.5","A","Official value"
"TM","Detailed trade matrix","398","Kazakhstan","428","Latvia","5922","Export value","0111","Wheat","2018","2018","1000 USD","255","A","Official value"
"TM","Detailed trade matrix","398","Kazakhstan","428","Latvia","5922","Export value","0111","Wheat","2019","2019","","","",""
"TM","Detailed trade matrix","398","Kazakhstan","428","Latvia","5922","Export value","0111","Wheat","2020","2020","1000 USD","246","A","Official value"
"TM","Detailed trade matrix","398","Kazakhstan","428","Latvia","5922","Export value","0111","Wheat","2021","2021","1000 USD","3949","A","Official value"
"TM","Detailed trade matrix","398","Kazakhstan","428","Latvia","5922","Export value","0111","Wheat","2022","2022","1000 USD","7925","A","Official value"
"TM","Detailed trade matrix","398","Kazakhstan","428","Latvia","5922","Export value","0111","Wheat","2023","2023","1000 USD","20453","A","Official value"
"TM","Detailed trade matrix","398","Kazakhstan","428","Latvia","5922","Export value","0111","Wheat","2024","2024","1000 USD","7968","A","Official value"
"TM","Detailed trade matrix","398","Kazakhstan","440","Lithuania","5910","Export quantity","0115","Barley","2018","2018","","","",""
"TM","Detailed trade matrix","398","Kazakhstan","440","Lithuania","5910","Export quantity","0115","Barley","2019","2019","","","",""
"TM","Detailed trade matrix","398","Kazakhstan","440","Lithuania","5910","Export quantity","0115","Barley","2020","2020","","","",""
"TM","Detailed trade matrix","398","Kazakhstan","440","Lithuania","5910","Export quantity","0115","Barley","2021","2021","","","",""
"TM","Detailed trade matrix","398","Kazakhstan","440","Lithuania","5910","Export quantity","0115","Barley","2022","2022","","","",""
"TM","Detailed trade matrix","398","Kazakhstan","440","Lithuania","5910","Export quantity","0115","Barley","2023","2023","","","",""
"TM","Detailed trade matrix","398","Kazakhstan","440","Lithuania","5910","Export quantity","0115","Barley","2024","2024","","","",""
"TM","Detailed trade matrix","398","Kazakhstan","440","Lithuania","5922","Export value","0115","Barley","2018","2018","","","",""
"TM","Detailed trade matrix","398","Kazakhstan","440","Lithuania","5922","Export value","0115","Barley","2019","2019","","","",""
"TM","Detailed trade matrix","398","Kazakhstan","440","Lithuania","5922","Export value","0115","Barley","2020","2020","","","",""
"TM","Detailed trade matrix","398","Kazakhstan","440","Lithuania","5922","Export value","0115","Barley","2021","2021","","","",""
"TM","Detailed trade matrix","398","Kazakhstan","440","Lithuania","5922","Export value","0115","Barley","2022","2022","","","",""
"TM","Detailed trade matrix","398","Kazakhstan","440","Lithuania","5922","Export value","0115","Barley","2023","2023","","","",""
"TM","Detailed trade matrix","398","Kazakhstan","440","Lithuania","5922","Export value","0115","Barley","2024","2024","","","",""
"TM","Detailed trade matrix","398","Kazakhstan","440","Lithuania","5910","Export quantity","01704","Lentils, dry","2018","2018","","","",""
"TM","Detailed trade matrix","398","Kazakhstan","440","Lithuania","5910","Export quantity","01704","Lentils, dry","2019","2019","","","",""
"TM","Detailed trade matrix","398","Kazakhstan","440","Lithuania","5910","Export quantity","01704","Lentils, dry","2020","2020","","","",""
"TM","Detailed trade matrix","398","Kazakhstan","440","Lithuania","5910","Export quantity","01704","Lentils, dry","2021","2021","","","",""
"TM","Detailed trade matrix","398","Kazakhstan","440","Lithuania","5910","Export quantity","01704","Lentils, dry","2022","2022","","","",""
"TM","Detailed trade matrix","398","Kazakhstan","440","Lithuania","5910","Export quantity","01704","Lentils, dry","2023","2023","","","",""
"TM","Detailed trade matrix","398","Kazakhstan","440","Lithuania","5910","Export quantity","01704","Lentils, dry","2024","2024","","","",""
"TM","Detailed trade matrix","398","Kazakhstan","440","Lithuania","5922","Export value","01704","Lentils, dry","2018","2018","","","",""
"TM","Detailed trade matrix","398","Kazakhstan","440","Lithuania","5922","Export value","01704","Lentils, dry","2019","2019","","","",""
"TM","Detailed trade matrix","398","Kazakhstan","440","Lithuania","5922","Export value","01704","Lentils, dry","2020","2020","","","",""
"TM","Detailed trade matrix","398","Kazakhstan","440","Lithuania","5922","Export value","01704","Lentils, dry","2021","2021","","","",""
"TM","Detailed trade matrix","398","Kazakhstan","440","Lithuania","5922","Export value","01704","Lentils, dry","2022","2022","","","",""
"TM","Detailed trade matrix","398","Kazakhstan","440","Lithuania","5922","Export value","01704","Lentils, dry","2023","2023","","","",""
"TM","Detailed trade matrix","398","Kazakhstan","440","Lithuania","5922","Export value","01704","Lentils, dry","2024","2024","","","",""
"TM","Detailed trade matrix","398","Kazakhstan","440","Lithuania","5910","Export quantity","01441","Linseed","2018","2018","t","1153.15","A","Official value"
"TM","Detailed trade matrix","398","Kazakhstan","440","Lithuania","5910","Export quantity","01441","Linseed","2019","2019","t","582.2","A","Official value"
"TM","Detailed trade matrix","398","Kazakhstan","440","Lithuania","5910","Export quantity","01441","Linseed","2020","2020","t","958.5","A","Official value"
"TM","Detailed trade matrix","398","Kazakhstan","440","Lithuania","5910","Export quantity","01441","Linseed","2021","2021","t","1012","A","Official value"
"TM","Detailed trade matrix","398","Kazakhstan","440","Lithuania","5910","Export quantity","01441","Linseed","2022","2022","t","2082","A","Official value"
"TM","Detailed trade matrix","398","Kazakhstan","440","Lithuania","5910","Export quantity","01441","Linseed","2023","2023","t","978","A","Official value"
"TM","Detailed trade matrix","398","Kazakhstan","440","Lithuania","5910","Export quantity","01441","Linseed","2024","2024","t","3870","A","Official value"
"TM","Detailed trade matrix","398","Kazakhstan","440","Lithuania","5922","Export value","01441","Linseed","2018","2018","1000 USD","558","A","Official value"
"TM","Detailed trade matrix","398","Kazakhstan","440","Lithuania","5922","Export value","01441","Linseed","2019","2019","1000 USD","327","A","Official value"
"TM","Detailed trade matrix","398","Kazakhstan","440","Lithuania","5922","Export value","01441","Linseed","2020","2020","1000 USD","640","A","Official value"
"TM","Detailed trade matrix","398","Kazakhstan","440","Lithuania","5922","Export value","01441","Linseed","2021","2021","1000 USD","883","A","Official value"
"TM","Detailed trade matrix","398","Kazakhstan","440","Lithuania","5922","Export value","01441","Linseed","2022","2022","1000 USD","2161","A","Official value"
"TM","Detailed trade matrix","398","Kazakhstan","440","Lithuania","5922","Export value","01441","Linseed","2023","2023","1000 USD","913","A","Official value"
"TM","Detailed trade matrix","398","Kazakhstan","440","Lithuania","5922","Export value","01441","Linseed","2024","2024","1000 USD","2913","A","Official value"
"TM","Detailed trade matrix","398","Kazakhstan","440","Lithuania","5910","Export quantity","0112","Maize (corn)","2018","2018","","","",""
"TM","Detailed trade matrix","398","Kazakhstan","440","Lithuania","5910","Export quantity","0112","Maize (corn)","2019","2019","","","",""
"TM","Detailed trade matrix","398","Kazakhstan","440","Lithuania","5910","Export quantity","0112","Maize (corn)","2020","2020","","","",""
"TM","Detailed trade matrix","398","Kazakhstan","440","Lithuania","5910","Export quantity","0112","Maize (corn)","2021","2021","","","",""
"TM","Detailed trade matrix","398","Kazakhstan","440","Lithuania","5910","Export quantity","0112","Maize (corn)","2022","2022","","","",""
"TM","Detailed trade matrix","398","Kazakhstan","440","Lithuania","5910","Export quantity","0112","Maize (corn)","2023","2023","","","",""
"TM","Detailed trade matrix","398","Kazakhstan","440","Lithuania","5910","Export quantity","0112","Maize (corn)","2024","2024","","","",""
"TM","Detailed trade matrix","398","Kazakhstan","440","Lithuania","5922","Export value","0112","Maize (corn)","2018","2018","","","",""
"TM","Detailed trade matrix","398","Kazakhstan","440","Lithuania","5922","Export value","0112","Maize (corn)","2019","2019","","","",""
"TM","Detailed trade matrix","398","Kazakhstan","440","Lithuania","5922","Export value","0112","Maize (corn)","2020","2020","","","",""
"TM","Detailed trade matrix","398","Kazakhstan","440","Lithuania","5922","Export value","0112","Maize (corn)","2021","2021","","","",""
"TM","Detailed trade matrix","398","Kazakhstan","440","Lithuania","5922","Export value","0112","Maize (corn)","2022","2022","","","",""
"TM","Detailed trade matrix","398","Kazakhstan","440","Lithuania","5922","Export value","0112","Maize (corn)","2023","2023","","","",""
"TM","Detailed trade matrix","398","Kazakhstan","440","Lithuania","5922","Export value","0112","Maize (corn)","2024","2024","","","",""
"TM","Detailed trade matrix","398","Kazakhstan","440","Lithuania","5910","Export quantity","01705","Peas, dry","2018","2018","","","",""
"TM","Detailed trade matrix","398","Kazakhstan","440","Lithuania","5910","Export quantity","01705","Peas, dry","2019","2019","","","",""
"TM","Detailed trade matrix","398","Kazakhstan","440","Lithuania","5910","Export quantity","01705","Peas, dry","2020","2020","t","589","A","Official value"
"TM","Detailed trade matrix","398","Kazakhstan","440","Lithuania","5910","Export quantity","01705","Peas, dry","2021","2021","","","",""
"TM","Detailed trade matrix","398","Kazakhstan","440","Lithuania","5910","Export quantity","01705","Peas, dry","2022","2022","t","264","A","Official value"
"TM","Detailed trade matrix","398","Kazakhstan","440","Lithuania","5910","Export quantity","01705","Peas, dry","2023","2023","t","252","A","Official value"
"TM","Detailed trade matrix","398","Kazakhstan","440","Lithuania","5910","Export quantity","01705","Peas, dry","2024","2024","t","198","A","Official value"
"TM","Detailed trade matrix","398","Kazakhstan","440","Lithuania","5922","Export value","01705","Peas, dry","2018","2018","","","",""
"TM","Detailed trade matrix","398","Kazakhstan","440","Lithuania","5922","Export value","01705","Peas, dry","2019","2019","","","",""
"TM","Detailed trade matrix","398","Kazakhstan","440","Lithuania","5922","Export value","01705","Peas, dry","2020","2020","1000 USD","137","A","Official value"
"TM","Detailed trade matrix","398","Kazakhstan","440","Lithuania","5922","Export value","01705","Peas, dry","2021","2021","","","",""
"TM","Detailed trade matrix","398","Kazakhstan","440","Lithuania","5922","Export value","01705","Peas, dry","2022","2022","1000 USD","112","A","Official value"
"TM","Detailed trade matrix","398","Kazakhstan","440","Lithuania","5922","Export value","01705","Peas, dry","2023","2023","1000 USD","88","A","Official value"
"TM","Detailed trade matrix","398","Kazakhstan","440","Lithuania","5922","Export value","01705","Peas, dry","2024","2024","1000 USD","62","A","Official value"
"TM","Detailed trade matrix","398","Kazakhstan","440","Lithuania","5910","Export quantity","21641.01","Rapeseed or canola oil, crude","2018","2018","","","",""
"TM","Detailed trade matrix","398","Kazakhstan","440","Lithuania","5910","Export quantity","21641.01","Rapeseed or canola oil, crude","2019","2019","","","",""
"TM","Detailed trade matrix","398","Kazakhstan","440","Lithuania","5910","Export quantity","21641.01","Rapeseed or canola oil, crude","2020","2020","","","",""
"TM","Detailed trade matrix","398","Kazakhstan","440","Lithuania","5910","Export quantity","21641.01","Rapeseed or canola oil, crude","2021","2021","t","145.13","A","Official value"
"TM","Detailed trade matrix","398","Kazakhstan","440","Lithuania","5910","Export quantity","21641.01","Rapeseed or canola oil, crude","2022","2022","","","",""
"TM","Detailed trade matrix","398","Kazakhstan","440","Lithuania","5910","Export quantity","21641.01","Rapeseed or canola oil, crude","2023","2023","","","",""
"TM","Detailed trade matrix","398","Kazakhstan","440","Lithuania","5910","Export quantity","21641.01","Rapeseed or canola oil, crude","2024","2024","","","",""
"TM","Detailed trade matrix","398","Kazakhstan","440","Lithuania","5922","Export value","21641.01","Rapeseed or canola oil, crude","2018","2018","","","",""
"TM","Detailed trade matrix","398","Kazakhstan","440","Lithuania","5922","Export value","21641.01","Rapeseed or canola oil, crude","2019","2019","","","",""
"TM","Detailed trade matrix","398","Kazakhstan","440","Lithuania","5922","Export value","21641.01","Rapeseed or canola oil, crude","2020","2020","","","",""
"TM","Detailed trade matrix","398","Kazakhstan","440","Lithuania","5922","Export value","21641.01","Rapeseed or canola oil, crude","2021","2021","1000 USD","107","A","Official value"
"TM","Detailed trade matrix","398","Kazakhstan","440","Lithuania","5922","Export value","21641.01","Rapeseed or canola oil, crude","2022","2022","","","",""
"TM","Detailed trade matrix","398","Kazakhstan","440","Lithuania","5922","Export value","21641.01","Rapeseed or canola oil, crude","2023","2023","","","",""
"TM","Detailed trade matrix","398","Kazakhstan","440","Lithuania","5922","Export value","21641.01","Rapeseed or canola oil, crude","2024","2024","","","",""
"TM","Detailed trade matrix","398","Kazakhstan","440","Lithuania","5910","Export quantity","01445","Sunflower seed","2018","2018","","","",""
"TM","Detailed trade matrix","398","Kazakhstan","440","Lithuania","5910","Export quantity","01445","Sunflower seed","2019","2019","","","",""
"TM","Detailed trade matrix","398","Kazakhstan","440","Lithuania","5910","Export quantity","01445","Sunflower seed","2020","2020","","","",""
"TM","Detailed trade matrix","398","Kazakhstan","440","Lithuania","5910","Export quantity","01445","Sunflower seed","2021","2021","","","",""
"TM","Detailed trade matrix","398","Kazakhstan","440","Lithuania","5910","Export quantity","01445","Sunflower seed","2022","2022","t","22","A","Official value"
"TM","Detailed trade matrix","398","Kazakhstan","440","Lithuania","5910","Export quantity","01445","Sunflower seed","2023","2023","","","",""
"TM","Detailed trade matrix","398","Kazakhstan","440","Lithuania","5910","Export quantity","01445","Sunflower seed","2024","2024","t","120","A","Official value"
"TM","Detailed trade matrix","398","Kazakhstan","440","Lithuania","5922","Export value","01445","Sunflower seed","2018","2018","","","",""
"TM","Detailed trade matrix","398","Kazakhstan","440","Lithuania","5922","Export value","01445","Sunflower seed","2019","2019","","","",""
"TM","Detailed trade matrix","398","Kazakhstan","440","Lithuania","5922","Export value","01445","Sunflower seed","2020","2020","","","",""
"TM","Detailed trade matrix","398","Kazakhstan","440","Lithuania","5922","Export value","01445","Sunflower seed","2021","2021","","","",""
"TM","Detailed trade matrix","398","Kazakhstan","440","Lithuania","5922","Export value","01445","Sunflower seed","2022","2022","1000 USD","21","A","Official value"
"TM","Detailed trade matrix","398","Kazakhstan","440","Lithuania","5922","Export value","01445","Sunflower seed","2023","2023","","","",""
"TM","Detailed trade matrix","398","Kazakhstan","440","Lithuania","5922","Export value","01445","Sunflower seed","2024","2024","1000 USD","60","A","Official value"
"TM","Detailed trade matrix","398","Kazakhstan","440","Lithuania","5910","Export quantity","21631.01","Sunflower-seed oil, crude","2018","2018","","","",""
"TM","Detailed trade matrix","398","Kazakhstan","440","Lithuania","5910","Export quantity","21631.01","Sunflower-seed oil, crude","2019","2019","","","",""
"TM","Detailed trade matrix","398","Kazakhstan","440","Lithuania","5910","Export quantity","21631.01","Sunflower-seed oil, crude","2020","2020","","","",""
"TM","Detailed trade matrix","398","Kazakhstan","440","Lithuania","5910","Export quantity","21631.01","Sunflower-seed oil, crude","2021","2021","","","",""
"TM","Detailed trade matrix","398","Kazakhstan","440","Lithuania","5910","Export quantity","21631.01","Sunflower-seed oil, crude","2022","2022","t","162.37","A","Official value"
"TM","Detailed trade matrix","398","Kazakhstan","440","Lithuania","5910","Export quantity","21631.01","Sunflower-seed oil, crude","2023","2023","","","",""
"TM","Detailed trade matrix","398","Kazakhstan","440","Lithuania","5910","Export quantity","21631.01","Sunflower-seed oil, crude","2024","2024","","","",""
"TM","Detailed trade matrix","398","Kazakhstan","440","Lithuania","5922","Export value","21631.01","Sunflower-seed oil, crude","2018","2018","","","",""
"TM","Detailed trade matrix","398","Kazakhstan","440","Lithuania","5922","Export value","21631.01","Sunflower-seed oil, crude","2019","2019","","","",""
"TM","Detailed trade matrix","398","Kazakhstan","440","Lithuania","5922","Export value","21631.01","Sunflower-seed oil, crude","2020","2020","","","",""
"TM","Detailed trade matrix","398","Kazakhstan","440","Lithuania","5922","Export value","21631.01","Sunflower-seed oil, crude","2021","2021","","","",""
"TM","Detailed trade matrix","398","Kazakhstan","440","Lithuania","5922","Export value","21631.01","Sunflower-seed oil, crude","2022","2022","1000 USD","266","A","Official value"
"TM","Detailed trade matrix","398","Kazakhstan","440","Lithuania","5922","Export value","21631.01","Sunflower-seed oil, crude","2023","2023","","","",""
"TM","Detailed trade matrix","398","Kazakhstan","440","Lithuania","5922","Export value","21631.01","Sunflower-seed oil, crude","2024","2024","","","",""
"TM","Detailed trade matrix","398","Kazakhstan","440","Lithuania","5910","Export quantity","0111","Wheat","2018","2018","t","21.6","A","Official value"
"TM","Detailed trade matrix","398","Kazakhstan","440","Lithuania","5910","Export quantity","0111","Wheat","2019","2019","t","225","A","Official value"
"TM","Detailed trade matrix","398","Kazakhstan","440","Lithuania","5910","Export quantity","0111","Wheat","2020","2020","t","147","A","Official value"
"TM","Detailed trade matrix","398","Kazakhstan","440","Lithuania","5910","Export quantity","0111","Wheat","2021","2021","","","",""
"TM","Detailed trade matrix","398","Kazakhstan","440","Lithuania","5910","Export quantity","0111","Wheat","2022","2022","","","",""
"TM","Detailed trade matrix","398","Kazakhstan","440","Lithuania","5910","Export quantity","0111","Wheat","2023","2023","","","",""
"TM","Detailed trade matrix","398","Kazakhstan","440","Lithuania","5910","Export quantity","0111","Wheat","2024","2024","","","",""
"TM","Detailed trade matrix","398","Kazakhstan","440","Lithuania","5922","Export value","0111","Wheat","2018","2018","1000 USD","11","A","Official value"
"TM","Detailed trade matrix","398","Kazakhstan","440","Lithuania","5922","Export value","0111","Wheat","2019","2019","1000 USD","41","A","Official value"
"TM","Detailed trade matrix","398","Kazakhstan","440","Lithuania","5922","Export value","0111","Wheat","2020","2020","1000 USD","60","A","Official value"
"TM","Detailed trade matrix","398","Kazakhstan","440","Lithuania","5922","Export value","0111","Wheat","2021","2021","","","",""
"TM","Detailed trade matrix","398","Kazakhstan","440","Lithuania","5922","Export value","0111","Wheat","2022","2022","","","",""
"TM","Detailed trade matrix","398","Kazakhstan","440","Lithuania","5922","Export value","0111","Wheat","2023","2023","","","",""
"TM","Detailed trade matrix","398","Kazakhstan","440","Lithuania","5922","Export value","0111","Wheat","2024","2024","","","",""
"TM","Detailed trade matrix","398","Kazakhstan","442","Luxembourg","5910","Export quantity","0115","Barley","2018","2018","","","",""
"TM","Detailed trade matrix","398","Kazakhstan","442","Luxembourg","5910","Export quantity","0115","Barley","2019","2019","","","",""
"TM","Detailed trade matrix","398","Kazakhstan","442","Luxembourg","5910","Export quantity","0115","Barley","2020","2020","","","",""
"TM","Detailed trade matrix","398","Kazakhstan","442","Luxembourg","5910","Export quantity","0115","Barley","2021","2021","","","",""
"TM","Detailed trade matrix","398","Kazakhstan","442","Luxembourg","5910","Export quantity","0115","Barley","2022","2022","","","",""
"TM","Detailed trade matrix","398","Kazakhstan","442","Luxembourg","5910","Export quantity","0115","Barley","2023","2023","","","",""
"TM","Detailed trade matrix","398","Kazakhstan","442","Luxembourg","5910","Export quantity","0115","Barley","2024","2024","","","",""
"TM","Detailed trade matrix","398","Kazakhstan","442","Luxembourg","5922","Export value","0115","Barley","2018","2018","","","",""
"TM","Detailed trade matrix","398","Kazakhstan","442","Luxembourg","5922","Export value","0115","Barley","2019","2019","","","",""
"TM","Detailed trade matrix","398","Kazakhstan","442","Luxembourg","5922","Export value","0115","Barley","2020","2020","","","",""
"TM","Detailed trade matrix","398","Kazakhstan","442","Luxembourg","5922","Export value","0115","Barley","2021","2021","","","",""
"TM","Detailed trade matrix","398","Kazakhstan","442","Luxembourg","5922","Export value","0115","Barley","2022","2022","","","",""
"TM","Detailed trade matrix","398","Kazakhstan","442","Luxembourg","5922","Export value","0115","Barley","2023","2023","","","",""
"TM","Detailed trade matrix","398","Kazakhstan","442","Luxembourg","5922","Export value","0115","Barley","2024","2024","","","",""
"TM","Detailed trade matrix","398","Kazakhstan","442","Luxembourg","5910","Export quantity","01704","Lentils, dry","2018","2018","","","",""
"TM","Detailed trade matrix","398","Kazakhstan","442","Luxembourg","5910","Export quantity","01704","Lentils, dry","2019","2019","","","",""
"TM","Detailed trade matrix","398","Kazakhstan","442","Luxembourg","5910","Export quantity","01704","Lentils, dry","2020","2020","","","",""
"TM","Detailed trade matrix","398","Kazakhstan","442","Luxembourg","5910","Export quantity","01704","Lentils, dry","2021","2021","","","",""
"TM","Detailed trade matrix","398","Kazakhstan","442","Luxembourg","5910","Export quantity","01704","Lentils, dry","2022","2022","","","",""
"TM","Detailed trade matrix","398","Kazakhstan","442","Luxembourg","5910","Export quantity","01704","Lentils, dry","2023","2023","","","",""
"TM","Detailed trade matrix","398","Kazakhstan","442","Luxembourg","5910","Export quantity","01704","Lentils, dry","2024","2024","","","",""
"TM","Detailed trade matrix","398","Kazakhstan","442","Luxembourg","5922","Export value","01704","Lentils, dry","2018","2018","","","",""
"TM","Detailed trade matrix","398","Kazakhstan","442","Luxembourg","5922","Export value","01704","Lentils, dry","2019","2019","","","",""
"TM","Detailed trade matrix","398","Kazakhstan","442","Luxembourg","5922","Export value","01704","Lentils, dry","2020","2020","","","",""
"TM","Detailed trade matrix","398","Kazakhstan","442","Luxembourg","5922","Export value","01704","Lentils, dry","2021","2021","","","",""
"TM","Detailed trade matrix","398","Kazakhstan","442","Luxembourg","5922","Export value","01704","Lentils, dry","2022","2022","","","",""
"TM","Detailed trade matrix","398","Kazakhstan","442","Luxembourg","5922","Export value","01704","Lentils, dry","2023","2023","","","",""
"TM","Detailed trade matrix","398","Kazakhstan","442","Luxembourg","5922","Export value","01704","Lentils, dry","2024","2024","","","",""
"TM","Detailed trade matrix","398","Kazakhstan","442","Luxembourg","5910","Export quantity","01441","Linseed","2018","2018","","","",""
"TM","Detailed trade matrix","398","Kazakhstan","442","Luxembourg","5910","Export quantity","01441","Linseed","2019","2019","","","",""
"TM","Detailed trade matrix","398","Kazakhstan","442","Luxembourg","5910","Export quantity","01441","Linseed","2020","2020","","","",""
"TM","Detailed trade matrix","398","Kazakhstan","442","Luxembourg","5910","Export quantity","01441","Linseed","2021","2021","","","",""
"TM","Detailed trade matrix","398","Kazakhstan","442","Luxembourg","5910","Export quantity","01441","Linseed","2022","2022","","","",""
"TM","Detailed trade matrix","398","Kazakhstan","442","Luxembourg","5910","Export quantity","01441","Linseed","2023","2023","","","",""
"TM","Detailed trade matrix","398","Kazakhstan","442","Luxembourg","5910","Export quantity","01441","Linseed","2024","2024","","","",""
"TM","Detailed trade matrix","398","Kazakhstan","442","Luxembourg","5922","Export value","01441","Linseed","2018","2018","","","",""
"TM","Detailed trade matrix","398","Kazakhstan","442","Luxembourg","5922","Export value","01441","Linseed","2019","2019","","","",""
"TM","Detailed trade matrix","398","Kazakhstan","442","Luxembourg","5922","Export value","01441","Linseed","2020","2020","","","",""
"TM","Detailed trade matrix","398","Kazakhstan","442","Luxembourg","5922","Export value","01441","Linseed","2021","2021","","","",""
"TM","Detailed trade matrix","398","Kazakhstan","442","Luxembourg","5922","Export value","01441","Linseed","2022","2022","","","",""
"TM","Detailed trade matrix","398","Kazakhstan","442","Luxembourg","5922","Export value","01441","Linseed","2023","2023","","","",""
"TM","Detailed trade matrix","398","Kazakhstan","442","Luxembourg","5922","Export value","01441","Linseed","2024","2024","","","",""
"TM","Detailed trade matrix","398","Kazakhstan","442","Luxembourg","5910","Export quantity","0112","Maize (corn)","2018","2018","","","",""
"TM","Detailed trade matrix","398","Kazakhstan","442","Luxembourg","5910","Export quantity","0112","Maize (corn)","2019","2019","","","",""
"TM","Detailed trade matrix","398","Kazakhstan","442","Luxembourg","5910","Export quantity","0112","Maize (corn)","2020","2020","","","",""
"TM","Detailed trade matrix","398","Kazakhstan","442","Luxembourg","5910","Export quantity","0112","Maize (corn)","2021","2021","","","",""
"TM","Detailed trade matrix","398","Kazakhstan","442","Luxembourg","5910","Export quantity","0112","Maize (corn)","2022","2022","","","",""
"TM","Detailed trade matrix","398","Kazakhstan","442","Luxembourg","5910","Export quantity","0112","Maize (corn)","2023","2023","","","",""
"TM","Detailed trade matrix","398","Kazakhstan","442","Luxembourg","5910","Export quantity","0112","Maize (corn)","2024","2024","","","",""
"TM","Detailed trade matrix","398","Kazakhstan","442","Luxembourg","5922","Export value","0112","Maize (corn)","2018","2018","","","",""
"TM","Detailed trade matrix","398","Kazakhstan","442","Luxembourg","5922","Export value","0112","Maize (corn)","2019","2019","","","",""
"TM","Detailed trade matrix","398","Kazakhstan","442","Luxembourg","5922","Export value","0112","Maize (corn)","2020","2020","","","",""
"TM","Detailed trade matrix","398","Kazakhstan","442","Luxembourg","5922","Export value","0112","Maize (corn)","2021","2021","","","",""
"TM","Detailed trade matrix","398","Kazakhstan","442","Luxembourg","5922","Export value","0112","Maize (corn)","2022","2022","","","",""
"TM","Detailed trade matrix","398","Kazakhstan","442","Luxembourg","5922","Export value","0112","Maize (corn)","2023","2023","","","",""
"TM","Detailed trade matrix","398","Kazakhstan","442","Luxembourg","5922","Export value","0112","Maize (corn)","2024","2024","","","",""
"TM","Detailed trade matrix","398","Kazakhstan","442","Luxembourg","5910","Export quantity","01705","Peas, dry","2018","2018","","","",""
"TM","Detailed trade matrix","398","Kazakhstan","442","Luxembourg","5910","Export quantity","01705","Peas, dry","2019","2019","","","",""
"TM","Detailed trade matrix","398","Kazakhstan","442","Luxembourg","5910","Export quantity","01705","Peas, dry","2020","2020","","","",""
"TM","Detailed trade matrix","398","Kazakhstan","442","Luxembourg","5910","Export quantity","01705","Peas, dry","2021","2021","","","",""
"TM","Detailed trade matrix","398","Kazakhstan","442","Luxembourg","5910","Export quantity","01705","Peas, dry","2022","2022","","","",""
"TM","Detailed trade matrix","398","Kazakhstan","442","Luxembourg","5910","Export quantity","01705","Peas, dry","2023","2023","","","",""
"TM","Detailed trade matrix","398","Kazakhstan","442","Luxembourg","5910","Export quantity","01705","Peas, dry","2024","2024","","","",""
"TM","Detailed trade matrix","398","Kazakhstan","442","Luxembourg","5922","Export value","01705","Peas, dry","2018","2018","","","",""
"TM","Detailed trade matrix","398","Kazakhstan","442","Luxembourg","5922","Export value","01705","Peas, dry","2019","2019","","","",""
"TM","Detailed trade matrix","398","Kazakhstan","442","Luxembourg","5922","Export value","01705","Peas, dry","2020","2020","","","",""
"TM","Detailed trade matrix","398","Kazakhstan","442","Luxembourg","5922","Export value","01705","Peas, dry","2021","2021","","","",""
"TM","Detailed trade matrix","398","Kazakhstan","442","Luxembourg","5922","Export value","01705","Peas, dry","2022","2022","","","",""
"TM","Detailed trade matrix","398","Kazakhstan","442","Luxembourg","5922","Export value","01705","Peas, dry","2023","2023","","","",""
"TM","Detailed trade matrix","398","Kazakhstan","442","Luxembourg","5922","Export value","01705","Peas, dry","2024","2024","","","",""
"TM","Detailed trade matrix","398","Kazakhstan","442","Luxembourg","5910","Export quantity","21641.01","Rapeseed or canola oil, crude","2018","2018","","","",""
"TM","Detailed trade matrix","398","Kazakhstan","442","Luxembourg","5910","Export quantity","21641.01","Rapeseed or canola oil, crude","2019","2019","","","",""
"TM","Detailed trade matrix","398","Kazakhstan","442","Luxembourg","5910","Export quantity","21641.01","Rapeseed or canola oil, crude","2020","2020","","","",""
"TM","Detailed trade matrix","398","Kazakhstan","442","Luxembourg","5910","Export quantity","21641.01","Rapeseed or canola oil, crude","2021","2021","","","",""
"TM","Detailed trade matrix","398","Kazakhstan","442","Luxembourg","5910","Export quantity","21641.01","Rapeseed or canola oil, crude","2022","2022","","","",""
"TM","Detailed trade matrix","398","Kazakhstan","442","Luxembourg","5910","Export quantity","21641.01","Rapeseed or canola oil, crude","2023","2023","","","",""
"TM","Detailed trade matrix","398","Kazakhstan","442","Luxembourg","5910","Export quantity","21641.01","Rapeseed or canola oil, crude","2024","2024","","","",""
"TM","Detailed trade matrix","398","Kazakhstan","442","Luxembourg","5922","Export value","21641.01","Rapeseed or canola oil, crude","2018","2018","","","",""
"TM","Detailed trade matrix","398","Kazakhstan","442","Luxembourg","5922","Export value","21641.01","Rapeseed or canola oil, crude","2019","2019","","","",""
"TM","Detailed trade matrix","398","Kazakhstan","442","Luxembourg","5922","Export value","21641.01","Rapeseed or canola oil, crude","2020","2020","","","",""
"TM","Detailed trade matrix","398","Kazakhstan","442","Luxembourg","5922","Export value","21641.01","Rapeseed or canola oil, crude","2021","2021","","","",""
"TM","Detailed trade matrix","398","Kazakhstan","442","Luxembourg","5922","Export value","21641.01","Rapeseed or canola oil, crude","2022","2022","","","",""
"TM","Detailed trade matrix","398","Kazakhstan","442","Luxembourg","5922","Export value","21641.01","Rapeseed or canola oil, crude","2023","2023","","","",""
"TM","Detailed trade matrix","398","Kazakhstan","442","Luxembourg","5922","Export value","21641.01","Rapeseed or canola oil, crude","2024","2024","","","",""
"TM","Detailed trade matrix","398","Kazakhstan","442","Luxembourg","5910","Export quantity","01445","Sunflower seed","2018","2018","","","",""
"TM","Detailed trade matrix","398","Kazakhstan","442","Luxembourg","5910","Export quantity","01445","Sunflower seed","2019","2019","","","",""
"TM","Detailed trade matrix","398","Kazakhstan","442","Luxembourg","5910","Export quantity","01445","Sunflower seed","2020","2020","","","",""
"TM","Detailed trade matrix","398","Kazakhstan","442","Luxembourg","5910","Export quantity","01445","Sunflower seed","2021","2021","","","",""
"TM","Detailed trade matrix","398","Kazakhstan","442","Luxembourg","5910","Export quantity","01445","Sunflower seed","2022","2022","","","",""
"TM","Detailed trade matrix","398","Kazakhstan","442","Luxembourg","5910","Export quantity","01445","Sunflower seed","2023","2023","","","",""
"TM","Detailed trade matrix","398","Kazakhstan","442","Luxembourg","5910","Export quantity","01445","Sunflower seed","2024","2024","","","",""
"TM","Detailed trade matrix","398","Kazakhstan","442","Luxembourg","5922","Export value","01445","Sunflower seed","2018","2018","","","",""
"TM","Detailed trade matrix","398","Kazakhstan","442","Luxembourg","5922","Export value","01445","Sunflower seed","2019","2019","","","",""
"TM","Detailed trade matrix","398","Kazakhstan","442","Luxembourg","5922","Export value","01445","Sunflower seed","2020","2020","","","",""
"TM","Detailed trade matrix","398","Kazakhstan","442","Luxembourg","5922","Export value","01445","Sunflower seed","2021","2021","","","",""
"TM","Detailed trade matrix","398","Kazakhstan","442","Luxembourg","5922","Export value","01445","Sunflower seed","2022","2022","","","",""
"TM","Detailed trade matrix","398","Kazakhstan","442","Luxembourg","5922","Export value","01445","Sunflower seed","2023","2023","","","",""
"TM","Detailed trade matrix","398","Kazakhstan","442","Luxembourg","5922","Export value","01445","Sunflower seed","2024","2024","","","",""
"TM","Detailed trade matrix","398","Kazakhstan","442","Luxembourg","5910","Export quantity","21631.01","Sunflower-seed oil, crude","2018","2018","","","",""
"TM","Detailed trade matrix","398","Kazakhstan","442","Luxembourg","5910","Export quantity","21631.01","Sunflower-seed oil, crude","2019","2019","","","",""
"TM","Detailed trade matrix","398","Kazakhstan","442","Luxembourg","5910","Export quantity","21631.01","Sunflower-seed oil, crude","2020","2020","","","",""
"TM","Detailed trade matrix","398","Kazakhstan","442","Luxembourg","5910","Export quantity","21631.01","Sunflower-seed oil, crude","2021","2021","","","",""
"TM","Detailed trade matrix","398","Kazakhstan","442","Luxembourg","5910","Export quantity","21631.01","Sunflower-seed oil, crude","2022","2022","","","",""
"TM","Detailed trade matrix","398","Kazakhstan","442","Luxembourg","5910","Export quantity","21631.01","Sunflower-seed oil, crude","2023","2023","","","",""
"TM","Detailed trade matrix","398","Kazakhstan","442","Luxembourg","5910","Export quantity","21631.01","Sunflower-seed oil, crude","2024","2024","","","",""
"TM","Detailed trade matrix","398","Kazakhstan","442","Luxembourg","5922","Export value","21631.01","Sunflower-seed oil, crude","2018","2018","","","",""
"TM","Detailed trade matrix","398","Kazakhstan","442","Luxembourg","5922","Export value","21631.01","Sunflower-seed oil, crude","2019","2019","","","",""
"TM","Detailed trade matrix","398","Kazakhstan","442","Luxembourg","5922","Export value","21631.01","Sunflower-seed oil, crude","2020","2020","","","",""
"TM","Detailed trade matrix","398","Kazakhstan","442","Luxembourg","5922","Export value","21631.01","Sunflower-seed oil, crude","2021","2021","","","",""
"TM","Detailed trade matrix","398","Kazakhstan","442","Luxembourg","5922","Export value","21631.01","Sunflower-seed oil, crude","2022","2022","","","",""
"TM","Detailed trade matrix","398","Kazakhstan","442","Luxembourg","5922","Export value","21631.01","Sunflower-seed oil, crude","2023","2023","","","",""
"TM","Detailed trade matrix","398","Kazakhstan","442","Luxembourg","5922","Export value","21631.01","Sunflower-seed oil, crude","2024","2024","","","",""
"TM","Detailed trade matrix","398","Kazakhstan","442","Luxembourg","5910","Export quantity","0111","Wheat","2018","2018","","","",""
"TM","Detailed trade matrix","398","Kazakhstan","442","Luxembourg","5910","Export quantity","0111","Wheat","2019","2019","","","",""
"TM","Detailed trade matrix","398","Kazakhstan","442","Luxembourg","5910","Export quantity","0111","Wheat","2020","2020","","","",""
"TM","Detailed trade matrix","398","Kazakhstan","442","Luxembourg","5910","Export quantity","0111","Wheat","2021","2021","","","",""
"TM","Detailed trade matrix","398","Kazakhstan","442","Luxembourg","5910","Export quantity","0111","Wheat","2022","2022","","","",""
"TM","Detailed trade matrix","398","Kazakhstan","442","Luxembourg","5910","Export quantity","0111","Wheat","2023","2023","","","",""
"TM","Detailed trade matrix","398","Kazakhstan","442","Luxembourg","5910","Export quantity","0111","Wheat","2024","2024","","","",""
"TM","Detailed trade matrix","398","Kazakhstan","442","Luxembourg","5922","Export value","0111","Wheat","2018","2018","","","",""
"TM","Detailed trade matrix","398","Kazakhstan","442","Luxembourg","5922","Export value","0111","Wheat","2019","2019","","","",""
"TM","Detailed trade matrix","398","Kazakhstan","442","Luxembourg","5922","Export value","0111","Wheat","2020","2020","","","",""
"TM","Detailed trade matrix","398","Kazakhstan","442","Luxembourg","5922","Export value","0111","Wheat","2021","2021","","","",""
"TM","Detailed trade matrix","398","Kazakhstan","442","Luxembourg","5922","Export value","0111","Wheat","2022","2022","","","",""
"TM","Detailed trade matrix","398","Kazakhstan","442","Luxembourg","5922","Export value","0111","Wheat","2023","2023","","","",""
"TM","Detailed trade matrix","398","Kazakhstan","442","Luxembourg","5922","Export value","0111","Wheat","2024","2024","","","",""
"TM","Detailed trade matrix","398","Kazakhstan","470","Malta","5910","Export quantity","0115","Barley","2018","2018","","","",""
"TM","Detailed trade matrix","398","Kazakhstan","470","Malta","5910","Export quantity","0115","Barley","2019","2019","","","",""
"TM","Detailed trade matrix","398","Kazakhstan","470","Malta","5910","Export quantity","0115","Barley","2020","2020","","","",""
"TM","Detailed trade matrix","398","Kazakhstan","470","Malta","5910","Export quantity","0115","Barley","2021","2021","","","",""
"TM","Detailed trade matrix","398","Kazakhstan","470","Malta","5910","Export quantity","0115","Barley","2022","2022","","","",""
"TM","Detailed trade matrix","398","Kazakhstan","470","Malta","5910","Export quantity","0115","Barley","2023","2023","","","",""
"TM","Detailed trade matrix","398","Kazakhstan","470","Malta","5910","Export quantity","0115","Barley","2024","2024","","","",""
"TM","Detailed trade matrix","398","Kazakhstan","470","Malta","5922","Export value","0115","Barley","2018","2018","","","",""
"TM","Detailed trade matrix","398","Kazakhstan","470","Malta","5922","Export value","0115","Barley","2019","2019","","","",""
"TM","Detailed trade matrix","398","Kazakhstan","470","Malta","5922","Export value","0115","Barley","2020","2020","","","",""
"TM","Detailed trade matrix","398","Kazakhstan","470","Malta","5922","Export value","0115","Barley","2021","2021","","","",""
"TM","Detailed trade matrix","398","Kazakhstan","470","Malta","5922","Export value","0115","Barley","2022","2022","","","",""
"TM","Detailed trade matrix","398","Kazakhstan","470","Malta","5922","Export value","0115","Barley","2023","2023","","","",""
"TM","Detailed trade matrix","398","Kazakhstan","470","Malta","5922","Export value","0115","Barley","2024","2024","","","",""
"TM","Detailed trade matrix","398","Kazakhstan","470","Malta","5910","Export quantity","01704","Lentils, dry","2018","2018","","","",""
"TM","Detailed trade matrix","398","Kazakhstan","470","Malta","5910","Export quantity","01704","Lentils, dry","2019","2019","","","",""
"TM","Detailed trade matrix","398","Kazakhstan","470","Malta","5910","Export quantity","01704","Lentils, dry","2020","2020","","","",""
"TM","Detailed trade matrix","398","Kazakhstan","470","Malta","5910","Export quantity","01704","Lentils, dry","2021","2021","","","",""
"TM","Detailed trade matrix","398","Kazakhstan","470","Malta","5910","Export quantity","01704","Lentils, dry","2022","2022","","","",""
"TM","Detailed trade matrix","398","Kazakhstan","470","Malta","5910","Export quantity","01704","Lentils, dry","2023","2023","","","",""
"TM","Detailed trade matrix","398","Kazakhstan","470","Malta","5910","Export quantity","01704","Lentils, dry","2024","2024","","","",""
"TM","Detailed trade matrix","398","Kazakhstan","470","Malta","5922","Export value","01704","Lentils, dry","2018","2018","","","",""
"TM","Detailed trade matrix","398","Kazakhstan","470","Malta","5922","Export value","01704","Lentils, dry","2019","2019","","","",""
"TM","Detailed trade matrix","398","Kazakhstan","470","Malta","5922","Export value","01704","Lentils, dry","2020","2020","","","",""
"TM","Detailed trade matrix","398","Kazakhstan","470","Malta","5922","Export value","01704","Lentils, dry","2021","2021","","","",""
"TM","Detailed trade matrix","398","Kazakhstan","470","Malta","5922","Export value","01704","Lentils, dry","2022","2022","","","",""
"TM","Detailed trade matrix","398","Kazakhstan","470","Malta","5922","Export value","01704","Lentils, dry","2023","2023","","","",""
"TM","Detailed trade matrix","398","Kazakhstan","470","Malta","5922","Export value","01704","Lentils, dry","2024","2024","","","",""
"TM","Detailed trade matrix","398","Kazakhstan","470","Malta","5910","Export quantity","01441","Linseed","2018","2018","","","",""
"TM","Detailed trade matrix","398","Kazakhstan","470","Malta","5910","Export quantity","01441","Linseed","2019","2019","","","",""
"TM","Detailed trade matrix","398","Kazakhstan","470","Malta","5910","Export quantity","01441","Linseed","2020","2020","","","",""
"TM","Detailed trade matrix","398","Kazakhstan","470","Malta","5910","Export quantity","01441","Linseed","2021","2021","","","",""
"TM","Detailed trade matrix","398","Kazakhstan","470","Malta","5910","Export quantity","01441","Linseed","2022","2022","","","",""
"TM","Detailed trade matrix","398","Kazakhstan","470","Malta","5910","Export quantity","01441","Linseed","2023","2023","","","",""
"TM","Detailed trade matrix","398","Kazakhstan","470","Malta","5910","Export quantity","01441","Linseed","2024","2024","","","",""
"TM","Detailed trade matrix","398","Kazakhstan","470","Malta","5922","Export value","01441","Linseed","2018","2018","","","",""
"TM","Detailed trade matrix","398","Kazakhstan","470","Malta","5922","Export value","01441","Linseed","2019","2019","","","",""
"TM","Detailed trade matrix","398","Kazakhstan","470","Malta","5922","Export value","01441","Linseed","2020","2020","","","",""
"TM","Detailed trade matrix","398","Kazakhstan","470","Malta","5922","Export value","01441","Linseed","2021","2021","","","",""
"TM","Detailed trade matrix","398","Kazakhstan","470","Malta","5922","Export value","01441","Linseed","2022","2022","","","",""
"TM","Detailed trade matrix","398","Kazakhstan","470","Malta","5922","Export value","01441","Linseed","2023","2023","","","",""
"TM","Detailed trade matrix","398","Kazakhstan","470","Malta","5922","Export value","01441","Linseed","2024","2024","","","",""
"TM","Detailed trade matrix","398","Kazakhstan","470","Malta","5910","Export quantity","0112","Maize (corn)","2018","2018","","","",""
"TM","Detailed trade matrix","398","Kazakhstan","470","Malta","5910","Export quantity","0112","Maize (corn)","2019","2019","","","",""
"TM","Detailed trade matrix","398","Kazakhstan","470","Malta","5910","Export quantity","0112","Maize (corn)","2020","2020","","","",""
"TM","Detailed trade matrix","398","Kazakhstan","470","Malta","5910","Export quantity","0112","Maize (corn)","2021","2021","","","",""
"TM","Detailed trade matrix","398","Kazakhstan","470","Malta","5910","Export quantity","0112","Maize (corn)","2022","2022","","","",""
"TM","Detailed trade matrix","398","Kazakhstan","470","Malta","5910","Export quantity","0112","Maize (corn)","2023","2023","","","",""
"TM","Detailed trade matrix","398","Kazakhstan","470","Malta","5910","Export quantity","0112","Maize (corn)","2024","2024","","","",""
"TM","Detailed trade matrix","398","Kazakhstan","470","Malta","5922","Export value","0112","Maize (corn)","2018","2018","","","",""
"TM","Detailed trade matrix","398","Kazakhstan","470","Malta","5922","Export value","0112","Maize (corn)","2019","2019","","","",""
"TM","Detailed trade matrix","398","Kazakhstan","470","Malta","5922","Export value","0112","Maize (corn)","2020","2020","","","",""
"TM","Detailed trade matrix","398","Kazakhstan","470","Malta","5922","Export value","0112","Maize (corn)","2021","2021","","","",""
"TM","Detailed trade matrix","398","Kazakhstan","470","Malta","5922","Export value","0112","Maize (corn)","2022","2022","","","",""
"TM","Detailed trade matrix","398","Kazakhstan","470","Malta","5922","Export value","0112","Maize (corn)","2023","2023","","","",""
"TM","Detailed trade matrix","398","Kazakhstan","470","Malta","5922","Export value","0112","Maize (corn)","2024","2024","","","",""
"TM","Detailed trade matrix","398","Kazakhstan","470","Malta","5910","Export quantity","01705","Peas, dry","2018","2018","","","",""
"TM","Detailed trade matrix","398","Kazakhstan","470","Malta","5910","Export quantity","01705","Peas, dry","2019","2019","","","",""
"TM","Detailed trade matrix","398","Kazakhstan","470","Malta","5910","Export quantity","01705","Peas, dry","2020","2020","","","",""
"TM","Detailed trade matrix","398","Kazakhstan","470","Malta","5910","Export quantity","01705","Peas, dry","2021","2021","","","",""
"TM","Detailed trade matrix","398","Kazakhstan","470","Malta","5910","Export quantity","01705","Peas, dry","2022","2022","","","",""
"TM","Detailed trade matrix","398","Kazakhstan","470","Malta","5910","Export quantity","01705","Peas, dry","2023","2023","","","",""
"TM","Detailed trade matrix","398","Kazakhstan","470","Malta","5910","Export quantity","01705","Peas, dry","2024","2024","","","",""
"TM","Detailed trade matrix","398","Kazakhstan","470","Malta","5922","Export value","01705","Peas, dry","2018","2018","","","",""
"TM","Detailed trade matrix","398","Kazakhstan","470","Malta","5922","Export value","01705","Peas, dry","2019","2019","","","",""
"TM","Detailed trade matrix","398","Kazakhstan","470","Malta","5922","Export value","01705","Peas, dry","2020","2020","","","",""
"TM","Detailed trade matrix","398","Kazakhstan","470","Malta","5922","Export value","01705","Peas, dry","2021","2021","","","",""
"TM","Detailed trade matrix","398","Kazakhstan","470","Malta","5922","Export value","01705","Peas, dry","2022","2022","","","",""
"TM","Detailed trade matrix","398","Kazakhstan","470","Malta","5922","Export value","01705","Peas, dry","2023","2023","","","",""
"TM","Detailed trade matrix","398","Kazakhstan","470","Malta","5922","Export value","01705","Peas, dry","2024","2024","","","",""
"TM","Detailed trade matrix","398","Kazakhstan","470","Malta","5910","Export quantity","21641.01","Rapeseed or canola oil, crude","2018","2018","","","",""
"TM","Detailed trade matrix","398","Kazakhstan","470","Malta","5910","Export quantity","21641.01","Rapeseed or canola oil, crude","2019","2019","","","",""
"TM","Detailed trade matrix","398","Kazakhstan","470","Malta","5910","Export quantity","21641.01","Rapeseed or canola oil, crude","2020","2020","","","",""
"TM","Detailed trade matrix","398","Kazakhstan","470","Malta","5910","Export quantity","21641.01","Rapeseed or canola oil, crude","2021","2021","","","",""
"TM","Detailed trade matrix","398","Kazakhstan","470","Malta","5910","Export quantity","21641.01","Rapeseed or canola oil, crude","2022","2022","","","",""
"TM","Detailed trade matrix","398","Kazakhstan","470","Malta","5910","Export quantity","21641.01","Rapeseed or canola oil, crude","2023","2023","","","",""
"TM","Detailed trade matrix","398","Kazakhstan","470","Malta","5910","Export quantity","21641.01","Rapeseed or canola oil, crude","2024","2024","","","",""
"TM","Detailed trade matrix","398","Kazakhstan","470","Malta","5922","Export value","21641.01","Rapeseed or canola oil, crude","2018","2018","","","",""
"TM","Detailed trade matrix","398","Kazakhstan","470","Malta","5922","Export value","21641.01","Rapeseed or canola oil, crude","2019","2019","","","",""
"TM","Detailed trade matrix","398","Kazakhstan","470","Malta","5922","Export value","21641.01","Rapeseed or canola oil, crude","2020","2020","","","",""
"TM","Detailed trade matrix","398","Kazakhstan","470","Malta","5922","Export value","21641.01","Rapeseed or canola oil, crude","2021","2021","","","",""
"TM","Detailed trade matrix","398","Kazakhstan","470","Malta","5922","Export value","21641.01","Rapeseed or canola oil, crude","2022","2022","","","",""
"TM","Detailed trade matrix","398","Kazakhstan","470","Malta","5922","Export value","21641.01","Rapeseed or canola oil, crude","2023","2023","","","",""
"TM","Detailed trade matrix","398","Kazakhstan","470","Malta","5922","Export value","21641.01","Rapeseed or canola oil, crude","2024","2024","","","",""
"TM","Detailed trade matrix","398","Kazakhstan","470","Malta","5910","Export quantity","01445","Sunflower seed","2018","2018","","","",""
"TM","Detailed trade matrix","398","Kazakhstan","470","Malta","5910","Export quantity","01445","Sunflower seed","2019","2019","","","",""
"TM","Detailed trade matrix","398","Kazakhstan","470","Malta","5910","Export quantity","01445","Sunflower seed","2020","2020","","","",""
"TM","Detailed trade matrix","398","Kazakhstan","470","Malta","5910","Export quantity","01445","Sunflower seed","2021","2021","","","",""
"TM","Detailed trade matrix","398","Kazakhstan","470","Malta","5910","Export quantity","01445","Sunflower seed","2022","2022","","","",""
"TM","Detailed trade matrix","398","Kazakhstan","470","Malta","5910","Export quantity","01445","Sunflower seed","2023","2023","","","",""
"TM","Detailed trade matrix","398","Kazakhstan","470","Malta","5910","Export quantity","01445","Sunflower seed","2024","2024","","","",""
"TM","Detailed trade matrix","398","Kazakhstan","470","Malta","5922","Export value","01445","Sunflower seed","2018","2018","","","",""
"TM","Detailed trade matrix","398","Kazakhstan","470","Malta","5922","Export value","01445","Sunflower seed","2019","2019","","","",""
"TM","Detailed trade matrix","398","Kazakhstan","470","Malta","5922","Export value","01445","Sunflower seed","2020","2020","","","",""
"TM","Detailed trade matrix","398","Kazakhstan","470","Malta","5922","Export value","01445","Sunflower seed","2021","2021","","","",""
"TM","Detailed trade matrix","398","Kazakhstan","470","Malta","5922","Export value","01445","Sunflower seed","2022","2022","","","",""
"TM","Detailed trade matrix","398","Kazakhstan","470","Malta","5922","Export value","01445","Sunflower seed","2023","2023","","","",""
"TM","Detailed trade matrix","398","Kazakhstan","470","Malta","5922","Export value","01445","Sunflower seed","2024","2024","","","",""
"TM","Detailed trade matrix","398","Kazakhstan","470","Malta","5910","Export quantity","21631.01","Sunflower-seed oil, crude","2018","2018","","","",""
"TM","Detailed trade matrix","398","Kazakhstan","470","Malta","5910","Export quantity","21631.01","Sunflower-seed oil, crude","2019","2019","","","",""
"TM","Detailed trade matrix","398","Kazakhstan","470","Malta","5910","Export quantity","21631.01","Sunflower-seed oil, crude","2020","2020","","","",""
"TM","Detailed trade matrix","398","Kazakhstan","470","Malta","5910","Export quantity","21631.01","Sunflower-seed oil, crude","2021","2021","","","",""
"TM","Detailed trade matrix","398","Kazakhstan","470","Malta","5910","Export quantity","21631.01","Sunflower-seed oil, crude","2022","2022","","","",""
"TM","Detailed trade matrix","398","Kazakhstan","470","Malta","5910","Export quantity","21631.01","Sunflower-seed oil, crude","2023","2023","","","",""
"TM","Detailed trade matrix","398","Kazakhstan","470","Malta","5910","Export quantity","21631.01","Sunflower-seed oil, crude","2024","2024","","","",""
"TM","Detailed trade matrix","398","Kazakhstan","470","Malta","5922","Export value","21631.01","Sunflower-seed oil, crude","2018","2018","","","",""
"TM","Detailed trade matrix","398","Kazakhstan","470","Malta","5922","Export value","21631.01","Sunflower-seed oil, crude","2019","2019","","","",""
"TM","Detailed trade matrix","398","Kazakhstan","470","Malta","5922","Export value","21631.01","Sunflower-seed oil, crude","2020","2020","","","",""
"TM","Detailed trade matrix","398","Kazakhstan","470","Malta","5922","Export value","21631.01","Sunflower-seed oil, crude","2021","2021","","","",""
"TM","Detailed trade matrix","398","Kazakhstan","470","Malta","5922","Export value","21631.01","Sunflower-seed oil, crude","2022","2022","","","",""
"TM","Detailed trade matrix","398","Kazakhstan","470","Malta","5922","Export value","21631.01","Sunflower-seed oil, crude","2023","2023","","","",""
"TM","Detailed trade matrix","398","Kazakhstan","470","Malta","5922","Export value","21631.01","Sunflower-seed oil, crude","2024","2024","","","",""
"TM","Detailed trade matrix","398","Kazakhstan","470","Malta","5910","Export quantity","0111","Wheat","2018","2018","","","",""
"TM","Detailed trade matrix","398","Kazakhstan","470","Malta","5910","Export quantity","0111","Wheat","2019","2019","","","",""
"TM","Detailed trade matrix","398","Kazakhstan","470","Malta","5910","Export quantity","0111","Wheat","2020","2020","","","",""
"TM","Detailed trade matrix","398","Kazakhstan","470","Malta","5910","Export quantity","0111","Wheat","2021","2021","","","",""
"TM","Detailed trade matrix","398","Kazakhstan","470","Malta","5910","Export quantity","0111","Wheat","2022","2022","t","4877.4","A","Official value"
"TM","Detailed trade matrix","398","Kazakhstan","470","Malta","5910","Export quantity","0111","Wheat","2023","2023","","","",""
"TM","Detailed trade matrix","398","Kazakhstan","470","Malta","5910","Export quantity","0111","Wheat","2024","2024","","","",""
"TM","Detailed trade matrix","398","Kazakhstan","470","Malta","5922","Export value","0111","Wheat","2018","2018","","","",""
"TM","Detailed trade matrix","398","Kazakhstan","470","Malta","5922","Export value","0111","Wheat","2019","2019","","","",""
"TM","Detailed trade matrix","398","Kazakhstan","470","Malta","5922","Export value","0111","Wheat","2020","2020","","","",""
"TM","Detailed trade matrix","398","Kazakhstan","470","Malta","5922","Export value","0111","Wheat","2021","2021","","","",""
"TM","Detailed trade matrix","398","Kazakhstan","470","Malta","5922","Export value","0111","Wheat","2022","2022","1000 USD","1780","A","Official value"
"TM","Detailed trade matrix","398","Kazakhstan","470","Malta","5922","Export value","0111","Wheat","2023","2023","","","",""
"TM","Detailed trade matrix","398","Kazakhstan","470","Malta","5922","Export value","0111","Wheat","2024","2024","","","",""
"TM","Detailed trade matrix","398","Kazakhstan","528","Netherlands (Kingdom of the)","5910","Export quantity","0115","Barley","2018","2018","t","44","A","Official value"
"TM","Detailed trade matrix","398","Kazakhstan","528","Netherlands (Kingdom of the)","5910","Export quantity","0115","Barley","2019","2019","","","",""
"TM","Detailed trade matrix","398","Kazakhstan","528","Netherlands (Kingdom of the)","5910","Export quantity","0115","Barley","2020","2020","","","",""
"TM","Detailed trade matrix","398","Kazakhstan","528","Netherlands (Kingdom of the)","5910","Export quantity","0115","Barley","2021","2021","","","",""
"TM","Detailed trade matrix","398","Kazakhstan","528","Netherlands (Kingdom of the)","5910","Export quantity","0115","Barley","2022","2022","t","0","A","Official value"
"TM","Detailed trade matrix","398","Kazakhstan","528","Netherlands (Kingdom of the)","5910","Export quantity","0115","Barley","2023","2023","","","",""
"TM","Detailed trade matrix","398","Kazakhstan","528","Netherlands (Kingdom of the)","5910","Export quantity","0115","Barley","2024","2024","","","",""
"TM","Detailed trade matrix","398","Kazakhstan","528","Netherlands (Kingdom of the)","5922","Export value","0115","Barley","2018","2018","1000 USD","8","A","Official value"
"TM","Detailed trade matrix","398","Kazakhstan","528","Netherlands (Kingdom of the)","5922","Export value","0115","Barley","2019","2019","","","",""
"TM","Detailed trade matrix","398","Kazakhstan","528","Netherlands (Kingdom of the)","5922","Export value","0115","Barley","2020","2020","","","",""
"TM","Detailed trade matrix","398","Kazakhstan","528","Netherlands (Kingdom of the)","5922","Export value","0115","Barley","2021","2021","","","",""
"TM","Detailed trade matrix","398","Kazakhstan","528","Netherlands (Kingdom of the)","5922","Export value","0115","Barley","2022","2022","1000 USD","0","A","Official value"
"TM","Detailed trade matrix","398","Kazakhstan","528","Netherlands (Kingdom of the)","5922","Export value","0115","Barley","2023","2023","","","",""
"TM","Detailed trade matrix","398","Kazakhstan","528","Netherlands (Kingdom of the)","5922","Export value","0115","Barley","2024","2024","","","",""
"TM","Detailed trade matrix","398","Kazakhstan","528","Netherlands (Kingdom of the)","5910","Export quantity","01704","Lentils, dry","2018","2018","t","84","A","Official value"
"TM","Detailed trade matrix","398","Kazakhstan","528","Netherlands (Kingdom of the)","5910","Export quantity","01704","Lentils, dry","2019","2019","t","105","A","Official value"
"TM","Detailed trade matrix","398","Kazakhstan","528","Netherlands (Kingdom of the)","5910","Export quantity","01704","Lentils, dry","2020","2020","t","21","A","Official value"
"TM","Detailed trade matrix","398","Kazakhstan","528","Netherlands (Kingdom of the)","5910","Export quantity","01704","Lentils, dry","2021","2021","","","",""
"TM","Detailed trade matrix","398","Kazakhstan","528","Netherlands (Kingdom of the)","5910","Export quantity","01704","Lentils, dry","2022","2022","t","320","A","Official value"
"TM","Detailed trade matrix","398","Kazakhstan","528","Netherlands (Kingdom of the)","5910","Export quantity","01704","Lentils, dry","2023","2023","t","88","A","Official value"
"TM","Detailed trade matrix","398","Kazakhstan","528","Netherlands (Kingdom of the)","5910","Export quantity","01704","Lentils, dry","2024","2024","t","201.6","A","Official value"
"TM","Detailed trade matrix","398","Kazakhstan","528","Netherlands (Kingdom of the)","5922","Export value","01704","Lentils, dry","2018","2018","1000 USD","38","A","Official value"
"TM","Detailed trade matrix","398","Kazakhstan","528","Netherlands (Kingdom of the)","5922","Export value","01704","Lentils, dry","2019","2019","1000 USD","47","A","Official value"
"TM","Detailed trade matrix","398","Kazakhstan","528","Netherlands (Kingdom of the)","5922","Export value","01704","Lentils, dry","2020","2020","1000 USD","9","A","Official value"
"TM","Detailed trade matrix","398","Kazakhstan","528","Netherlands (Kingdom of the)","5922","Export value","01704","Lentils, dry","2021","2021","","","",""
"TM","Detailed trade matrix","398","Kazakhstan","528","Netherlands (Kingdom of the)","5922","Export value","01704","Lentils, dry","2022","2022","1000 USD","357","A","Official value"
"TM","Detailed trade matrix","398","Kazakhstan","528","Netherlands (Kingdom of the)","5922","Export value","01704","Lentils, dry","2023","2023","1000 USD","56","A","Official value"
"TM","Detailed trade matrix","398","Kazakhstan","528","Netherlands (Kingdom of the)","5922","Export value","01704","Lentils, dry","2024","2024","1000 USD","154","A","Official value"
"TM","Detailed trade matrix","398","Kazakhstan","528","Netherlands (Kingdom of the)","5910","Export quantity","01441","Linseed","2018","2018","t","5749.7","A","Official value"
"TM","Detailed trade matrix","398","Kazakhstan","528","Netherlands (Kingdom of the)","5910","Export quantity","01441","Linseed","2019","2019","t","3699.16","A","Official value"
"TM","Detailed trade matrix","398","Kazakhstan","528","Netherlands (Kingdom of the)","5910","Export quantity","01441","Linseed","2020","2020","t","2289.9","A","Official value"
"TM","Detailed trade matrix","398","Kazakhstan","528","Netherlands (Kingdom of the)","5910","Export quantity","01441","Linseed","2021","2021","t","3322","A","Official value"
"TM","Detailed trade matrix","398","Kazakhstan","528","Netherlands (Kingdom of the)","5910","Export quantity","01441","Linseed","2022","2022","t","2501.53","A","Official value"
"TM","Detailed trade matrix","398","Kazakhstan","528","Netherlands (Kingdom of the)","5910","Export quantity","01441","Linseed","2023","2023","t","828","A","Official value"
"TM","Detailed trade matrix","398","Kazakhstan","528","Netherlands (Kingdom of the)","5910","Export quantity","01441","Linseed","2024","2024","t","766","A","Official value"
"TM","Detailed trade matrix","398","Kazakhstan","528","Netherlands (Kingdom of the)","5922","Export value","01441","Linseed","2018","2018","1000 USD","2341","A","Official value"
"TM","Detailed trade matrix","398","Kazakhstan","528","Netherlands (Kingdom of the)","5922","Export value","01441","Linseed","2019","2019","1000 USD","1470","A","Official value"
"TM","Detailed trade matrix","398","Kazakhstan","528","Netherlands (Kingdom of the)","5922","Export value","01441","Linseed","2020","2020","1000 USD","1314","A","Official value"
"TM","Detailed trade matrix","398","Kazakhstan","528","Netherlands (Kingdom of the)","5922","Export value","01441","Linseed","2021","2021","1000 USD","2643","A","Official value"
"TM","Detailed trade matrix","398","Kazakhstan","528","Netherlands (Kingdom of the)","5922","Export value","01441","Linseed","2022","2022","1000 USD","2140","A","Official value"
"TM","Detailed trade matrix","398","Kazakhstan","528","Netherlands (Kingdom of the)","5922","Export value","01441","Linseed","2023","2023","1000 USD","766","A","Official value"
"TM","Detailed trade matrix","398","Kazakhstan","528","Netherlands (Kingdom of the)","5922","Export value","01441","Linseed","2024","2024","1000 USD","643","A","Official value"
"TM","Detailed trade matrix","398","Kazakhstan","528","Netherlands (Kingdom of the)","5910","Export quantity","0112","Maize (corn)","2018","2018","","","",""
"TM","Detailed trade matrix","398","Kazakhstan","528","Netherlands (Kingdom of the)","5910","Export quantity","0112","Maize (corn)","2019","2019","","","",""
"TM","Detailed trade matrix","398","Kazakhstan","528","Netherlands (Kingdom of the)","5910","Export quantity","0112","Maize (corn)","2020","2020","","","",""
"TM","Detailed trade matrix","398","Kazakhstan","528","Netherlands (Kingdom of the)","5910","Export quantity","0112","Maize (corn)","2021","2021","","","",""
"TM","Detailed trade matrix","398","Kazakhstan","528","Netherlands (Kingdom of the)","5910","Export quantity","0112","Maize (corn)","2022","2022","","","",""
"TM","Detailed trade matrix","398","Kazakhstan","528","Netherlands (Kingdom of the)","5910","Export quantity","0112","Maize (corn)","2023","2023","","","",""
"TM","Detailed trade matrix","398","Kazakhstan","528","Netherlands (Kingdom of the)","5910","Export quantity","0112","Maize (corn)","2024","2024","","","",""
"TM","Detailed trade matrix","398","Kazakhstan","528","Netherlands (Kingdom of the)","5922","Export value","0112","Maize (corn)","2018","2018","","","",""
"TM","Detailed trade matrix","398","Kazakhstan","528","Netherlands (Kingdom of the)","5922","Export value","0112","Maize (corn)","2019","2019","","","",""
"TM","Detailed trade matrix","398","Kazakhstan","528","Netherlands (Kingdom of the)","5922","Export value","0112","Maize (corn)","2020","2020","","","",""
"TM","Detailed trade matrix","398","Kazakhstan","528","Netherlands (Kingdom of the)","5922","Export value","0112","Maize (corn)","2021","2021","","","",""
"TM","Detailed trade matrix","398","Kazakhstan","528","Netherlands (Kingdom of the)","5922","Export value","0112","Maize (corn)","2022","2022","","","",""
"TM","Detailed trade matrix","398","Kazakhstan","528","Netherlands (Kingdom of the)","5922","Export value","0112","Maize (corn)","2023","2023","","","",""
"TM","Detailed trade matrix","398","Kazakhstan","528","Netherlands (Kingdom of the)","5922","Export value","0112","Maize (corn)","2024","2024","","","",""
"TM","Detailed trade matrix","398","Kazakhstan","528","Netherlands (Kingdom of the)","5910","Export quantity","01705","Peas, dry","2018","2018","t","445.2","A","Official value"
"TM","Detailed trade matrix","398","Kazakhstan","528","Netherlands (Kingdom of the)","5910","Export quantity","01705","Peas, dry","2019","2019","t","284","A","Official value"
"TM","Detailed trade matrix","398","Kazakhstan","528","Netherlands (Kingdom of the)","5910","Export quantity","01705","Peas, dry","2020","2020","","","",""
"TM","Detailed trade matrix","398","Kazakhstan","528","Netherlands (Kingdom of the)","5910","Export quantity","01705","Peas, dry","2021","2021","","","",""
"TM","Detailed trade matrix","398","Kazakhstan","528","Netherlands (Kingdom of the)","5910","Export quantity","01705","Peas, dry","2022","2022","","","",""
"TM","Detailed trade matrix","398","Kazakhstan","528","Netherlands (Kingdom of the)","5910","Export quantity","01705","Peas, dry","2023","2023","","","",""
"TM","Detailed trade matrix","398","Kazakhstan","528","Netherlands (Kingdom of the)","5910","Export quantity","01705","Peas, dry","2024","2024","","","",""
"TM","Detailed trade matrix","398","Kazakhstan","528","Netherlands (Kingdom of the)","5922","Export value","01705","Peas, dry","2018","2018","1000 USD","190","A","Official value"
"TM","Detailed trade matrix","398","Kazakhstan","528","Netherlands (Kingdom of the)","5922","Export value","01705","Peas, dry","2019","2019","1000 USD","99","A","Official value"
"TM","Detailed trade matrix","398","Kazakhstan","528","Netherlands (Kingdom of the)","5922","Export value","01705","Peas, dry","2020","2020","","","",""
"TM","Detailed trade matrix","398","Kazakhstan","528","Netherlands (Kingdom of the)","5922","Export value","01705","Peas, dry","2021","2021","","","",""
"TM","Detailed trade matrix","398","Kazakhstan","528","Netherlands (Kingdom of the)","5922","Export value","01705","Peas, dry","2022","2022","","","",""
"TM","Detailed trade matrix","398","Kazakhstan","528","Netherlands (Kingdom of the)","5922","Export value","01705","Peas, dry","2023","2023","","","",""
"TM","Detailed trade matrix","398","Kazakhstan","528","Netherlands (Kingdom of the)","5922","Export value","01705","Peas, dry","2024","2024","","","",""
"TM","Detailed trade matrix","398","Kazakhstan","528","Netherlands (Kingdom of the)","5910","Export quantity","21641.01","Rapeseed or canola oil, crude","2018","2018","","","",""
"TM","Detailed trade matrix","398","Kazakhstan","528","Netherlands (Kingdom of the)","5910","Export quantity","21641.01","Rapeseed or canola oil, crude","2019","2019","","","",""
"TM","Detailed trade matrix","398","Kazakhstan","528","Netherlands (Kingdom of the)","5910","Export quantity","21641.01","Rapeseed or canola oil, crude","2020","2020","","","",""
"TM","Detailed trade matrix","398","Kazakhstan","528","Netherlands (Kingdom of the)","5910","Export quantity","21641.01","Rapeseed or canola oil, crude","2021","2021","","","",""
"TM","Detailed trade matrix","398","Kazakhstan","528","Netherlands (Kingdom of the)","5910","Export quantity","21641.01","Rapeseed or canola oil, crude","2022","2022","","","",""
"TM","Detailed trade matrix","398","Kazakhstan","528","Netherlands (Kingdom of the)","5910","Export quantity","21641.01","Rapeseed or canola oil, crude","2023","2023","","","",""
"TM","Detailed trade matrix","398","Kazakhstan","528","Netherlands (Kingdom of the)","5910","Export quantity","21641.01","Rapeseed or canola oil, crude","2024","2024","","","",""
"TM","Detailed trade matrix","398","Kazakhstan","528","Netherlands (Kingdom of the)","5922","Export value","21641.01","Rapeseed or canola oil, crude","2018","2018","","","",""
"TM","Detailed trade matrix","398","Kazakhstan","528","Netherlands (Kingdom of the)","5922","Export value","21641.01","Rapeseed or canola oil, crude","2019","2019","","","",""
"TM","Detailed trade matrix","398","Kazakhstan","528","Netherlands (Kingdom of the)","5922","Export value","21641.01","Rapeseed or canola oil, crude","2020","2020","","","",""
"TM","Detailed trade matrix","398","Kazakhstan","528","Netherlands (Kingdom of the)","5922","Export value","21641.01","Rapeseed or canola oil, crude","2021","2021","","","",""
"TM","Detailed trade matrix","398","Kazakhstan","528","Netherlands (Kingdom of the)","5922","Export value","21641.01","Rapeseed or canola oil, crude","2022","2022","","","",""
"TM","Detailed trade matrix","398","Kazakhstan","528","Netherlands (Kingdom of the)","5922","Export value","21641.01","Rapeseed or canola oil, crude","2023","2023","","","",""
"TM","Detailed trade matrix","398","Kazakhstan","528","Netherlands (Kingdom of the)","5922","Export value","21641.01","Rapeseed or canola oil, crude","2024","2024","","","",""
"TM","Detailed trade matrix","398","Kazakhstan","528","Netherlands (Kingdom of the)","5910","Export quantity","01445","Sunflower seed","2018","2018","","","",""
"TM","Detailed trade matrix","398","Kazakhstan","528","Netherlands (Kingdom of the)","5910","Export quantity","01445","Sunflower seed","2019","2019","","","",""
"TM","Detailed trade matrix","398","Kazakhstan","528","Netherlands (Kingdom of the)","5910","Export quantity","01445","Sunflower seed","2020","2020","","","",""
"TM","Detailed trade matrix","398","Kazakhstan","528","Netherlands (Kingdom of the)","5910","Export quantity","01445","Sunflower seed","2021","2021","","","",""
"TM","Detailed trade matrix","398","Kazakhstan","528","Netherlands (Kingdom of the)","5910","Export quantity","01445","Sunflower seed","2022","2022","","","",""
"TM","Detailed trade matrix","398","Kazakhstan","528","Netherlands (Kingdom of the)","5910","Export quantity","01445","Sunflower seed","2023","2023","","","",""
"TM","Detailed trade matrix","398","Kazakhstan","528","Netherlands (Kingdom of the)","5910","Export quantity","01445","Sunflower seed","2024","2024","","","",""
"TM","Detailed trade matrix","398","Kazakhstan","528","Netherlands (Kingdom of the)","5922","Export value","01445","Sunflower seed","2018","2018","","","",""
"TM","Detailed trade matrix","398","Kazakhstan","528","Netherlands (Kingdom of the)","5922","Export value","01445","Sunflower seed","2019","2019","","","",""
"TM","Detailed trade matrix","398","Kazakhstan","528","Netherlands (Kingdom of the)","5922","Export value","01445","Sunflower seed","2020","2020","","","",""
"TM","Detailed trade matrix","398","Kazakhstan","528","Netherlands (Kingdom of the)","5922","Export value","01445","Sunflower seed","2021","2021","","","",""
"TM","Detailed trade matrix","398","Kazakhstan","528","Netherlands (Kingdom of the)","5922","Export value","01445","Sunflower seed","2022","2022","","","",""
"TM","Detailed trade matrix","398","Kazakhstan","528","Netherlands (Kingdom of the)","5922","Export value","01445","Sunflower seed","2023","2023","","","",""
"TM","Detailed trade matrix","398","Kazakhstan","528","Netherlands (Kingdom of the)","5922","Export value","01445","Sunflower seed","2024","2024","","","",""
"TM","Detailed trade matrix","398","Kazakhstan","528","Netherlands (Kingdom of the)","5910","Export quantity","21631.01","Sunflower-seed oil, crude","2018","2018","t","124.82","A","Official value"
"TM","Detailed trade matrix","398","Kazakhstan","528","Netherlands (Kingdom of the)","5910","Export quantity","21631.01","Sunflower-seed oil, crude","2019","2019","t","314.34","A","Official value"
"TM","Detailed trade matrix","398","Kazakhstan","528","Netherlands (Kingdom of the)","5910","Export quantity","21631.01","Sunflower-seed oil, crude","2020","2020","t","105","A","Official value"
"TM","Detailed trade matrix","398","Kazakhstan","528","Netherlands (Kingdom of the)","5910","Export quantity","21631.01","Sunflower-seed oil, crude","2021","2021","t","42","A","Official value"
"TM","Detailed trade matrix","398","Kazakhstan","528","Netherlands (Kingdom of the)","5910","Export quantity","21631.01","Sunflower-seed oil, crude","2022","2022","t","84","A","Official value"
"TM","Detailed trade matrix","398","Kazakhstan","528","Netherlands (Kingdom of the)","5910","Export quantity","21631.01","Sunflower-seed oil, crude","2023","2023","t","21","A","Official value"
"TM","Detailed trade matrix","398","Kazakhstan","528","Netherlands (Kingdom of the)","5910","Export quantity","21631.01","Sunflower-seed oil, crude","2024","2024","t","167.05","A","Official value"
"TM","Detailed trade matrix","398","Kazakhstan","528","Netherlands (Kingdom of the)","5922","Export value","21631.01","Sunflower-seed oil, crude","2018","2018","1000 USD","140","A","Official value"
"TM","Detailed trade matrix","398","Kazakhstan","528","Netherlands (Kingdom of the)","5922","Export value","21631.01","Sunflower-seed oil, crude","2019","2019","1000 USD","387","A","Official value"
"TM","Detailed trade matrix","398","Kazakhstan","528","Netherlands (Kingdom of the)","5922","Export value","21631.01","Sunflower-seed oil, crude","2020","2020","1000 USD","134","A","Official value"
"TM","Detailed trade matrix","398","Kazakhstan","528","Netherlands (Kingdom of the)","5922","Export value","21631.01","Sunflower-seed oil, crude","2021","2021","1000 USD","65","A","Official value"
"TM","Detailed trade matrix","398","Kazakhstan","528","Netherlands (Kingdom of the)","5922","Export value","21631.01","Sunflower-seed oil, crude","2022","2022","1000 USD","143","A","Official value"
"TM","Detailed trade matrix","398","Kazakhstan","528","Netherlands (Kingdom of the)","5922","Export value","21631.01","Sunflower-seed oil, crude","2023","2023","1000 USD","25","A","Official value"
"TM","Detailed trade matrix","398","Kazakhstan","528","Netherlands (Kingdom of the)","5922","Export value","21631.01","Sunflower-seed oil, crude","2024","2024","1000 USD","210","A","Official value"
"TM","Detailed trade matrix","398","Kazakhstan","528","Netherlands (Kingdom of the)","5910","Export quantity","0111","Wheat","2018","2018","t","5975.31","A","Official value"
"TM","Detailed trade matrix","398","Kazakhstan","528","Netherlands (Kingdom of the)","5910","Export quantity","0111","Wheat","2019","2019","t","10173.99","A","Official value"
"TM","Detailed trade matrix","398","Kazakhstan","528","Netherlands (Kingdom of the)","5910","Export quantity","0111","Wheat","2020","2020","","","",""
"TM","Detailed trade matrix","398","Kazakhstan","528","Netherlands (Kingdom of the)","5910","Export quantity","0111","Wheat","2021","2021","","","",""
"TM","Detailed trade matrix","398","Kazakhstan","528","Netherlands (Kingdom of the)","5910","Export quantity","0111","Wheat","2022","2022","","","",""
"TM","Detailed trade matrix","398","Kazakhstan","528","Netherlands (Kingdom of the)","5910","Export quantity","0111","Wheat","2023","2023","t","430","A","Official value"
"TM","Detailed trade matrix","398","Kazakhstan","528","Netherlands (Kingdom of the)","5910","Export quantity","0111","Wheat","2024","2024","","","",""
"TM","Detailed trade matrix","398","Kazakhstan","528","Netherlands (Kingdom of the)","5922","Export value","0111","Wheat","2018","2018","1000 USD","1882","A","Official value"
"TM","Detailed trade matrix","398","Kazakhstan","528","Netherlands (Kingdom of the)","5922","Export value","0111","Wheat","2019","2019","1000 USD","2404","A","Official value"
"TM","Detailed trade matrix","398","Kazakhstan","528","Netherlands (Kingdom of the)","5922","Export value","0111","Wheat","2020","2020","","","",""
"TM","Detailed trade matrix","398","Kazakhstan","528","Netherlands (Kingdom of the)","5922","Export value","0111","Wheat","2021","2021","","","",""
"TM","Detailed trade matrix","398","Kazakhstan","528","Netherlands (Kingdom of the)","5922","Export value","0111","Wheat","2022","2022","","","",""
"TM","Detailed trade matrix","398","Kazakhstan","528","Netherlands (Kingdom of the)","5922","Export value","0111","Wheat","2023","2023","1000 USD","352","A","Official value"
"TM","Detailed trade matrix","398","Kazakhstan","528","Netherlands (Kingdom of the)","5922","Export value","0111","Wheat","2024","2024","","","",""
"TM","Detailed trade matrix","398","Kazakhstan","616","Poland","5910","Export quantity","0115","Barley","2018","2018","","","",""
"TM","Detailed trade matrix","398","Kazakhstan","616","Poland","5910","Export quantity","0115","Barley","2019","2019","t","65","A","Official value"
"TM","Detailed trade matrix","398","Kazakhstan","616","Poland","5910","Export quantity","0115","Barley","2020","2020","","","",""
"TM","Detailed trade matrix","398","Kazakhstan","616","Poland","5910","Export quantity","0115","Barley","2021","2021","","","",""
"TM","Detailed trade matrix","398","Kazakhstan","616","Poland","5910","Export quantity","0115","Barley","2022","2022","","","",""
"TM","Detailed trade matrix","398","Kazakhstan","616","Poland","5910","Export quantity","0115","Barley","2023","2023","","","",""
"TM","Detailed trade matrix","398","Kazakhstan","616","Poland","5910","Export quantity","0115","Barley","2024","2024","","","",""
"TM","Detailed trade matrix","398","Kazakhstan","616","Poland","5922","Export value","0115","Barley","2018","2018","","","",""
"TM","Detailed trade matrix","398","Kazakhstan","616","Poland","5922","Export value","0115","Barley","2019","2019","1000 USD","10","A","Official value"
"TM","Detailed trade matrix","398","Kazakhstan","616","Poland","5922","Export value","0115","Barley","2020","2020","","","",""
"TM","Detailed trade matrix","398","Kazakhstan","616","Poland","5922","Export value","0115","Barley","2021","2021","","","",""
"TM","Detailed trade matrix","398","Kazakhstan","616","Poland","5922","Export value","0115","Barley","2022","2022","","","",""
"TM","Detailed trade matrix","398","Kazakhstan","616","Poland","5922","Export value","0115","Barley","2023","2023","","","",""
"TM","Detailed trade matrix","398","Kazakhstan","616","Poland","5922","Export value","0115","Barley","2024","2024","","","",""
"TM","Detailed trade matrix","398","Kazakhstan","616","Poland","5910","Export quantity","01704","Lentils, dry","2018","2018","t","285.5","A","Official value"
"TM","Detailed trade matrix","398","Kazakhstan","616","Poland","5910","Export quantity","01704","Lentils, dry","2019","2019","t","673.3","A","Official value"
"TM","Detailed trade matrix","398","Kazakhstan","616","Poland","5910","Export quantity","01704","Lentils, dry","2020","2020","t","428","A","Official value"
"TM","Detailed trade matrix","398","Kazakhstan","616","Poland","5910","Export quantity","01704","Lentils, dry","2021","2021","t","393","A","Official value"
"TM","Detailed trade matrix","398","Kazakhstan","616","Poland","5910","Export quantity","01704","Lentils, dry","2022","2022","t","392","A","Official value"
"TM","Detailed trade matrix","398","Kazakhstan","616","Poland","5910","Export quantity","01704","Lentils, dry","2023","2023","t","304","A","Official value"
"TM","Detailed trade matrix","398","Kazakhstan","616","Poland","5910","Export quantity","01704","Lentils, dry","2024","2024","t","946.77","A","Official value"
"TM","Detailed trade matrix","398","Kazakhstan","616","Poland","5922","Export value","01704","Lentils, dry","2018","2018","1000 USD","118","A","Official value"
"TM","Detailed trade matrix","398","Kazakhstan","616","Poland","5922","Export value","01704","Lentils, dry","2019","2019","1000 USD","256","A","Official value"
"TM","Detailed trade matrix","398","Kazakhstan","616","Poland","5922","Export value","01704","Lentils, dry","2020","2020","1000 USD","220","A","Official value"
"TM","Detailed trade matrix","398","Kazakhstan","616","Poland","5922","Export value","01704","Lentils, dry","2021","2021","1000 USD","241","A","Official value"
"TM","Detailed trade matrix","398","Kazakhstan","616","Poland","5922","Export value","01704","Lentils, dry","2022","2022","1000 USD","276","A","Official value"
"TM","Detailed trade matrix","398","Kazakhstan","616","Poland","5922","Export value","01704","Lentils, dry","2023","2023","1000 USD","177","A","Official value"
"TM","Detailed trade matrix","398","Kazakhstan","616","Poland","5922","Export value","01704","Lentils, dry","2024","2024","1000 USD","486","A","Official value"
"TM","Detailed trade matrix","398","Kazakhstan","616","Poland","5910","Export quantity","01441","Linseed","2018","2018","t","81088.86","A","Official value"
"TM","Detailed trade matrix","398","Kazakhstan","616","Poland","5910","Export quantity","01441","Linseed","2019","2019","t","80910.33","A","Official value"
"TM","Detailed trade matrix","398","Kazakhstan","616","Poland","5910","Export quantity","01441","Linseed","2020","2020","t","60103.19","A","Official value"
"TM","Detailed trade matrix","398","Kazakhstan","616","Poland","5910","Export quantity","01441","Linseed","2021","2021","t","70485.4","A","Official value"
"TM","Detailed trade matrix","398","Kazakhstan","616","Poland","5910","Export quantity","01441","Linseed","2022","2022","t","48447.48","A","Official value"
"TM","Detailed trade matrix","398","Kazakhstan","616","Poland","5910","Export quantity","01441","Linseed","2023","2023","t","21230.3","A","Official value"
"TM","Detailed trade matrix","398","Kazakhstan","616","Poland","5910","Export quantity","01441","Linseed","2024","2024","t","21483.2","A","Official value"
"TM","Detailed trade matrix","398","Kazakhstan","616","Poland","5922","Export value","01441","Linseed","2018","2018","1000 USD","25384","A","Official value"
"TM","Detailed trade matrix","398","Kazakhstan","616","Poland","5922","Export value","01441","Linseed","2019","2019","1000 USD","27621","A","Official value"
"TM","Detailed trade matrix","398","Kazakhstan","616","Poland","5922","Export value","01441","Linseed","2020","2020","1000 USD","28663","A","Official value"
"TM","Detailed trade matrix","398","Kazakhstan","616","Poland","5922","Export value","01441","Linseed","2021","2021","1000 USD","50288","A","Official value"
"TM","Detailed trade matrix","398","Kazakhstan","616","Poland","5922","Export value","01441","Linseed","2022","2022","1000 USD","33711","A","Official value"
"TM","Detailed trade matrix","398","Kazakhstan","616","Poland","5922","Export value","01441","Linseed","2023","2023","1000 USD","10590","A","Official value"
"TM","Detailed trade matrix","398","Kazakhstan","616","Poland","5922","Export value","01441","Linseed","2024","2024","1000 USD","12036","A","Official value"
"TM","Detailed trade matrix","398","Kazakhstan","616","Poland","5910","Export quantity","0112","Maize (corn)","2018","2018","","","",""
"TM","Detailed trade matrix","398","Kazakhstan","616","Poland","5910","Export quantity","0112","Maize (corn)","2019","2019","","","",""
"TM","Detailed trade matrix","398","Kazakhstan","616","Poland","5910","Export quantity","0112","Maize (corn)","2020","2020","","","",""
"TM","Detailed trade matrix","398","Kazakhstan","616","Poland","5910","Export quantity","0112","Maize (corn)","2021","2021","","","",""
"TM","Detailed trade matrix","398","Kazakhstan","616","Poland","5910","Export quantity","0112","Maize (corn)","2022","2022","","","",""
"TM","Detailed trade matrix","398","Kazakhstan","616","Poland","5910","Export quantity","0112","Maize (corn)","2023","2023","","","",""
"TM","Detailed trade matrix","398","Kazakhstan","616","Poland","5910","Export quantity","0112","Maize (corn)","2024","2024","","","",""
"TM","Detailed trade matrix","398","Kazakhstan","616","Poland","5922","Export value","0112","Maize (corn)","2018","2018","","","",""
"TM","Detailed trade matrix","398","Kazakhstan","616","Poland","5922","Export value","0112","Maize (corn)","2019","2019","","","",""
"TM","Detailed trade matrix","398","Kazakhstan","616","Poland","5922","Export value","0112","Maize (corn)","2020","2020","","","",""
"TM","Detailed trade matrix","398","Kazakhstan","616","Poland","5922","Export value","0112","Maize (corn)","2021","2021","","","",""
"TM","Detailed trade matrix","398","Kazakhstan","616","Poland","5922","Export value","0112","Maize (corn)","2022","2022","","","",""
"TM","Detailed trade matrix","398","Kazakhstan","616","Poland","5922","Export value","0112","Maize (corn)","2023","2023","","","",""
"TM","Detailed trade matrix","398","Kazakhstan","616","Poland","5922","Export value","0112","Maize (corn)","2024","2024","","","",""
"TM","Detailed trade matrix","398","Kazakhstan","616","Poland","5910","Export quantity","01705","Peas, dry","2018","2018","","","",""
"TM","Detailed trade matrix","398","Kazakhstan","616","Poland","5910","Export quantity","01705","Peas, dry","2019","2019","","","",""
"TM","Detailed trade matrix","398","Kazakhstan","616","Poland","5910","Export quantity","01705","Peas, dry","2020","2020","","","",""
"TM","Detailed trade matrix","398","Kazakhstan","616","Poland","5910","Export quantity","01705","Peas, dry","2021","2021","","","",""
"TM","Detailed trade matrix","398","Kazakhstan","616","Poland","5910","Export quantity","01705","Peas, dry","2022","2022","","","",""
"TM","Detailed trade matrix","398","Kazakhstan","616","Poland","5910","Export quantity","01705","Peas, dry","2023","2023","t","108","A","Official value"
"TM","Detailed trade matrix","398","Kazakhstan","616","Poland","5910","Export quantity","01705","Peas, dry","2024","2024","","","",""
"TM","Detailed trade matrix","398","Kazakhstan","616","Poland","5922","Export value","01705","Peas, dry","2018","2018","","","",""
"TM","Detailed trade matrix","398","Kazakhstan","616","Poland","5922","Export value","01705","Peas, dry","2019","2019","","","",""
"TM","Detailed trade matrix","398","Kazakhstan","616","Poland","5922","Export value","01705","Peas, dry","2020","2020","","","",""
"TM","Detailed trade matrix","398","Kazakhstan","616","Poland","5922","Export value","01705","Peas, dry","2021","2021","","","",""
"TM","Detailed trade matrix","398","Kazakhstan","616","Poland","5922","Export value","01705","Peas, dry","2022","2022","","","",""
"TM","Detailed trade matrix","398","Kazakhstan","616","Poland","5922","Export value","01705","Peas, dry","2023","2023","1000 USD","43","A","Official value"
"TM","Detailed trade matrix","398","Kazakhstan","616","Poland","5922","Export value","01705","Peas, dry","2024","2024","","","",""
"TM","Detailed trade matrix","398","Kazakhstan","616","Poland","5910","Export quantity","21641.01","Rapeseed or canola oil, crude","2018","2018","","","",""
"TM","Detailed trade matrix","398","Kazakhstan","616","Poland","5910","Export quantity","21641.01","Rapeseed or canola oil, crude","2019","2019","","","",""
"TM","Detailed trade matrix","398","Kazakhstan","616","Poland","5910","Export quantity","21641.01","Rapeseed or canola oil, crude","2020","2020","","","",""
"TM","Detailed trade matrix","398","Kazakhstan","616","Poland","5910","Export quantity","21641.01","Rapeseed or canola oil, crude","2021","2021","","","",""
"TM","Detailed trade matrix","398","Kazakhstan","616","Poland","5910","Export quantity","21641.01","Rapeseed or canola oil, crude","2022","2022","","","",""
"TM","Detailed trade matrix","398","Kazakhstan","616","Poland","5910","Export quantity","21641.01","Rapeseed or canola oil, crude","2023","2023","","","",""
"TM","Detailed trade matrix","398","Kazakhstan","616","Poland","5910","Export quantity","21641.01","Rapeseed or canola oil, crude","2024","2024","","","",""
"TM","Detailed trade matrix","398","Kazakhstan","616","Poland","5922","Export value","21641.01","Rapeseed or canola oil, crude","2018","2018","","","",""
"TM","Detailed trade matrix","398","Kazakhstan","616","Poland","5922","Export value","21641.01","Rapeseed or canola oil, crude","2019","2019","","","",""
"TM","Detailed trade matrix","398","Kazakhstan","616","Poland","5922","Export value","21641.01","Rapeseed or canola oil, crude","2020","2020","","","",""
"TM","Detailed trade matrix","398","Kazakhstan","616","Poland","5922","Export value","21641.01","Rapeseed or canola oil, crude","2021","2021","","","",""
"TM","Detailed trade matrix","398","Kazakhstan","616","Poland","5922","Export value","21641.01","Rapeseed or canola oil, crude","2022","2022","","","",""
"TM","Detailed trade matrix","398","Kazakhstan","616","Poland","5922","Export value","21641.01","Rapeseed or canola oil, crude","2023","2023","","","",""
"TM","Detailed trade matrix","398","Kazakhstan","616","Poland","5922","Export value","21641.01","Rapeseed or canola oil, crude","2024","2024","","","",""
"TM","Detailed trade matrix","398","Kazakhstan","616","Poland","5910","Export quantity","01445","Sunflower seed","2018","2018","","","",""
"TM","Detailed trade matrix","398","Kazakhstan","616","Poland","5910","Export quantity","01445","Sunflower seed","2019","2019","","","",""
"TM","Detailed trade matrix","398","Kazakhstan","616","Poland","5910","Export quantity","01445","Sunflower seed","2020","2020","t","149.28","A","Official value"
"TM","Detailed trade matrix","398","Kazakhstan","616","Poland","5910","Export quantity","01445","Sunflower seed","2021","2021","t","1247.44","A","Official value"
"TM","Detailed trade matrix","398","Kazakhstan","616","Poland","5910","Export quantity","01445","Sunflower seed","2022","2022","t","1301.25","A","Official value"
"TM","Detailed trade matrix","398","Kazakhstan","616","Poland","5910","Export quantity","01445","Sunflower seed","2023","2023","t","249.75","A","Official value"
"TM","Detailed trade matrix","398","Kazakhstan","616","Poland","5910","Export quantity","01445","Sunflower seed","2024","2024","","","",""
"TM","Detailed trade matrix","398","Kazakhstan","616","Poland","5922","Export value","01445","Sunflower seed","2018","2018","","","",""
"TM","Detailed trade matrix","398","Kazakhstan","616","Poland","5922","Export value","01445","Sunflower seed","2019","2019","","","",""
"TM","Detailed trade matrix","398","Kazakhstan","616","Poland","5922","Export value","01445","Sunflower seed","2020","2020","1000 USD","91","A","Official value"
"TM","Detailed trade matrix","398","Kazakhstan","616","Poland","5922","Export value","01445","Sunflower seed","2021","2021","1000 USD","1112","A","Official value"
"TM","Detailed trade matrix","398","Kazakhstan","616","Poland","5922","Export value","01445","Sunflower seed","2022","2022","1000 USD","1359","A","Official value"
"TM","Detailed trade matrix","398","Kazakhstan","616","Poland","5922","Export value","01445","Sunflower seed","2023","2023","1000 USD","194","A","Official value"
"TM","Detailed trade matrix","398","Kazakhstan","616","Poland","5922","Export value","01445","Sunflower seed","2024","2024","","","",""
"TM","Detailed trade matrix","398","Kazakhstan","616","Poland","5910","Export quantity","21631.01","Sunflower-seed oil, crude","2018","2018","","","",""
"TM","Detailed trade matrix","398","Kazakhstan","616","Poland","5910","Export quantity","21631.01","Sunflower-seed oil, crude","2019","2019","","","",""
"TM","Detailed trade matrix","398","Kazakhstan","616","Poland","5910","Export quantity","21631.01","Sunflower-seed oil, crude","2020","2020","t","21","A","Official value"
"TM","Detailed trade matrix","398","Kazakhstan","616","Poland","5910","Export quantity","21631.01","Sunflower-seed oil, crude","2021","2021","","","",""
"TM","Detailed trade matrix","398","Kazakhstan","616","Poland","5910","Export quantity","21631.01","Sunflower-seed oil, crude","2022","2022","t","39.91","A","Official value"
"TM","Detailed trade matrix","398","Kazakhstan","616","Poland","5910","Export quantity","21631.01","Sunflower-seed oil, crude","2023","2023","","","",""
"TM","Detailed trade matrix","398","Kazakhstan","616","Poland","5910","Export quantity","21631.01","Sunflower-seed oil, crude","2024","2024","","","",""
"TM","Detailed trade matrix","398","Kazakhstan","616","Poland","5922","Export value","21631.01","Sunflower-seed oil, crude","2018","2018","","","",""
"TM","Detailed trade matrix","398","Kazakhstan","616","Poland","5922","Export value","21631.01","Sunflower-seed oil, crude","2019","2019","","","",""
"TM","Detailed trade matrix","398","Kazakhstan","616","Poland","5922","Export value","21631.01","Sunflower-seed oil, crude","2020","2020","1000 USD","28","A","Official value"
"TM","Detailed trade matrix","398","Kazakhstan","616","Poland","5922","Export value","21631.01","Sunflower-seed oil, crude","2021","2021","","","",""
"TM","Detailed trade matrix","398","Kazakhstan","616","Poland","5922","Export value","21631.01","Sunflower-seed oil, crude","2022","2022","1000 USD","73","A","Official value"
"TM","Detailed trade matrix","398","Kazakhstan","616","Poland","5922","Export value","21631.01","Sunflower-seed oil, crude","2023","2023","","","",""
"TM","Detailed trade matrix","398","Kazakhstan","616","Poland","5922","Export value","21631.01","Sunflower-seed oil, crude","2024","2024","","","",""
"TM","Detailed trade matrix","398","Kazakhstan","616","Poland","5910","Export quantity","0111","Wheat","2018","2018","t","5279.6","A","Official value"
"TM","Detailed trade matrix","398","Kazakhstan","616","Poland","5910","Export quantity","0111","Wheat","2019","2019","t","4771.3","A","Official value"
"TM","Detailed trade matrix","398","Kazakhstan","616","Poland","5910","Export quantity","0111","Wheat","2020","2020","t","3485.51","A","Official value"
"TM","Detailed trade matrix","398","Kazakhstan","616","Poland","5910","Export quantity","0111","Wheat","2021","2021","t","2602.92","A","Official value"
"TM","Detailed trade matrix","398","Kazakhstan","616","Poland","5910","Export quantity","0111","Wheat","2022","2022","t","14228.4","A","Official value"
"TM","Detailed trade matrix","398","Kazakhstan","616","Poland","5910","Export quantity","0111","Wheat","2023","2023","t","5508","A","Official value"
"TM","Detailed trade matrix","398","Kazakhstan","616","Poland","5910","Export quantity","0111","Wheat","2024","2024","","","",""
"TM","Detailed trade matrix","398","Kazakhstan","616","Poland","5922","Export value","0111","Wheat","2018","2018","1000 USD","1457","A","Official value"
"TM","Detailed trade matrix","398","Kazakhstan","616","Poland","5922","Export value","0111","Wheat","2019","2019","1000 USD","1284","A","Official value"
"TM","Detailed trade matrix","398","Kazakhstan","616","Poland","5922","Export value","0111","Wheat","2020","2020","1000 USD","1038","A","Official value"
"TM","Detailed trade matrix","398","Kazakhstan","616","Poland","5922","Export value","0111","Wheat","2021","2021","1000 USD","1421","A","Official value"
"TM","Detailed trade matrix","398","Kazakhstan","616","Poland","5922","Export value","0111","Wheat","2022","2022","1000 USD","8144","A","Official value"
"TM","Detailed trade matrix","398","Kazakhstan","616","Poland","5922","Export value","0111","Wheat","2023","2023","1000 USD","2389","A","Official value"
"TM","Detailed trade matrix","398","Kazakhstan","616","Poland","5922","Export value","0111","Wheat","2024","2024","","","",""
"TM","Detailed trade matrix","398","Kazakhstan","620","Portugal","5910","Export quantity","0115","Barley","2018","2018","","","",""
"TM","Detailed trade matrix","398","Kazakhstan","620","Portugal","5910","Export quantity","0115","Barley","2019","2019","","","",""
"TM","Detailed trade matrix","398","Kazakhstan","620","Portugal","5910","Export quantity","0115","Barley","2020","2020","","","",""
"TM","Detailed trade matrix","398","Kazakhstan","620","Portugal","5910","Export quantity","0115","Barley","2021","2021","","","",""
"TM","Detailed trade matrix","398","Kazakhstan","620","Portugal","5910","Export quantity","0115","Barley","2022","2022","","","",""
"TM","Detailed trade matrix","398","Kazakhstan","620","Portugal","5910","Export quantity","0115","Barley","2023","2023","","","",""
"TM","Detailed trade matrix","398","Kazakhstan","620","Portugal","5910","Export quantity","0115","Barley","2024","2024","","","",""
"TM","Detailed trade matrix","398","Kazakhstan","620","Portugal","5922","Export value","0115","Barley","2018","2018","","","",""
"TM","Detailed trade matrix","398","Kazakhstan","620","Portugal","5922","Export value","0115","Barley","2019","2019","","","",""
"TM","Detailed trade matrix","398","Kazakhstan","620","Portugal","5922","Export value","0115","Barley","2020","2020","","","",""
"TM","Detailed trade matrix","398","Kazakhstan","620","Portugal","5922","Export value","0115","Barley","2021","2021","","","",""
"TM","Detailed trade matrix","398","Kazakhstan","620","Portugal","5922","Export value","0115","Barley","2022","2022","","","",""
"TM","Detailed trade matrix","398","Kazakhstan","620","Portugal","5922","Export value","0115","Barley","2023","2023","","","",""
"TM","Detailed trade matrix","398","Kazakhstan","620","Portugal","5922","Export value","0115","Barley","2024","2024","","","",""
"TM","Detailed trade matrix","398","Kazakhstan","620","Portugal","5910","Export quantity","01704","Lentils, dry","2018","2018","","","",""
"TM","Detailed trade matrix","398","Kazakhstan","620","Portugal","5910","Export quantity","01704","Lentils, dry","2019","2019","","","",""
"TM","Detailed trade matrix","398","Kazakhstan","620","Portugal","5910","Export quantity","01704","Lentils, dry","2020","2020","","","",""
"TM","Detailed trade matrix","398","Kazakhstan","620","Portugal","5910","Export quantity","01704","Lentils, dry","2021","2021","","","",""
"TM","Detailed trade matrix","398","Kazakhstan","620","Portugal","5910","Export quantity","01704","Lentils, dry","2022","2022","","","",""
"TM","Detailed trade matrix","398","Kazakhstan","620","Portugal","5910","Export quantity","01704","Lentils, dry","2023","2023","","","",""
"TM","Detailed trade matrix","398","Kazakhstan","620","Portugal","5910","Export quantity","01704","Lentils, dry","2024","2024","","","",""
"TM","Detailed trade matrix","398","Kazakhstan","620","Portugal","5922","Export value","01704","Lentils, dry","2018","2018","","","",""
"TM","Detailed trade matrix","398","Kazakhstan","620","Portugal","5922","Export value","01704","Lentils, dry","2019","2019","","","",""
"TM","Detailed trade matrix","398","Kazakhstan","620","Portugal","5922","Export value","01704","Lentils, dry","2020","2020","","","",""
"TM","Detailed trade matrix","398","Kazakhstan","620","Portugal","5922","Export value","01704","Lentils, dry","2021","2021","","","",""
"TM","Detailed trade matrix","398","Kazakhstan","620","Portugal","5922","Export value","01704","Lentils, dry","2022","2022","","","",""
"TM","Detailed trade matrix","398","Kazakhstan","620","Portugal","5922","Export value","01704","Lentils, dry","2023","2023","","","",""
"TM","Detailed trade matrix","398","Kazakhstan","620","Portugal","5922","Export value","01704","Lentils, dry","2024","2024","","","",""
"TM","Detailed trade matrix","398","Kazakhstan","620","Portugal","5910","Export quantity","01441","Linseed","2018","2018","","","",""
"TM","Detailed trade matrix","398","Kazakhstan","620","Portugal","5910","Export quantity","01441","Linseed","2019","2019","","","",""
"TM","Detailed trade matrix","398","Kazakhstan","620","Portugal","5910","Export quantity","01441","Linseed","2020","2020","","","",""
"TM","Detailed trade matrix","398","Kazakhstan","620","Portugal","5910","Export quantity","01441","Linseed","2021","2021","","","",""
"TM","Detailed trade matrix","398","Kazakhstan","620","Portugal","5910","Export quantity","01441","Linseed","2022","2022","","","",""
"TM","Detailed trade matrix","398","Kazakhstan","620","Portugal","5910","Export quantity","01441","Linseed","2023","2023","","","",""
"TM","Detailed trade matrix","398","Kazakhstan","620","Portugal","5910","Export quantity","01441","Linseed","2024","2024","","","",""
"TM","Detailed trade matrix","398","Kazakhstan","620","Portugal","5922","Export value","01441","Linseed","2018","2018","","","",""
"TM","Detailed trade matrix","398","Kazakhstan","620","Portugal","5922","Export value","01441","Linseed","2019","2019","","","",""
"TM","Detailed trade matrix","398","Kazakhstan","620","Portugal","5922","Export value","01441","Linseed","2020","2020","","","",""
"TM","Detailed trade matrix","398","Kazakhstan","620","Portugal","5922","Export value","01441","Linseed","2021","2021","","","",""
"TM","Detailed trade matrix","398","Kazakhstan","620","Portugal","5922","Export value","01441","Linseed","2022","2022","","","",""
"TM","Detailed trade matrix","398","Kazakhstan","620","Portugal","5922","Export value","01441","Linseed","2023","2023","","","",""
"TM","Detailed trade matrix","398","Kazakhstan","620","Portugal","5922","Export value","01441","Linseed","2024","2024","","","",""
"TM","Detailed trade matrix","398","Kazakhstan","620","Portugal","5910","Export quantity","0112","Maize (corn)","2018","2018","","","",""
"TM","Detailed trade matrix","398","Kazakhstan","620","Portugal","5910","Export quantity","0112","Maize (corn)","2019","2019","","","",""
"TM","Detailed trade matrix","398","Kazakhstan","620","Portugal","5910","Export quantity","0112","Maize (corn)","2020","2020","","","",""
"TM","Detailed trade matrix","398","Kazakhstan","620","Portugal","5910","Export quantity","0112","Maize (corn)","2021","2021","","","",""
"TM","Detailed trade matrix","398","Kazakhstan","620","Portugal","5910","Export quantity","0112","Maize (corn)","2022","2022","","","",""
"TM","Detailed trade matrix","398","Kazakhstan","620","Portugal","5910","Export quantity","0112","Maize (corn)","2023","2023","","","",""
"TM","Detailed trade matrix","398","Kazakhstan","620","Portugal","5910","Export quantity","0112","Maize (corn)","2024","2024","","","",""
"TM","Detailed trade matrix","398","Kazakhstan","620","Portugal","5922","Export value","0112","Maize (corn)","2018","2018","","","",""
"TM","Detailed trade matrix","398","Kazakhstan","620","Portugal","5922","Export value","0112","Maize (corn)","2019","2019","","","",""
"TM","Detailed trade matrix","398","Kazakhstan","620","Portugal","5922","Export value","0112","Maize (corn)","2020","2020","","","",""
"TM","Detailed trade matrix","398","Kazakhstan","620","Portugal","5922","Export value","0112","Maize (corn)","2021","2021","","","",""
"TM","Detailed trade matrix","398","Kazakhstan","620","Portugal","5922","Export value","0112","Maize (corn)","2022","2022","","","",""
"TM","Detailed trade matrix","398","Kazakhstan","620","Portugal","5922","Export value","0112","Maize (corn)","2023","2023","","","",""
"TM","Detailed trade matrix","398","Kazakhstan","620","Portugal","5922","Export value","0112","Maize (corn)","2024","2024","","","",""
"TM","Detailed trade matrix","398","Kazakhstan","620","Portugal","5910","Export quantity","01705","Peas, dry","2018","2018","","","",""
"TM","Detailed trade matrix","398","Kazakhstan","620","Portugal","5910","Export quantity","01705","Peas, dry","2019","2019","","","",""
"TM","Detailed trade matrix","398","Kazakhstan","620","Portugal","5910","Export quantity","01705","Peas, dry","2020","2020","","","",""
"TM","Detailed trade matrix","398","Kazakhstan","620","Portugal","5910","Export quantity","01705","Peas, dry","2021","2021","","","",""
"TM","Detailed trade matrix","398","Kazakhstan","620","Portugal","5910","Export quantity","01705","Peas, dry","2022","2022","","","",""
"TM","Detailed trade matrix","398","Kazakhstan","620","Portugal","5910","Export quantity","01705","Peas, dry","2023","2023","","","",""
"TM","Detailed trade matrix","398","Kazakhstan","620","Portugal","5910","Export quantity","01705","Peas, dry","2024","2024","","","",""
"TM","Detailed trade matrix","398","Kazakhstan","620","Portugal","5922","Export value","01705","Peas, dry","2018","2018","","","",""
"TM","Detailed trade matrix","398","Kazakhstan","620","Portugal","5922","Export value","01705","Peas, dry","2019","2019","","","",""
"TM","Detailed trade matrix","398","Kazakhstan","620","Portugal","5922","Export value","01705","Peas, dry","2020","2020","","","",""
"TM","Detailed trade matrix","398","Kazakhstan","620","Portugal","5922","Export value","01705","Peas, dry","2021","2021","","","",""
"TM","Detailed trade matrix","398","Kazakhstan","620","Portugal","5922","Export value","01705","Peas, dry","2022","2022","","","",""
"TM","Detailed trade matrix","398","Kazakhstan","620","Portugal","5922","Export value","01705","Peas, dry","2023","2023","","","",""
"TM","Detailed trade matrix","398","Kazakhstan","620","Portugal","5922","Export value","01705","Peas, dry","2024","2024","","","",""
"TM","Detailed trade matrix","398","Kazakhstan","620","Portugal","5910","Export quantity","21641.01","Rapeseed or canola oil, crude","2018","2018","","","",""
"TM","Detailed trade matrix","398","Kazakhstan","620","Portugal","5910","Export quantity","21641.01","Rapeseed or canola oil, crude","2019","2019","","","",""
"TM","Detailed trade matrix","398","Kazakhstan","620","Portugal","5910","Export quantity","21641.01","Rapeseed or canola oil, crude","2020","2020","","","",""
"TM","Detailed trade matrix","398","Kazakhstan","620","Portugal","5910","Export quantity","21641.01","Rapeseed or canola oil, crude","2021","2021","","","",""
"TM","Detailed trade matrix","398","Kazakhstan","620","Portugal","5910","Export quantity","21641.01","Rapeseed or canola oil, crude","2022","2022","","","",""
"TM","Detailed trade matrix","398","Kazakhstan","620","Portugal","5910","Export quantity","21641.01","Rapeseed or canola oil, crude","2023","2023","","","",""
"TM","Detailed trade matrix","398","Kazakhstan","620","Portugal","5910","Export quantity","21641.01","Rapeseed or canola oil, crude","2024","2024","","","",""
"TM","Detailed trade matrix","398","Kazakhstan","620","Portugal","5922","Export value","21641.01","Rapeseed or canola oil, crude","2018","2018","","","",""
"TM","Detailed trade matrix","398","Kazakhstan","620","Portugal","5922","Export value","21641.01","Rapeseed or canola oil, crude","2019","2019","","","",""
"TM","Detailed trade matrix","398","Kazakhstan","620","Portugal","5922","Export value","21641.01","Rapeseed or canola oil, crude","2020","2020","","","",""
"TM","Detailed trade matrix","398","Kazakhstan","620","Portugal","5922","Export value","21641.01","Rapeseed or canola oil, crude","2021","2021","","","",""
"TM","Detailed trade matrix","398","Kazakhstan","620","Portugal","5922","Export value","21641.01","Rapeseed or canola oil, crude","2022","2022","","","",""
"TM","Detailed trade matrix","398","Kazakhstan","620","Portugal","5922","Export value","21641.01","Rapeseed or canola oil, crude","2023","2023","","","",""
"TM","Detailed trade matrix","398","Kazakhstan","620","Portugal","5922","Export value","21641.01","Rapeseed or canola oil, crude","2024","2024","","","",""
"TM","Detailed trade matrix","398","Kazakhstan","620","Portugal","5910","Export quantity","01445","Sunflower seed","2018","2018","","","",""
"TM","Detailed trade matrix","398","Kazakhstan","620","Portugal","5910","Export quantity","01445","Sunflower seed","2019","2019","","","",""
"TM","Detailed trade matrix","398","Kazakhstan","620","Portugal","5910","Export quantity","01445","Sunflower seed","2020","2020","","","",""
"TM","Detailed trade matrix","398","Kazakhstan","620","Portugal","5910","Export quantity","01445","Sunflower seed","2021","2021","","","",""
"TM","Detailed trade matrix","398","Kazakhstan","620","Portugal","5910","Export quantity","01445","Sunflower seed","2022","2022","","","",""
"TM","Detailed trade matrix","398","Kazakhstan","620","Portugal","5910","Export quantity","01445","Sunflower seed","2023","2023","","","",""
"TM","Detailed trade matrix","398","Kazakhstan","620","Portugal","5910","Export quantity","01445","Sunflower seed","2024","2024","","","",""
"TM","Detailed trade matrix","398","Kazakhstan","620","Portugal","5922","Export value","01445","Sunflower seed","2018","2018","","","",""
"TM","Detailed trade matrix","398","Kazakhstan","620","Portugal","5922","Export value","01445","Sunflower seed","2019","2019","","","",""
"TM","Detailed trade matrix","398","Kazakhstan","620","Portugal","5922","Export value","01445","Sunflower seed","2020","2020","","","",""
"TM","Detailed trade matrix","398","Kazakhstan","620","Portugal","5922","Export value","01445","Sunflower seed","2021","2021","","","",""
"TM","Detailed trade matrix","398","Kazakhstan","620","Portugal","5922","Export value","01445","Sunflower seed","2022","2022","","","",""
"TM","Detailed trade matrix","398","Kazakhstan","620","Portugal","5922","Export value","01445","Sunflower seed","2023","2023","","","",""
"TM","Detailed trade matrix","398","Kazakhstan","620","Portugal","5922","Export value","01445","Sunflower seed","2024","2024","","","",""
"TM","Detailed trade matrix","398","Kazakhstan","620","Portugal","5910","Export quantity","21631.01","Sunflower-seed oil, crude","2018","2018","","","",""
"TM","Detailed trade matrix","398","Kazakhstan","620","Portugal","5910","Export quantity","21631.01","Sunflower-seed oil, crude","2019","2019","","","",""
"TM","Detailed trade matrix","398","Kazakhstan","620","Portugal","5910","Export quantity","21631.01","Sunflower-seed oil, crude","2020","2020","","","",""
"TM","Detailed trade matrix","398","Kazakhstan","620","Portugal","5910","Export quantity","21631.01","Sunflower-seed oil, crude","2021","2021","","","",""
"TM","Detailed trade matrix","398","Kazakhstan","620","Portugal","5910","Export quantity","21631.01","Sunflower-seed oil, crude","2022","2022","","","",""
"TM","Detailed trade matrix","398","Kazakhstan","620","Portugal","5910","Export quantity","21631.01","Sunflower-seed oil, crude","2023","2023","","","",""
"TM","Detailed trade matrix","398","Kazakhstan","620","Portugal","5910","Export quantity","21631.01","Sunflower-seed oil, crude","2024","2024","","","",""
"TM","Detailed trade matrix","398","Kazakhstan","620","Portugal","5922","Export value","21631.01","Sunflower-seed oil, crude","2018","2018","","","",""
"TM","Detailed trade matrix","398","Kazakhstan","620","Portugal","5922","Export value","21631.01","Sunflower-seed oil, crude","2019","2019","","","",""
"TM","Detailed trade matrix","398","Kazakhstan","620","Portugal","5922","Export value","21631.01","Sunflower-seed oil, crude","2020","2020","","","",""
"TM","Detailed trade matrix","398","Kazakhstan","620","Portugal","5922","Export value","21631.01","Sunflower-seed oil, crude","2021","2021","","","",""
"TM","Detailed trade matrix","398","Kazakhstan","620","Portugal","5922","Export value","21631.01","Sunflower-seed oil, crude","2022","2022","","","",""
"TM","Detailed trade matrix","398","Kazakhstan","620","Portugal","5922","Export value","21631.01","Sunflower-seed oil, crude","2023","2023","","","",""
"TM","Detailed trade matrix","398","Kazakhstan","620","Portugal","5922","Export value","21631.01","Sunflower-seed oil, crude","2024","2024","","","",""
"TM","Detailed trade matrix","398","Kazakhstan","620","Portugal","5910","Export quantity","0111","Wheat","2018","2018","","","",""
"TM","Detailed trade matrix","398","Kazakhstan","620","Portugal","5910","Export quantity","0111","Wheat","2019","2019","","","",""
"TM","Detailed trade matrix","398","Kazakhstan","620","Portugal","5910","Export quantity","0111","Wheat","2020","2020","","","",""
"TM","Detailed trade matrix","398","Kazakhstan","620","Portugal","5910","Export quantity","0111","Wheat","2021","2021","","","",""
"TM","Detailed trade matrix","398","Kazakhstan","620","Portugal","5910","Export quantity","0111","Wheat","2022","2022","","","",""
"TM","Detailed trade matrix","398","Kazakhstan","620","Portugal","5910","Export quantity","0111","Wheat","2023","2023","t","9016.58","A","Official value"
"TM","Detailed trade matrix","398","Kazakhstan","620","Portugal","5910","Export quantity","0111","Wheat","2024","2024","","","",""
"TM","Detailed trade matrix","398","Kazakhstan","620","Portugal","5922","Export value","0111","Wheat","2018","2018","","","",""
"TM","Detailed trade matrix","398","Kazakhstan","620","Portugal","5922","Export value","0111","Wheat","2019","2019","","","",""
"TM","Detailed trade matrix","398","Kazakhstan","620","Portugal","5922","Export value","0111","Wheat","2020","2020","","","",""
"TM","Detailed trade matrix","398","Kazakhstan","620","Portugal","5922","Export value","0111","Wheat","2021","2021","","","",""
"TM","Detailed trade matrix","398","Kazakhstan","620","Portugal","5922","Export value","0111","Wheat","2022","2022","","","",""
"TM","Detailed trade matrix","398","Kazakhstan","620","Portugal","5922","Export value","0111","Wheat","2023","2023","1000 USD","2534","A","Official value"
"TM","Detailed trade matrix","398","Kazakhstan","620","Portugal","5922","Export value","0111","Wheat","2024","2024","","","",""
"TM","Detailed trade matrix","398","Kazakhstan","642","Romania","5910","Export quantity","0115","Barley","2018","2018","","","",""
"TM","Detailed trade matrix","398","Kazakhstan","642","Romania","5910","Export quantity","0115","Barley","2019","2019","","","",""
"TM","Detailed trade matrix","398","Kazakhstan","642","Romania","5910","Export quantity","0115","Barley","2020","2020","","","",""
"TM","Detailed trade matrix","398","Kazakhstan","642","Romania","5910","Export quantity","0115","Barley","2021","2021","","","",""
"TM","Detailed trade matrix","398","Kazakhstan","642","Romania","5910","Export quantity","0115","Barley","2022","2022","","","",""
"TM","Detailed trade matrix","398","Kazakhstan","642","Romania","5910","Export quantity","0115","Barley","2023","2023","","","",""
"TM","Detailed trade matrix","398","Kazakhstan","642","Romania","5910","Export quantity","0115","Barley","2024","2024","","","",""
"TM","Detailed trade matrix","398","Kazakhstan","642","Romania","5922","Export value","0115","Barley","2018","2018","","","",""
"TM","Detailed trade matrix","398","Kazakhstan","642","Romania","5922","Export value","0115","Barley","2019","2019","","","",""
"TM","Detailed trade matrix","398","Kazakhstan","642","Romania","5922","Export value","0115","Barley","2020","2020","","","",""
"TM","Detailed trade matrix","398","Kazakhstan","642","Romania","5922","Export value","0115","Barley","2021","2021","","","",""
"TM","Detailed trade matrix","398","Kazakhstan","642","Romania","5922","Export value","0115","Barley","2022","2022","","","",""
"TM","Detailed trade matrix","398","Kazakhstan","642","Romania","5922","Export value","0115","Barley","2023","2023","","","",""
"TM","Detailed trade matrix","398","Kazakhstan","642","Romania","5922","Export value","0115","Barley","2024","2024","","","",""
"TM","Detailed trade matrix","398","Kazakhstan","642","Romania","5910","Export quantity","01704","Lentils, dry","2018","2018","","","",""
"TM","Detailed trade matrix","398","Kazakhstan","642","Romania","5910","Export quantity","01704","Lentils, dry","2019","2019","t","22","A","Official value"
"TM","Detailed trade matrix","398","Kazakhstan","642","Romania","5910","Export quantity","01704","Lentils, dry","2020","2020","","","",""
"TM","Detailed trade matrix","398","Kazakhstan","642","Romania","5910","Export quantity","01704","Lentils, dry","2021","2021","","","",""
"TM","Detailed trade matrix","398","Kazakhstan","642","Romania","5910","Export quantity","01704","Lentils, dry","2022","2022","","","",""
"TM","Detailed trade matrix","398","Kazakhstan","642","Romania","5910","Export quantity","01704","Lentils, dry","2023","2023","","","",""
"TM","Detailed trade matrix","398","Kazakhstan","642","Romania","5910","Export quantity","01704","Lentils, dry","2024","2024","","","",""
"TM","Detailed trade matrix","398","Kazakhstan","642","Romania","5922","Export value","01704","Lentils, dry","2018","2018","","","",""
"TM","Detailed trade matrix","398","Kazakhstan","642","Romania","5922","Export value","01704","Lentils, dry","2019","2019","1000 USD","11","A","Official value"
"TM","Detailed trade matrix","398","Kazakhstan","642","Romania","5922","Export value","01704","Lentils, dry","2020","2020","","","",""
"TM","Detailed trade matrix","398","Kazakhstan","642","Romania","5922","Export value","01704","Lentils, dry","2021","2021","","","",""
"TM","Detailed trade matrix","398","Kazakhstan","642","Romania","5922","Export value","01704","Lentils, dry","2022","2022","","","",""
"TM","Detailed trade matrix","398","Kazakhstan","642","Romania","5922","Export value","01704","Lentils, dry","2023","2023","","","",""
"TM","Detailed trade matrix","398","Kazakhstan","642","Romania","5922","Export value","01704","Lentils, dry","2024","2024","","","",""
"TM","Detailed trade matrix","398","Kazakhstan","642","Romania","5910","Export quantity","01441","Linseed","2018","2018","","","",""
"TM","Detailed trade matrix","398","Kazakhstan","642","Romania","5910","Export quantity","01441","Linseed","2019","2019","","","",""
"TM","Detailed trade matrix","398","Kazakhstan","642","Romania","5910","Export quantity","01441","Linseed","2020","2020","t","319.1","A","Official value"
"TM","Detailed trade matrix","398","Kazakhstan","642","Romania","5910","Export quantity","01441","Linseed","2021","2021","t","44","A","Official value"
"TM","Detailed trade matrix","398","Kazakhstan","642","Romania","5910","Export quantity","01441","Linseed","2022","2022","t","22","A","Official value"
"TM","Detailed trade matrix","398","Kazakhstan","642","Romania","5910","Export quantity","01441","Linseed","2023","2023","t","66","A","Official value"
"TM","Detailed trade matrix","398","Kazakhstan","642","Romania","5910","Export quantity","01441","Linseed","2024","2024","","","",""
"TM","Detailed trade matrix","398","Kazakhstan","642","Romania","5922","Export value","01441","Linseed","2018","2018","","","",""
"TM","Detailed trade matrix","398","Kazakhstan","642","Romania","5922","Export value","01441","Linseed","2019","2019","","","",""
"TM","Detailed trade matrix","398","Kazakhstan","642","Romania","5922","Export value","01441","Linseed","2020","2020","1000 USD","180","A","Official value"
"TM","Detailed trade matrix","398","Kazakhstan","642","Romania","5922","Export value","01441","Linseed","2021","2021","1000 USD","33","A","Official value"
"TM","Detailed trade matrix","398","Kazakhstan","642","Romania","5922","Export value","01441","Linseed","2022","2022","1000 USD","21","A","Official value"
"TM","Detailed trade matrix","398","Kazakhstan","642","Romania","5922","Export value","01441","Linseed","2023","2023","1000 USD","63","A","Official value"
"TM","Detailed trade matrix","398","Kazakhstan","642","Romania","5922","Export value","01441","Linseed","2024","2024","","","",""
"TM","Detailed trade matrix","398","Kazakhstan","642","Romania","5910","Export quantity","0112","Maize (corn)","2018","2018","","","",""
"TM","Detailed trade matrix","398","Kazakhstan","642","Romania","5910","Export quantity","0112","Maize (corn)","2019","2019","","","",""
"TM","Detailed trade matrix","398","Kazakhstan","642","Romania","5910","Export quantity","0112","Maize (corn)","2020","2020","","","",""
"TM","Detailed trade matrix","398","Kazakhstan","642","Romania","5910","Export quantity","0112","Maize (corn)","2021","2021","","","",""
"TM","Detailed trade matrix","398","Kazakhstan","642","Romania","5910","Export quantity","0112","Maize (corn)","2022","2022","","","",""
"TM","Detailed trade matrix","398","Kazakhstan","642","Romania","5910","Export quantity","0112","Maize (corn)","2023","2023","","","",""
"TM","Detailed trade matrix","398","Kazakhstan","642","Romania","5910","Export quantity","0112","Maize (corn)","2024","2024","","","",""
"TM","Detailed trade matrix","398","Kazakhstan","642","Romania","5922","Export value","0112","Maize (corn)","2018","2018","","","",""
"TM","Detailed trade matrix","398","Kazakhstan","642","Romania","5922","Export value","0112","Maize (corn)","2019","2019","","","",""
"TM","Detailed trade matrix","398","Kazakhstan","642","Romania","5922","Export value","0112","Maize (corn)","2020","2020","","","",""
"TM","Detailed trade matrix","398","Kazakhstan","642","Romania","5922","Export value","0112","Maize (corn)","2021","2021","","","",""
"TM","Detailed trade matrix","398","Kazakhstan","642","Romania","5922","Export value","0112","Maize (corn)","2022","2022","","","",""
"TM","Detailed trade matrix","398","Kazakhstan","642","Romania","5922","Export value","0112","Maize (corn)","2023","2023","","","",""
"TM","Detailed trade matrix","398","Kazakhstan","642","Romania","5922","Export value","0112","Maize (corn)","2024","2024","","","",""
"TM","Detailed trade matrix","398","Kazakhstan","642","Romania","5910","Export quantity","01705","Peas, dry","2018","2018","","","",""
"TM","Detailed trade matrix","398","Kazakhstan","642","Romania","5910","Export quantity","01705","Peas, dry","2019","2019","","","",""
"TM","Detailed trade matrix","398","Kazakhstan","642","Romania","5910","Export quantity","01705","Peas, dry","2020","2020","","","",""
"TM","Detailed trade matrix","398","Kazakhstan","642","Romania","5910","Export quantity","01705","Peas, dry","2021","2021","","","",""
"TM","Detailed trade matrix","398","Kazakhstan","642","Romania","5910","Export quantity","01705","Peas, dry","2022","2022","","","",""
"TM","Detailed trade matrix","398","Kazakhstan","642","Romania","5910","Export quantity","01705","Peas, dry","2023","2023","","","",""
"TM","Detailed trade matrix","398","Kazakhstan","642","Romania","5910","Export quantity","01705","Peas, dry","2024","2024","","","",""
"TM","Detailed trade matrix","398","Kazakhstan","642","Romania","5922","Export value","01705","Peas, dry","2018","2018","","","",""
"TM","Detailed trade matrix","398","Kazakhstan","642","Romania","5922","Export value","01705","Peas, dry","2019","2019","","","",""
"TM","Detailed trade matrix","398","Kazakhstan","642","Romania","5922","Export value","01705","Peas, dry","2020","2020","","","",""
"TM","Detailed trade matrix","398","Kazakhstan","642","Romania","5922","Export value","01705","Peas, dry","2021","2021","","","",""
"TM","Detailed trade matrix","398","Kazakhstan","642","Romania","5922","Export value","01705","Peas, dry","2022","2022","","","",""
"TM","Detailed trade matrix","398","Kazakhstan","642","Romania","5922","Export value","01705","Peas, dry","2023","2023","","","",""
"TM","Detailed trade matrix","398","Kazakhstan","642","Romania","5922","Export value","01705","Peas, dry","2024","2024","","","",""
"TM","Detailed trade matrix","398","Kazakhstan","642","Romania","5910","Export quantity","21641.01","Rapeseed or canola oil, crude","2018","2018","","","",""
"TM","Detailed trade matrix","398","Kazakhstan","642","Romania","5910","Export quantity","21641.01","Rapeseed or canola oil, crude","2019","2019","","","",""
"TM","Detailed trade matrix","398","Kazakhstan","642","Romania","5910","Export quantity","21641.01","Rapeseed or canola oil, crude","2020","2020","","","",""
"TM","Detailed trade matrix","398","Kazakhstan","642","Romania","5910","Export quantity","21641.01","Rapeseed or canola oil, crude","2021","2021","","","",""
"TM","Detailed trade matrix","398","Kazakhstan","642","Romania","5910","Export quantity","21641.01","Rapeseed or canola oil, crude","2022","2022","","","",""
"TM","Detailed trade matrix","398","Kazakhstan","642","Romania","5910","Export quantity","21641.01","Rapeseed or canola oil, crude","2023","2023","","","",""
"TM","Detailed trade matrix","398","Kazakhstan","642","Romania","5910","Export quantity","21641.01","Rapeseed or canola oil, crude","2024","2024","","","",""
"TM","Detailed trade matrix","398","Kazakhstan","642","Romania","5922","Export value","21641.01","Rapeseed or canola oil, crude","2018","2018","","","",""
"TM","Detailed trade matrix","398","Kazakhstan","642","Romania","5922","Export value","21641.01","Rapeseed or canola oil, crude","2019","2019","","","",""
"TM","Detailed trade matrix","398","Kazakhstan","642","Romania","5922","Export value","21641.01","Rapeseed or canola oil, crude","2020","2020","","","",""
"TM","Detailed trade matrix","398","Kazakhstan","642","Romania","5922","Export value","21641.01","Rapeseed or canola oil, crude","2021","2021","","","",""
"TM","Detailed trade matrix","398","Kazakhstan","642","Romania","5922","Export value","21641.01","Rapeseed or canola oil, crude","2022","2022","","","",""
"TM","Detailed trade matrix","398","Kazakhstan","642","Romania","5922","Export value","21641.01","Rapeseed or canola oil, crude","2023","2023","","","",""
"TM","Detailed trade matrix","398","Kazakhstan","642","Romania","5922","Export value","21641.01","Rapeseed or canola oil, crude","2024","2024","","","",""
"TM","Detailed trade matrix","398","Kazakhstan","642","Romania","5910","Export quantity","01445","Sunflower seed","2018","2018","","","",""
"TM","Detailed trade matrix","398","Kazakhstan","642","Romania","5910","Export quantity","01445","Sunflower seed","2019","2019","","","",""
"TM","Detailed trade matrix","398","Kazakhstan","642","Romania","5910","Export quantity","01445","Sunflower seed","2020","2020","","","",""
"TM","Detailed trade matrix","398","Kazakhstan","642","Romania","5910","Export quantity","01445","Sunflower seed","2021","2021","","","",""
"TM","Detailed trade matrix","398","Kazakhstan","642","Romania","5910","Export quantity","01445","Sunflower seed","2022","2022","","","",""
"TM","Detailed trade matrix","398","Kazakhstan","642","Romania","5910","Export quantity","01445","Sunflower seed","2023","2023","","","",""
"TM","Detailed trade matrix","398","Kazakhstan","642","Romania","5910","Export quantity","01445","Sunflower seed","2024","2024","","","",""
"TM","Detailed trade matrix","398","Kazakhstan","642","Romania","5922","Export value","01445","Sunflower seed","2018","2018","","","",""
"TM","Detailed trade matrix","398","Kazakhstan","642","Romania","5922","Export value","01445","Sunflower seed","2019","2019","","","",""
"TM","Detailed trade matrix","398","Kazakhstan","642","Romania","5922","Export value","01445","Sunflower seed","2020","2020","","","",""
"TM","Detailed trade matrix","398","Kazakhstan","642","Romania","5922","Export value","01445","Sunflower seed","2021","2021","","","",""
"TM","Detailed trade matrix","398","Kazakhstan","642","Romania","5922","Export value","01445","Sunflower seed","2022","2022","","","",""
"TM","Detailed trade matrix","398","Kazakhstan","642","Romania","5922","Export value","01445","Sunflower seed","2023","2023","","","",""
"TM","Detailed trade matrix","398","Kazakhstan","642","Romania","5922","Export value","01445","Sunflower seed","2024","2024","","","",""
"TM","Detailed trade matrix","398","Kazakhstan","642","Romania","5910","Export quantity","21631.01","Sunflower-seed oil, crude","2018","2018","","","",""
"TM","Detailed trade matrix","398","Kazakhstan","642","Romania","5910","Export quantity","21631.01","Sunflower-seed oil, crude","2019","2019","","","",""
"TM","Detailed trade matrix","398","Kazakhstan","642","Romania","5910","Export quantity","21631.01","Sunflower-seed oil, crude","2020","2020","","","",""
"TM","Detailed trade matrix","398","Kazakhstan","642","Romania","5910","Export quantity","21631.01","Sunflower-seed oil, crude","2021","2021","","","",""
"TM","Detailed trade matrix","398","Kazakhstan","642","Romania","5910","Export quantity","21631.01","Sunflower-seed oil, crude","2022","2022","","","",""
"TM","Detailed trade matrix","398","Kazakhstan","642","Romania","5910","Export quantity","21631.01","Sunflower-seed oil, crude","2023","2023","","","",""
"TM","Detailed trade matrix","398","Kazakhstan","642","Romania","5910","Export quantity","21631.01","Sunflower-seed oil, crude","2024","2024","","","",""
"TM","Detailed trade matrix","398","Kazakhstan","642","Romania","5922","Export value","21631.01","Sunflower-seed oil, crude","2018","2018","","","",""
"TM","Detailed trade matrix","398","Kazakhstan","642","Romania","5922","Export value","21631.01","Sunflower-seed oil, crude","2019","2019","","","",""
"TM","Detailed trade matrix","398","Kazakhstan","642","Romania","5922","Export value","21631.01","Sunflower-seed oil, crude","2020","2020","","","",""
"TM","Detailed trade matrix","398","Kazakhstan","642","Romania","5922","Export value","21631.01","Sunflower-seed oil, crude","2021","2021","","","",""
"TM","Detailed trade matrix","398","Kazakhstan","642","Romania","5922","Export value","21631.01","Sunflower-seed oil, crude","2022","2022","","","",""
"TM","Detailed trade matrix","398","Kazakhstan","642","Romania","5922","Export value","21631.01","Sunflower-seed oil, crude","2023","2023","","","",""
"TM","Detailed trade matrix","398","Kazakhstan","642","Romania","5922","Export value","21631.01","Sunflower-seed oil, crude","2024","2024","","","",""
"TM","Detailed trade matrix","398","Kazakhstan","642","Romania","5910","Export quantity","0111","Wheat","2018","2018","","","",""
"TM","Detailed trade matrix","398","Kazakhstan","642","Romania","5910","Export quantity","0111","Wheat","2019","2019","","","",""
"TM","Detailed trade matrix","398","Kazakhstan","642","Romania","5910","Export quantity","0111","Wheat","2020","2020","","","",""
"TM","Detailed trade matrix","398","Kazakhstan","642","Romania","5910","Export quantity","0111","Wheat","2021","2021","","","",""
"TM","Detailed trade matrix","398","Kazakhstan","642","Romania","5910","Export quantity","0111","Wheat","2022","2022","","","",""
"TM","Detailed trade matrix","398","Kazakhstan","642","Romania","5910","Export quantity","0111","Wheat","2023","2023","","","",""
"TM","Detailed trade matrix","398","Kazakhstan","642","Romania","5910","Export quantity","0111","Wheat","2024","2024","","","",""
"TM","Detailed trade matrix","398","Kazakhstan","642","Romania","5922","Export value","0111","Wheat","2018","2018","","","",""
"TM","Detailed trade matrix","398","Kazakhstan","642","Romania","5922","Export value","0111","Wheat","2019","2019","","","",""
"TM","Detailed trade matrix","398","Kazakhstan","642","Romania","5922","Export value","0111","Wheat","2020","2020","","","",""
"TM","Detailed trade matrix","398","Kazakhstan","642","Romania","5922","Export value","0111","Wheat","2021","2021","","","",""
"TM","Detailed trade matrix","398","Kazakhstan","642","Romania","5922","Export value","0111","Wheat","2022","2022","","","",""
"TM","Detailed trade matrix","398","Kazakhstan","642","Romania","5922","Export value","0111","Wheat","2023","2023","","","",""
"TM","Detailed trade matrix","398","Kazakhstan","642","Romania","5922","Export value","0111","Wheat","2024","2024","","","",""
"TM","Detailed trade matrix","398","Kazakhstan","703","Slovakia","5910","Export quantity","0115","Barley","2018","2018","","","",""
"TM","Detailed trade matrix","398","Kazakhstan","703","Slovakia","5910","Export quantity","0115","Barley","2019","2019","","","",""
"TM","Detailed trade matrix","398","Kazakhstan","703","Slovakia","5910","Export quantity","0115","Barley","2020","2020","","","",""
"TM","Detailed trade matrix","398","Kazakhstan","703","Slovakia","5910","Export quantity","0115","Barley","2021","2021","","","",""
"TM","Detailed trade matrix","398","Kazakhstan","703","Slovakia","5910","Export quantity","0115","Barley","2022","2022","","","",""
"TM","Detailed trade matrix","398","Kazakhstan","703","Slovakia","5910","Export quantity","0115","Barley","2023","2023","","","",""
"TM","Detailed trade matrix","398","Kazakhstan","703","Slovakia","5910","Export quantity","0115","Barley","2024","2024","","","",""
"TM","Detailed trade matrix","398","Kazakhstan","703","Slovakia","5922","Export value","0115","Barley","2018","2018","","","",""
"TM","Detailed trade matrix","398","Kazakhstan","703","Slovakia","5922","Export value","0115","Barley","2019","2019","","","",""
"TM","Detailed trade matrix","398","Kazakhstan","703","Slovakia","5922","Export value","0115","Barley","2020","2020","","","",""
"TM","Detailed trade matrix","398","Kazakhstan","703","Slovakia","5922","Export value","0115","Barley","2021","2021","","","",""
"TM","Detailed trade matrix","398","Kazakhstan","703","Slovakia","5922","Export value","0115","Barley","2022","2022","","","",""
"TM","Detailed trade matrix","398","Kazakhstan","703","Slovakia","5922","Export value","0115","Barley","2023","2023","","","",""
"TM","Detailed trade matrix","398","Kazakhstan","703","Slovakia","5922","Export value","0115","Barley","2024","2024","","","",""
"TM","Detailed trade matrix","398","Kazakhstan","703","Slovakia","5910","Export quantity","01704","Lentils, dry","2018","2018","","","",""
"TM","Detailed trade matrix","398","Kazakhstan","703","Slovakia","5910","Export quantity","01704","Lentils, dry","2019","2019","","","",""
"TM","Detailed trade matrix","398","Kazakhstan","703","Slovakia","5910","Export quantity","01704","Lentils, dry","2020","2020","","","",""
"TM","Detailed trade matrix","398","Kazakhstan","703","Slovakia","5910","Export quantity","01704","Lentils, dry","2021","2021","","","",""
"TM","Detailed trade matrix","398","Kazakhstan","703","Slovakia","5910","Export quantity","01704","Lentils, dry","2022","2022","t","44","A","Official value"
"TM","Detailed trade matrix","398","Kazakhstan","703","Slovakia","5910","Export quantity","01704","Lentils, dry","2023","2023","","","",""
"TM","Detailed trade matrix","398","Kazakhstan","703","Slovakia","5910","Export quantity","01704","Lentils, dry","2024","2024","t","22","A","Official value"
"TM","Detailed trade matrix","398","Kazakhstan","703","Slovakia","5922","Export value","01704","Lentils, dry","2018","2018","","","",""
"TM","Detailed trade matrix","398","Kazakhstan","703","Slovakia","5922","Export value","01704","Lentils, dry","2019","2019","","","",""
"TM","Detailed trade matrix","398","Kazakhstan","703","Slovakia","5922","Export value","01704","Lentils, dry","2020","2020","","","",""
"TM","Detailed trade matrix","398","Kazakhstan","703","Slovakia","5922","Export value","01704","Lentils, dry","2021","2021","","","",""
"TM","Detailed trade matrix","398","Kazakhstan","703","Slovakia","5922","Export value","01704","Lentils, dry","2022","2022","1000 USD","40","A","Official value"
"TM","Detailed trade matrix","398","Kazakhstan","703","Slovakia","5922","Export value","01704","Lentils, dry","2023","2023","","","",""
"TM","Detailed trade matrix","398","Kazakhstan","703","Slovakia","5922","Export value","01704","Lentils, dry","2024","2024","1000 USD","11","A","Official value"
"TM","Detailed trade matrix","398","Kazakhstan","703","Slovakia","5910","Export quantity","01441","Linseed","2018","2018","t","88","A","Official value"
"TM","Detailed trade matrix","398","Kazakhstan","703","Slovakia","5910","Export quantity","01441","Linseed","2019","2019","","","",""
"TM","Detailed trade matrix","398","Kazakhstan","703","Slovakia","5910","Export quantity","01441","Linseed","2020","2020","","","",""
"TM","Detailed trade matrix","398","Kazakhstan","703","Slovakia","5910","Export quantity","01441","Linseed","2021","2021","","","",""
"TM","Detailed trade matrix","398","Kazakhstan","703","Slovakia","5910","Export quantity","01441","Linseed","2022","2022","t","21","A","Official value"
"TM","Detailed trade matrix","398","Kazakhstan","703","Slovakia","5910","Export quantity","01441","Linseed","2023","2023","","","",""
"TM","Detailed trade matrix","398","Kazakhstan","703","Slovakia","5910","Export quantity","01441","Linseed","2024","2024","","","",""
"TM","Detailed trade matrix","398","Kazakhstan","703","Slovakia","5922","Export value","01441","Linseed","2018","2018","1000 USD","26","A","Official value"
"TM","Detailed trade matrix","398","Kazakhstan","703","Slovakia","5922","Export value","01441","Linseed","2019","2019","","","",""
"TM","Detailed trade matrix","398","Kazakhstan","703","Slovakia","5922","Export value","01441","Linseed","2020","2020","","","",""
"TM","Detailed trade matrix","398","Kazakhstan","703","Slovakia","5922","Export value","01441","Linseed","2021","2021","","","",""
"TM","Detailed trade matrix","398","Kazakhstan","703","Slovakia","5922","Export value","01441","Linseed","2022","2022","1000 USD","13","A","Official value"
"TM","Detailed trade matrix","398","Kazakhstan","703","Slovakia","5922","Export value","01441","Linseed","2023","2023","","","",""
"TM","Detailed trade matrix","398","Kazakhstan","703","Slovakia","5922","Export value","01441","Linseed","2024","2024","","","",""
"TM","Detailed trade matrix","398","Kazakhstan","703","Slovakia","5910","Export quantity","0112","Maize (corn)","2018","2018","","","",""
"TM","Detailed trade matrix","398","Kazakhstan","703","Slovakia","5910","Export quantity","0112","Maize (corn)","2019","2019","","","",""
"TM","Detailed trade matrix","398","Kazakhstan","703","Slovakia","5910","Export quantity","0112","Maize (corn)","2020","2020","","","",""
"TM","Detailed trade matrix","398","Kazakhstan","703","Slovakia","5910","Export quantity","0112","Maize (corn)","2021","2021","","","",""
"TM","Detailed trade matrix","398","Kazakhstan","703","Slovakia","5910","Export quantity","0112","Maize (corn)","2022","2022","","","",""
"TM","Detailed trade matrix","398","Kazakhstan","703","Slovakia","5910","Export quantity","0112","Maize (corn)","2023","2023","","","",""
"TM","Detailed trade matrix","398","Kazakhstan","703","Slovakia","5910","Export quantity","0112","Maize (corn)","2024","2024","","","",""
"TM","Detailed trade matrix","398","Kazakhstan","703","Slovakia","5922","Export value","0112","Maize (corn)","2018","2018","","","",""
"TM","Detailed trade matrix","398","Kazakhstan","703","Slovakia","5922","Export value","0112","Maize (corn)","2019","2019","","","",""
"TM","Detailed trade matrix","398","Kazakhstan","703","Slovakia","5922","Export value","0112","Maize (corn)","2020","2020","","","",""
"TM","Detailed trade matrix","398","Kazakhstan","703","Slovakia","5922","Export value","0112","Maize (corn)","2021","2021","","","",""
"TM","Detailed trade matrix","398","Kazakhstan","703","Slovakia","5922","Export value","0112","Maize (corn)","2022","2022","","","",""
"TM","Detailed trade matrix","398","Kazakhstan","703","Slovakia","5922","Export value","0112","Maize (corn)","2023","2023","","","",""
"TM","Detailed trade matrix","398","Kazakhstan","703","Slovakia","5922","Export value","0112","Maize (corn)","2024","2024","","","",""
"TM","Detailed trade matrix","398","Kazakhstan","703","Slovakia","5910","Export quantity","01705","Peas, dry","2018","2018","","","",""
"TM","Detailed trade matrix","398","Kazakhstan","703","Slovakia","5910","Export quantity","01705","Peas, dry","2019","2019","","","",""
"TM","Detailed trade matrix","398","Kazakhstan","703","Slovakia","5910","Export quantity","01705","Peas, dry","2020","2020","","","",""
"TM","Detailed trade matrix","398","Kazakhstan","703","Slovakia","5910","Export quantity","01705","Peas, dry","2021","2021","","","",""
"TM","Detailed trade matrix","398","Kazakhstan","703","Slovakia","5910","Export quantity","01705","Peas, dry","2022","2022","","","",""
"TM","Detailed trade matrix","398","Kazakhstan","703","Slovakia","5910","Export quantity","01705","Peas, dry","2023","2023","","","",""
"TM","Detailed trade matrix","398","Kazakhstan","703","Slovakia","5910","Export quantity","01705","Peas, dry","2024","2024","","","",""
"TM","Detailed trade matrix","398","Kazakhstan","703","Slovakia","5922","Export value","01705","Peas, dry","2018","2018","","","",""
"TM","Detailed trade matrix","398","Kazakhstan","703","Slovakia","5922","Export value","01705","Peas, dry","2019","2019","","","",""
"TM","Detailed trade matrix","398","Kazakhstan","703","Slovakia","5922","Export value","01705","Peas, dry","2020","2020","","","",""
"TM","Detailed trade matrix","398","Kazakhstan","703","Slovakia","5922","Export value","01705","Peas, dry","2021","2021","","","",""
"TM","Detailed trade matrix","398","Kazakhstan","703","Slovakia","5922","Export value","01705","Peas, dry","2022","2022","","","",""
"TM","Detailed trade matrix","398","Kazakhstan","703","Slovakia","5922","Export value","01705","Peas, dry","2023","2023","","","",""
"TM","Detailed trade matrix","398","Kazakhstan","703","Slovakia","5922","Export value","01705","Peas, dry","2024","2024","","","",""
"TM","Detailed trade matrix","398","Kazakhstan","703","Slovakia","5910","Export quantity","21641.01","Rapeseed or canola oil, crude","2018","2018","","","",""
"TM","Detailed trade matrix","398","Kazakhstan","703","Slovakia","5910","Export quantity","21641.01","Rapeseed or canola oil, crude","2019","2019","","","",""
"TM","Detailed trade matrix","398","Kazakhstan","703","Slovakia","5910","Export quantity","21641.01","Rapeseed or canola oil, crude","2020","2020","","","",""
"TM","Detailed trade matrix","398","Kazakhstan","703","Slovakia","5910","Export quantity","21641.01","Rapeseed or canola oil, crude","2021","2021","","","",""
"TM","Detailed trade matrix","398","Kazakhstan","703","Slovakia","5910","Export quantity","21641.01","Rapeseed or canola oil, crude","2022","2022","","","",""
"TM","Detailed trade matrix","398","Kazakhstan","703","Slovakia","5910","Export quantity","21641.01","Rapeseed or canola oil, crude","2023","2023","","","",""
"TM","Detailed trade matrix","398","Kazakhstan","703","Slovakia","5910","Export quantity","21641.01","Rapeseed or canola oil, crude","2024","2024","","","",""
"TM","Detailed trade matrix","398","Kazakhstan","703","Slovakia","5922","Export value","21641.01","Rapeseed or canola oil, crude","2018","2018","","","",""
"TM","Detailed trade matrix","398","Kazakhstan","703","Slovakia","5922","Export value","21641.01","Rapeseed or canola oil, crude","2019","2019","","","",""
"TM","Detailed trade matrix","398","Kazakhstan","703","Slovakia","5922","Export value","21641.01","Rapeseed or canola oil, crude","2020","2020","","","",""
"TM","Detailed trade matrix","398","Kazakhstan","703","Slovakia","5922","Export value","21641.01","Rapeseed or canola oil, crude","2021","2021","","","",""
"TM","Detailed trade matrix","398","Kazakhstan","703","Slovakia","5922","Export value","21641.01","Rapeseed or canola oil, crude","2022","2022","","","",""
"TM","Detailed trade matrix","398","Kazakhstan","703","Slovakia","5922","Export value","21641.01","Rapeseed or canola oil, crude","2023","2023","","","",""
"TM","Detailed trade matrix","398","Kazakhstan","703","Slovakia","5922","Export value","21641.01","Rapeseed or canola oil, crude","2024","2024","","","",""
"TM","Detailed trade matrix","398","Kazakhstan","703","Slovakia","5910","Export quantity","01445","Sunflower seed","2018","2018","","","",""
"TM","Detailed trade matrix","398","Kazakhstan","703","Slovakia","5910","Export quantity","01445","Sunflower seed","2019","2019","","","",""
"TM","Detailed trade matrix","398","Kazakhstan","703","Slovakia","5910","Export quantity","01445","Sunflower seed","2020","2020","","","",""
"TM","Detailed trade matrix","398","Kazakhstan","703","Slovakia","5910","Export quantity","01445","Sunflower seed","2021","2021","","","",""
"TM","Detailed trade matrix","398","Kazakhstan","703","Slovakia","5910","Export quantity","01445","Sunflower seed","2022","2022","","","",""
"TM","Detailed trade matrix","398","Kazakhstan","703","Slovakia","5910","Export quantity","01445","Sunflower seed","2023","2023","","","",""
"TM","Detailed trade matrix","398","Kazakhstan","703","Slovakia","5910","Export quantity","01445","Sunflower seed","2024","2024","","","",""
"TM","Detailed trade matrix","398","Kazakhstan","703","Slovakia","5922","Export value","01445","Sunflower seed","2018","2018","","","",""
"TM","Detailed trade matrix","398","Kazakhstan","703","Slovakia","5922","Export value","01445","Sunflower seed","2019","2019","","","",""
"TM","Detailed trade matrix","398","Kazakhstan","703","Slovakia","5922","Export value","01445","Sunflower seed","2020","2020","","","",""
"TM","Detailed trade matrix","398","Kazakhstan","703","Slovakia","5922","Export value","01445","Sunflower seed","2021","2021","","","",""
"TM","Detailed trade matrix","398","Kazakhstan","703","Slovakia","5922","Export value","01445","Sunflower seed","2022","2022","","","",""
"TM","Detailed trade matrix","398","Kazakhstan","703","Slovakia","5922","Export value","01445","Sunflower seed","2023","2023","","","",""
"TM","Detailed trade matrix","398","Kazakhstan","703","Slovakia","5922","Export value","01445","Sunflower seed","2024","2024","","","",""
"TM","Detailed trade matrix","398","Kazakhstan","703","Slovakia","5910","Export quantity","21631.01","Sunflower-seed oil, crude","2018","2018","","","",""
"TM","Detailed trade matrix","398","Kazakhstan","703","Slovakia","5910","Export quantity","21631.01","Sunflower-seed oil, crude","2019","2019","","","",""
"TM","Detailed trade matrix","398","Kazakhstan","703","Slovakia","5910","Export quantity","21631.01","Sunflower-seed oil, crude","2020","2020","","","",""
"TM","Detailed trade matrix","398","Kazakhstan","703","Slovakia","5910","Export quantity","21631.01","Sunflower-seed oil, crude","2021","2021","","","",""
"TM","Detailed trade matrix","398","Kazakhstan","703","Slovakia","5910","Export quantity","21631.01","Sunflower-seed oil, crude","2022","2022","","","",""
"TM","Detailed trade matrix","398","Kazakhstan","703","Slovakia","5910","Export quantity","21631.01","Sunflower-seed oil, crude","2023","2023","","","",""
"TM","Detailed trade matrix","398","Kazakhstan","703","Slovakia","5910","Export quantity","21631.01","Sunflower-seed oil, crude","2024","2024","","","",""
"TM","Detailed trade matrix","398","Kazakhstan","703","Slovakia","5922","Export value","21631.01","Sunflower-seed oil, crude","2018","2018","","","",""
"TM","Detailed trade matrix","398","Kazakhstan","703","Slovakia","5922","Export value","21631.01","Sunflower-seed oil, crude","2019","2019","","","",""
"TM","Detailed trade matrix","398","Kazakhstan","703","Slovakia","5922","Export value","21631.01","Sunflower-seed oil, crude","2020","2020","","","",""
"TM","Detailed trade matrix","398","Kazakhstan","703","Slovakia","5922","Export value","21631.01","Sunflower-seed oil, crude","2021","2021","","","",""
"TM","Detailed trade matrix","398","Kazakhstan","703","Slovakia","5922","Export value","21631.01","Sunflower-seed oil, crude","2022","2022","","","",""
"TM","Detailed trade matrix","398","Kazakhstan","703","Slovakia","5922","Export value","21631.01","Sunflower-seed oil, crude","2023","2023","","","",""
"TM","Detailed trade matrix","398","Kazakhstan","703","Slovakia","5922","Export value","21631.01","Sunflower-seed oil, crude","2024","2024","","","",""
"TM","Detailed trade matrix","398","Kazakhstan","703","Slovakia","5910","Export quantity","0111","Wheat","2018","2018","","","",""
"TM","Detailed trade matrix","398","Kazakhstan","703","Slovakia","5910","Export quantity","0111","Wheat","2019","2019","","","",""
"TM","Detailed trade matrix","398","Kazakhstan","703","Slovakia","5910","Export quantity","0111","Wheat","2020","2020","","","",""
"TM","Detailed trade matrix","398","Kazakhstan","703","Slovakia","5910","Export quantity","0111","Wheat","2021","2021","","","",""
"TM","Detailed trade matrix","398","Kazakhstan","703","Slovakia","5910","Export quantity","0111","Wheat","2022","2022","","","",""
"TM","Detailed trade matrix","398","Kazakhstan","703","Slovakia","5910","Export quantity","0111","Wheat","2023","2023","","","",""
"TM","Detailed trade matrix","398","Kazakhstan","703","Slovakia","5910","Export quantity","0111","Wheat","2024","2024","","","",""
"TM","Detailed trade matrix","398","Kazakhstan","703","Slovakia","5922","Export value","0111","Wheat","2018","2018","","","",""
"TM","Detailed trade matrix","398","Kazakhstan","703","Slovakia","5922","Export value","0111","Wheat","2019","2019","","","",""
"TM","Detailed trade matrix","398","Kazakhstan","703","Slovakia","5922","Export value","0111","Wheat","2020","2020","","","",""
"TM","Detailed trade matrix","398","Kazakhstan","703","Slovakia","5922","Export value","0111","Wheat","2021","2021","","","",""
"TM","Detailed trade matrix","398","Kazakhstan","703","Slovakia","5922","Export value","0111","Wheat","2022","2022","","","",""
"TM","Detailed trade matrix","398","Kazakhstan","703","Slovakia","5922","Export value","0111","Wheat","2023","2023","","","",""
"TM","Detailed trade matrix","398","Kazakhstan","703","Slovakia","5922","Export value","0111","Wheat","2024","2024","","","",""
"TM","Detailed trade matrix","398","Kazakhstan","705","Slovenia","5910","Export quantity","0115","Barley","2018","2018","","","",""
"TM","Detailed trade matrix","398","Kazakhstan","705","Slovenia","5910","Export quantity","0115","Barley","2019","2019","","","",""
"TM","Detailed trade matrix","398","Kazakhstan","705","Slovenia","5910","Export quantity","0115","Barley","2020","2020","","","",""
"TM","Detailed trade matrix","398","Kazakhstan","705","Slovenia","5910","Export quantity","0115","Barley","2021","2021","","","",""
"TM","Detailed trade matrix","398","Kazakhstan","705","Slovenia","5910","Export quantity","0115","Barley","2022","2022","","","",""
"TM","Detailed trade matrix","398","Kazakhstan","705","Slovenia","5910","Export quantity","0115","Barley","2023","2023","","","",""
"TM","Detailed trade matrix","398","Kazakhstan","705","Slovenia","5910","Export quantity","0115","Barley","2024","2024","","","",""
"TM","Detailed trade matrix","398","Kazakhstan","705","Slovenia","5922","Export value","0115","Barley","2018","2018","","","",""
"TM","Detailed trade matrix","398","Kazakhstan","705","Slovenia","5922","Export value","0115","Barley","2019","2019","","","",""
"TM","Detailed trade matrix","398","Kazakhstan","705","Slovenia","5922","Export value","0115","Barley","2020","2020","","","",""
"TM","Detailed trade matrix","398","Kazakhstan","705","Slovenia","5922","Export value","0115","Barley","2021","2021","","","",""
"TM","Detailed trade matrix","398","Kazakhstan","705","Slovenia","5922","Export value","0115","Barley","2022","2022","","","",""
"TM","Detailed trade matrix","398","Kazakhstan","705","Slovenia","5922","Export value","0115","Barley","2023","2023","","","",""
"TM","Detailed trade matrix","398","Kazakhstan","705","Slovenia","5922","Export value","0115","Barley","2024","2024","","","",""
"TM","Detailed trade matrix","398","Kazakhstan","705","Slovenia","5910","Export quantity","01704","Lentils, dry","2018","2018","","","",""
"TM","Detailed trade matrix","398","Kazakhstan","705","Slovenia","5910","Export quantity","01704","Lentils, dry","2019","2019","t","67","A","Official value"
"TM","Detailed trade matrix","398","Kazakhstan","705","Slovenia","5910","Export quantity","01704","Lentils, dry","2020","2020","","","",""
"TM","Detailed trade matrix","398","Kazakhstan","705","Slovenia","5910","Export quantity","01704","Lentils, dry","2021","2021","","","",""
"TM","Detailed trade matrix","398","Kazakhstan","705","Slovenia","5910","Export quantity","01704","Lentils, dry","2022","2022","t","5","A","Official value"
"TM","Detailed trade matrix","398","Kazakhstan","705","Slovenia","5910","Export quantity","01704","Lentils, dry","2023","2023","","","",""
"TM","Detailed trade matrix","398","Kazakhstan","705","Slovenia","5910","Export quantity","01704","Lentils, dry","2024","2024","","","",""
"TM","Detailed trade matrix","398","Kazakhstan","705","Slovenia","5922","Export value","01704","Lentils, dry","2018","2018","","","",""
"TM","Detailed trade matrix","398","Kazakhstan","705","Slovenia","5922","Export value","01704","Lentils, dry","2019","2019","1000 USD","19","A","Official value"
"TM","Detailed trade matrix","398","Kazakhstan","705","Slovenia","5922","Export value","01704","Lentils, dry","2020","2020","","","",""
"TM","Detailed trade matrix","398","Kazakhstan","705","Slovenia","5922","Export value","01704","Lentils, dry","2021","2021","","","",""
"TM","Detailed trade matrix","398","Kazakhstan","705","Slovenia","5922","Export value","01704","Lentils, dry","2022","2022","1000 USD","6","A","Official value"
"TM","Detailed trade matrix","398","Kazakhstan","705","Slovenia","5922","Export value","01704","Lentils, dry","2023","2023","","","",""
"TM","Detailed trade matrix","398","Kazakhstan","705","Slovenia","5922","Export value","01704","Lentils, dry","2024","2024","","","",""
"TM","Detailed trade matrix","398","Kazakhstan","705","Slovenia","5910","Export quantity","01441","Linseed","2018","2018","t","2222.4","A","Official value"
"TM","Detailed trade matrix","398","Kazakhstan","705","Slovenia","5910","Export quantity","01441","Linseed","2019","2019","t","1427","A","Official value"
"TM","Detailed trade matrix","398","Kazakhstan","705","Slovenia","5910","Export quantity","01441","Linseed","2020","2020","t","87.5","A","Official value"
"TM","Detailed trade matrix","398","Kazakhstan","705","Slovenia","5910","Export quantity","01441","Linseed","2021","2021","t","198","A","Official value"
"TM","Detailed trade matrix","398","Kazakhstan","705","Slovenia","5910","Export quantity","01441","Linseed","2022","2022","t","66","A","Official value"
"TM","Detailed trade matrix","398","Kazakhstan","705","Slovenia","5910","Export quantity","01441","Linseed","2023","2023","","","",""
"TM","Detailed trade matrix","398","Kazakhstan","705","Slovenia","5910","Export quantity","01441","Linseed","2024","2024","","","",""
"TM","Detailed trade matrix","398","Kazakhstan","705","Slovenia","5922","Export value","01441","Linseed","2018","2018","1000 USD","648","A","Official value"
"TM","Detailed trade matrix","398","Kazakhstan","705","Slovenia","5922","Export value","01441","Linseed","2019","2019","1000 USD","472","A","Official value"
"TM","Detailed trade matrix","398","Kazakhstan","705","Slovenia","5922","Export value","01441","Linseed","2020","2020","1000 USD","34","A","Official value"
"TM","Detailed trade matrix","398","Kazakhstan","705","Slovenia","5922","Export value","01441","Linseed","2021","2021","1000 USD","135","A","Official value"
"TM","Detailed trade matrix","398","Kazakhstan","705","Slovenia","5922","Export value","01441","Linseed","2022","2022","1000 USD","45","A","Official value"
"TM","Detailed trade matrix","398","Kazakhstan","705","Slovenia","5922","Export value","01441","Linseed","2023","2023","","","",""
"TM","Detailed trade matrix","398","Kazakhstan","705","Slovenia","5922","Export value","01441","Linseed","2024","2024","","","",""
"TM","Detailed trade matrix","398","Kazakhstan","705","Slovenia","5910","Export quantity","0112","Maize (corn)","2018","2018","","","",""
"TM","Detailed trade matrix","398","Kazakhstan","705","Slovenia","5910","Export quantity","0112","Maize (corn)","2019","2019","","","",""
"TM","Detailed trade matrix","398","Kazakhstan","705","Slovenia","5910","Export quantity","0112","Maize (corn)","2020","2020","","","",""
"TM","Detailed trade matrix","398","Kazakhstan","705","Slovenia","5910","Export quantity","0112","Maize (corn)","2021","2021","","","",""
"TM","Detailed trade matrix","398","Kazakhstan","705","Slovenia","5910","Export quantity","0112","Maize (corn)","2022","2022","","","",""
"TM","Detailed trade matrix","398","Kazakhstan","705","Slovenia","5910","Export quantity","0112","Maize (corn)","2023","2023","","","",""
"TM","Detailed trade matrix","398","Kazakhstan","705","Slovenia","5910","Export quantity","0112","Maize (corn)","2024","2024","","","",""
"TM","Detailed trade matrix","398","Kazakhstan","705","Slovenia","5922","Export value","0112","Maize (corn)","2018","2018","","","",""
"TM","Detailed trade matrix","398","Kazakhstan","705","Slovenia","5922","Export value","0112","Maize (corn)","2019","2019","","","",""
"TM","Detailed trade matrix","398","Kazakhstan","705","Slovenia","5922","Export value","0112","Maize (corn)","2020","2020","","","",""
"TM","Detailed trade matrix","398","Kazakhstan","705","Slovenia","5922","Export value","0112","Maize (corn)","2021","2021","","","",""
"TM","Detailed trade matrix","398","Kazakhstan","705","Slovenia","5922","Export value","0112","Maize (corn)","2022","2022","","","",""
"TM","Detailed trade matrix","398","Kazakhstan","705","Slovenia","5922","Export value","0112","Maize (corn)","2023","2023","","","",""
"TM","Detailed trade matrix","398","Kazakhstan","705","Slovenia","5922","Export value","0112","Maize (corn)","2024","2024","","","",""
"TM","Detailed trade matrix","398","Kazakhstan","705","Slovenia","5910","Export quantity","01705","Peas, dry","2018","2018","","","",""
"TM","Detailed trade matrix","398","Kazakhstan","705","Slovenia","5910","Export quantity","01705","Peas, dry","2019","2019","","","",""
"TM","Detailed trade matrix","398","Kazakhstan","705","Slovenia","5910","Export quantity","01705","Peas, dry","2020","2020","","","",""
"TM","Detailed trade matrix","398","Kazakhstan","705","Slovenia","5910","Export quantity","01705","Peas, dry","2021","2021","","","",""
"TM","Detailed trade matrix","398","Kazakhstan","705","Slovenia","5910","Export quantity","01705","Peas, dry","2022","2022","t","5","A","Official value"
"TM","Detailed trade matrix","398","Kazakhstan","705","Slovenia","5910","Export quantity","01705","Peas, dry","2023","2023","","","",""
"TM","Detailed trade matrix","398","Kazakhstan","705","Slovenia","5910","Export quantity","01705","Peas, dry","2024","2024","","","",""
"TM","Detailed trade matrix","398","Kazakhstan","705","Slovenia","5922","Export value","01705","Peas, dry","2018","2018","","","",""
"TM","Detailed trade matrix","398","Kazakhstan","705","Slovenia","5922","Export value","01705","Peas, dry","2019","2019","","","",""
"TM","Detailed trade matrix","398","Kazakhstan","705","Slovenia","5922","Export value","01705","Peas, dry","2020","2020","","","",""
"TM","Detailed trade matrix","398","Kazakhstan","705","Slovenia","5922","Export value","01705","Peas, dry","2021","2021","","","",""
"TM","Detailed trade matrix","398","Kazakhstan","705","Slovenia","5922","Export value","01705","Peas, dry","2022","2022","1000 USD","3","A","Official value"
"TM","Detailed trade matrix","398","Kazakhstan","705","Slovenia","5922","Export value","01705","Peas, dry","2023","2023","","","",""
"TM","Detailed trade matrix","398","Kazakhstan","705","Slovenia","5922","Export value","01705","Peas, dry","2024","2024","","","",""
"TM","Detailed trade matrix","398","Kazakhstan","705","Slovenia","5910","Export quantity","21641.01","Rapeseed or canola oil, crude","2018","2018","","","",""
"TM","Detailed trade matrix","398","Kazakhstan","705","Slovenia","5910","Export quantity","21641.01","Rapeseed or canola oil, crude","2019","2019","","","",""
"TM","Detailed trade matrix","398","Kazakhstan","705","Slovenia","5910","Export quantity","21641.01","Rapeseed or canola oil, crude","2020","2020","","","",""
"TM","Detailed trade matrix","398","Kazakhstan","705","Slovenia","5910","Export quantity","21641.01","Rapeseed or canola oil, crude","2021","2021","","","",""
"TM","Detailed trade matrix","398","Kazakhstan","705","Slovenia","5910","Export quantity","21641.01","Rapeseed or canola oil, crude","2022","2022","","","",""
"TM","Detailed trade matrix","398","Kazakhstan","705","Slovenia","5910","Export quantity","21641.01","Rapeseed or canola oil, crude","2023","2023","","","",""
"TM","Detailed trade matrix","398","Kazakhstan","705","Slovenia","5910","Export quantity","21641.01","Rapeseed or canola oil, crude","2024","2024","","","",""
"TM","Detailed trade matrix","398","Kazakhstan","705","Slovenia","5922","Export value","21641.01","Rapeseed or canola oil, crude","2018","2018","","","",""
"TM","Detailed trade matrix","398","Kazakhstan","705","Slovenia","5922","Export value","21641.01","Rapeseed or canola oil, crude","2019","2019","","","",""
"TM","Detailed trade matrix","398","Kazakhstan","705","Slovenia","5922","Export value","21641.01","Rapeseed or canola oil, crude","2020","2020","","","",""
"TM","Detailed trade matrix","398","Kazakhstan","705","Slovenia","5922","Export value","21641.01","Rapeseed or canola oil, crude","2021","2021","","","",""
"TM","Detailed trade matrix","398","Kazakhstan","705","Slovenia","5922","Export value","21641.01","Rapeseed or canola oil, crude","2022","2022","","","",""
"TM","Detailed trade matrix","398","Kazakhstan","705","Slovenia","5922","Export value","21641.01","Rapeseed or canola oil, crude","2023","2023","","","",""
"TM","Detailed trade matrix","398","Kazakhstan","705","Slovenia","5922","Export value","21641.01","Rapeseed or canola oil, crude","2024","2024","","","",""
"TM","Detailed trade matrix","398","Kazakhstan","705","Slovenia","5910","Export quantity","01445","Sunflower seed","2018","2018","","","",""
"TM","Detailed trade matrix","398","Kazakhstan","705","Slovenia","5910","Export quantity","01445","Sunflower seed","2019","2019","","","",""
"TM","Detailed trade matrix","398","Kazakhstan","705","Slovenia","5910","Export quantity","01445","Sunflower seed","2020","2020","","","",""
"TM","Detailed trade matrix","398","Kazakhstan","705","Slovenia","5910","Export quantity","01445","Sunflower seed","2021","2021","","","",""
"TM","Detailed trade matrix","398","Kazakhstan","705","Slovenia","5910","Export quantity","01445","Sunflower seed","2022","2022","","","",""
"TM","Detailed trade matrix","398","Kazakhstan","705","Slovenia","5910","Export quantity","01445","Sunflower seed","2023","2023","","","",""
"TM","Detailed trade matrix","398","Kazakhstan","705","Slovenia","5910","Export quantity","01445","Sunflower seed","2024","2024","","","",""
"TM","Detailed trade matrix","398","Kazakhstan","705","Slovenia","5922","Export value","01445","Sunflower seed","2018","2018","","","",""
"TM","Detailed trade matrix","398","Kazakhstan","705","Slovenia","5922","Export value","01445","Sunflower seed","2019","2019","","","",""
"TM","Detailed trade matrix","398","Kazakhstan","705","Slovenia","5922","Export value","01445","Sunflower seed","2020","2020","","","",""
"TM","Detailed trade matrix","398","Kazakhstan","705","Slovenia","5922","Export value","01445","Sunflower seed","2021","2021","","","",""
"TM","Detailed trade matrix","398","Kazakhstan","705","Slovenia","5922","Export value","01445","Sunflower seed","2022","2022","","","",""
"TM","Detailed trade matrix","398","Kazakhstan","705","Slovenia","5922","Export value","01445","Sunflower seed","2023","2023","","","",""
"TM","Detailed trade matrix","398","Kazakhstan","705","Slovenia","5922","Export value","01445","Sunflower seed","2024","2024","","","",""
"TM","Detailed trade matrix","398","Kazakhstan","705","Slovenia","5910","Export quantity","21631.01","Sunflower-seed oil, crude","2018","2018","","","",""
"TM","Detailed trade matrix","398","Kazakhstan","705","Slovenia","5910","Export quantity","21631.01","Sunflower-seed oil, crude","2019","2019","","","",""
"TM","Detailed trade matrix","398","Kazakhstan","705","Slovenia","5910","Export quantity","21631.01","Sunflower-seed oil, crude","2020","2020","","","",""
"TM","Detailed trade matrix","398","Kazakhstan","705","Slovenia","5910","Export quantity","21631.01","Sunflower-seed oil, crude","2021","2021","","","",""
"TM","Detailed trade matrix","398","Kazakhstan","705","Slovenia","5910","Export quantity","21631.01","Sunflower-seed oil, crude","2022","2022","","","",""
"TM","Detailed trade matrix","398","Kazakhstan","705","Slovenia","5910","Export quantity","21631.01","Sunflower-seed oil, crude","2023","2023","","","",""
"TM","Detailed trade matrix","398","Kazakhstan","705","Slovenia","5910","Export quantity","21631.01","Sunflower-seed oil, crude","2024","2024","","","",""
"TM","Detailed trade matrix","398","Kazakhstan","705","Slovenia","5922","Export value","21631.01","Sunflower-seed oil, crude","2018","2018","","","",""
"TM","Detailed trade matrix","398","Kazakhstan","705","Slovenia","5922","Export value","21631.01","Sunflower-seed oil, crude","2019","2019","","","",""
"TM","Detailed trade matrix","398","Kazakhstan","705","Slovenia","5922","Export value","21631.01","Sunflower-seed oil, crude","2020","2020","","","",""
"TM","Detailed trade matrix","398","Kazakhstan","705","Slovenia","5922","Export value","21631.01","Sunflower-seed oil, crude","2021","2021","","","",""
"TM","Detailed trade matrix","398","Kazakhstan","705","Slovenia","5922","Export value","21631.01","Sunflower-seed oil, crude","2022","2022","","","",""
"TM","Detailed trade matrix","398","Kazakhstan","705","Slovenia","5922","Export value","21631.01","Sunflower-seed oil, crude","2023","2023","","","",""
"TM","Detailed trade matrix","398","Kazakhstan","705","Slovenia","5922","Export value","21631.01","Sunflower-seed oil, crude","2024","2024","","","",""
"TM","Detailed trade matrix","398","Kazakhstan","705","Slovenia","5910","Export quantity","0111","Wheat","2018","2018","","","",""
"TM","Detailed trade matrix","398","Kazakhstan","705","Slovenia","5910","Export quantity","0111","Wheat","2019","2019","","","",""
"TM","Detailed trade matrix","398","Kazakhstan","705","Slovenia","5910","Export quantity","0111","Wheat","2020","2020","","","",""
"TM","Detailed trade matrix","398","Kazakhstan","705","Slovenia","5910","Export quantity","0111","Wheat","2021","2021","","","",""
"TM","Detailed trade matrix","398","Kazakhstan","705","Slovenia","5910","Export quantity","0111","Wheat","2022","2022","","","",""
"TM","Detailed trade matrix","398","Kazakhstan","705","Slovenia","5910","Export quantity","0111","Wheat","2023","2023","","","",""
"TM","Detailed trade matrix","398","Kazakhstan","705","Slovenia","5910","Export quantity","0111","Wheat","2024","2024","","","",""
"TM","Detailed trade matrix","398","Kazakhstan","705","Slovenia","5922","Export value","0111","Wheat","2018","2018","","","",""
"TM","Detailed trade matrix","398","Kazakhstan","705","Slovenia","5922","Export value","0111","Wheat","2019","2019","","","",""
"TM","Detailed trade matrix","398","Kazakhstan","705","Slovenia","5922","Export value","0111","Wheat","2020","2020","","","",""
"TM","Detailed trade matrix","398","Kazakhstan","705","Slovenia","5922","Export value","0111","Wheat","2021","2021","","","",""
"TM","Detailed trade matrix","398","Kazakhstan","705","Slovenia","5922","Export value","0111","Wheat","2022","2022","","","",""
"TM","Detailed trade matrix","398","Kazakhstan","705","Slovenia","5922","Export value","0111","Wheat","2023","2023","","","",""
"TM","Detailed trade matrix","398","Kazakhstan","705","Slovenia","5922","Export value","0111","Wheat","2024","2024","","","",""
"TM","Detailed trade matrix","398","Kazakhstan","724","Spain","5910","Export quantity","0115","Barley","2018","2018","","","",""
"TM","Detailed trade matrix","398","Kazakhstan","724","Spain","5910","Export quantity","0115","Barley","2019","2019","","","",""
"TM","Detailed trade matrix","398","Kazakhstan","724","Spain","5910","Export quantity","0115","Barley","2020","2020","","","",""
"TM","Detailed trade matrix","398","Kazakhstan","724","Spain","5910","Export quantity","0115","Barley","2021","2021","","","",""
"TM","Detailed trade matrix","398","Kazakhstan","724","Spain","5910","Export quantity","0115","Barley","2022","2022","","","",""
"TM","Detailed trade matrix","398","Kazakhstan","724","Spain","5910","Export quantity","0115","Barley","2023","2023","","","",""
"TM","Detailed trade matrix","398","Kazakhstan","724","Spain","5910","Export quantity","0115","Barley","2024","2024","","","",""
"TM","Detailed trade matrix","398","Kazakhstan","724","Spain","5922","Export value","0115","Barley","2018","2018","","","",""
"TM","Detailed trade matrix","398","Kazakhstan","724","Spain","5922","Export value","0115","Barley","2019","2019","","","",""
"TM","Detailed trade matrix","398","Kazakhstan","724","Spain","5922","Export value","0115","Barley","2020","2020","","","",""
"TM","Detailed trade matrix","398","Kazakhstan","724","Spain","5922","Export value","0115","Barley","2021","2021","","","",""
"TM","Detailed trade matrix","398","Kazakhstan","724","Spain","5922","Export value","0115","Barley","2022","2022","","","",""
"TM","Detailed trade matrix","398","Kazakhstan","724","Spain","5922","Export value","0115","Barley","2023","2023","","","",""
"TM","Detailed trade matrix","398","Kazakhstan","724","Spain","5922","Export value","0115","Barley","2024","2024","","","",""
"TM","Detailed trade matrix","398","Kazakhstan","724","Spain","5910","Export quantity","01704","Lentils, dry","2018","2018","","","",""
"TM","Detailed trade matrix","398","Kazakhstan","724","Spain","5910","Export quantity","01704","Lentils, dry","2019","2019","","","",""
"TM","Detailed trade matrix","398","Kazakhstan","724","Spain","5910","Export quantity","01704","Lentils, dry","2020","2020","","","",""
"TM","Detailed trade matrix","398","Kazakhstan","724","Spain","5910","Export quantity","01704","Lentils, dry","2021","2021","","","",""
"TM","Detailed trade matrix","398","Kazakhstan","724","Spain","5910","Export quantity","01704","Lentils, dry","2022","2022","t","408","A","Official value"
"TM","Detailed trade matrix","398","Kazakhstan","724","Spain","5910","Export quantity","01704","Lentils, dry","2023","2023","t","333.46","A","Official value"
"TM","Detailed trade matrix","398","Kazakhstan","724","Spain","5910","Export quantity","01704","Lentils, dry","2024","2024","t","250","A","Official value"
"TM","Detailed trade matrix","398","Kazakhstan","724","Spain","5922","Export value","01704","Lentils, dry","2018","2018","","","",""
"TM","Detailed trade matrix","398","Kazakhstan","724","Spain","5922","Export value","01704","Lentils, dry","2019","2019","","","",""
"TM","Detailed trade matrix","398","Kazakhstan","724","Spain","5922","Export value","01704","Lentils, dry","2020","2020","","","",""
"TM","Detailed trade matrix","398","Kazakhstan","724","Spain","5922","Export value","01704","Lentils, dry","2021","2021","","","",""
"TM","Detailed trade matrix","398","Kazakhstan","724","Spain","5922","Export value","01704","Lentils, dry","2022","2022","1000 USD","337","A","Official value"
"TM","Detailed trade matrix","398","Kazakhstan","724","Spain","5922","Export value","01704","Lentils, dry","2023","2023","1000 USD","305","A","Official value"
"TM","Detailed trade matrix","398","Kazakhstan","724","Spain","5922","Export value","01704","Lentils, dry","2024","2024","1000 USD","146","A","Official value"
"TM","Detailed trade matrix","398","Kazakhstan","724","Spain","5910","Export quantity","01441","Linseed","2018","2018","","","",""
"TM","Detailed trade matrix","398","Kazakhstan","724","Spain","5910","Export quantity","01441","Linseed","2019","2019","","","",""
"TM","Detailed trade matrix","398","Kazakhstan","724","Spain","5910","Export quantity","01441","Linseed","2020","2020","t","22","A","Official value"
"TM","Detailed trade matrix","398","Kazakhstan","724","Spain","5910","Export quantity","01441","Linseed","2021","2021","","","",""
"TM","Detailed trade matrix","398","Kazakhstan","724","Spain","5910","Export quantity","01441","Linseed","2022","2022","","","",""
"TM","Detailed trade matrix","398","Kazakhstan","724","Spain","5910","Export quantity","01441","Linseed","2023","2023","","","",""
"TM","Detailed trade matrix","398","Kazakhstan","724","Spain","5910","Export quantity","01441","Linseed","2024","2024","","","",""
"TM","Detailed trade matrix","398","Kazakhstan","724","Spain","5922","Export value","01441","Linseed","2018","2018","","","",""
"TM","Detailed trade matrix","398","Kazakhstan","724","Spain","5922","Export value","01441","Linseed","2019","2019","","","",""
"TM","Detailed trade matrix","398","Kazakhstan","724","Spain","5922","Export value","01441","Linseed","2020","2020","1000 USD","14","A","Official value"
"TM","Detailed trade matrix","398","Kazakhstan","724","Spain","5922","Export value","01441","Linseed","2021","2021","","","",""
"TM","Detailed trade matrix","398","Kazakhstan","724","Spain","5922","Export value","01441","Linseed","2022","2022","","","",""
"TM","Detailed trade matrix","398","Kazakhstan","724","Spain","5922","Export value","01441","Linseed","2023","2023","","","",""
"TM","Detailed trade matrix","398","Kazakhstan","724","Spain","5922","Export value","01441","Linseed","2024","2024","","","",""
"TM","Detailed trade matrix","398","Kazakhstan","724","Spain","5910","Export quantity","0112","Maize (corn)","2018","2018","","","",""
"TM","Detailed trade matrix","398","Kazakhstan","724","Spain","5910","Export quantity","0112","Maize (corn)","2019","2019","","","",""
"TM","Detailed trade matrix","398","Kazakhstan","724","Spain","5910","Export quantity","0112","Maize (corn)","2020","2020","","","",""
"TM","Detailed trade matrix","398","Kazakhstan","724","Spain","5910","Export quantity","0112","Maize (corn)","2021","2021","","","",""
"TM","Detailed trade matrix","398","Kazakhstan","724","Spain","5910","Export quantity","0112","Maize (corn)","2022","2022","","","",""
"TM","Detailed trade matrix","398","Kazakhstan","724","Spain","5910","Export quantity","0112","Maize (corn)","2023","2023","","","",""
"TM","Detailed trade matrix","398","Kazakhstan","724","Spain","5910","Export quantity","0112","Maize (corn)","2024","2024","","","",""
"TM","Detailed trade matrix","398","Kazakhstan","724","Spain","5922","Export value","0112","Maize (corn)","2018","2018","","","",""
"TM","Detailed trade matrix","398","Kazakhstan","724","Spain","5922","Export value","0112","Maize (corn)","2019","2019","","","",""
"TM","Detailed trade matrix","398","Kazakhstan","724","Spain","5922","Export value","0112","Maize (corn)","2020","2020","","","",""
"TM","Detailed trade matrix","398","Kazakhstan","724","Spain","5922","Export value","0112","Maize (corn)","2021","2021","","","",""
"TM","Detailed trade matrix","398","Kazakhstan","724","Spain","5922","Export value","0112","Maize (corn)","2022","2022","","","",""
"TM","Detailed trade matrix","398","Kazakhstan","724","Spain","5922","Export value","0112","Maize (corn)","2023","2023","","","",""
"TM","Detailed trade matrix","398","Kazakhstan","724","Spain","5922","Export value","0112","Maize (corn)","2024","2024","","","",""
"TM","Detailed trade matrix","398","Kazakhstan","724","Spain","5910","Export quantity","01705","Peas, dry","2018","2018","t","51417.55","A","Official value"
"TM","Detailed trade matrix","398","Kazakhstan","724","Spain","5910","Export quantity","01705","Peas, dry","2019","2019","t","3332","A","Official value"
"TM","Detailed trade matrix","398","Kazakhstan","724","Spain","5910","Export quantity","01705","Peas, dry","2020","2020","","","",""
"TM","Detailed trade matrix","398","Kazakhstan","724","Spain","5910","Export quantity","01705","Peas, dry","2021","2021","","","",""
"TM","Detailed trade matrix","398","Kazakhstan","724","Spain","5910","Export quantity","01705","Peas, dry","2022","2022","","","",""
"TM","Detailed trade matrix","398","Kazakhstan","724","Spain","5910","Export quantity","01705","Peas, dry","2023","2023","","","",""
"TM","Detailed trade matrix","398","Kazakhstan","724","Spain","5910","Export quantity","01705","Peas, dry","2024","2024","","","",""
"TM","Detailed trade matrix","398","Kazakhstan","724","Spain","5922","Export value","01705","Peas, dry","2018","2018","1000 USD","10294","A","Official value"
"TM","Detailed trade matrix","398","Kazakhstan","724","Spain","5922","Export value","01705","Peas, dry","2019","2019","1000 USD","600","A","Official value"
"TM","Detailed trade matrix","398","Kazakhstan","724","Spain","5922","Export value","01705","Peas, dry","2020","2020","","","",""
"TM","Detailed trade matrix","398","Kazakhstan","724","Spain","5922","Export value","01705","Peas, dry","2021","2021","","","",""
"TM","Detailed trade matrix","398","Kazakhstan","724","Spain","5922","Export value","01705","Peas, dry","2022","2022","","","",""
"TM","Detailed trade matrix","398","Kazakhstan","724","Spain","5922","Export value","01705","Peas, dry","2023","2023","","","",""
"TM","Detailed trade matrix","398","Kazakhstan","724","Spain","5922","Export value","01705","Peas, dry","2024","2024","","","",""
"TM","Detailed trade matrix","398","Kazakhstan","724","Spain","5910","Export quantity","21641.01","Rapeseed or canola oil, crude","2018","2018","","","",""
"TM","Detailed trade matrix","398","Kazakhstan","724","Spain","5910","Export quantity","21641.01","Rapeseed or canola oil, crude","2019","2019","","","",""
"TM","Detailed trade matrix","398","Kazakhstan","724","Spain","5910","Export quantity","21641.01","Rapeseed or canola oil, crude","2020","2020","","","",""
"TM","Detailed trade matrix","398","Kazakhstan","724","Spain","5910","Export quantity","21641.01","Rapeseed or canola oil, crude","2021","2021","","","",""
"TM","Detailed trade matrix","398","Kazakhstan","724","Spain","5910","Export quantity","21641.01","Rapeseed or canola oil, crude","2022","2022","","","",""
"TM","Detailed trade matrix","398","Kazakhstan","724","Spain","5910","Export quantity","21641.01","Rapeseed or canola oil, crude","2023","2023","","","",""
"TM","Detailed trade matrix","398","Kazakhstan","724","Spain","5910","Export quantity","21641.01","Rapeseed or canola oil, crude","2024","2024","","","",""
"TM","Detailed trade matrix","398","Kazakhstan","724","Spain","5922","Export value","21641.01","Rapeseed or canola oil, crude","2018","2018","","","",""
"TM","Detailed trade matrix","398","Kazakhstan","724","Spain","5922","Export value","21641.01","Rapeseed or canola oil, crude","2019","2019","","","",""
"TM","Detailed trade matrix","398","Kazakhstan","724","Spain","5922","Export value","21641.01","Rapeseed or canola oil, crude","2020","2020","","","",""
"TM","Detailed trade matrix","398","Kazakhstan","724","Spain","5922","Export value","21641.01","Rapeseed or canola oil, crude","2021","2021","","","",""
"TM","Detailed trade matrix","398","Kazakhstan","724","Spain","5922","Export value","21641.01","Rapeseed or canola oil, crude","2022","2022","","","",""
"TM","Detailed trade matrix","398","Kazakhstan","724","Spain","5922","Export value","21641.01","Rapeseed or canola oil, crude","2023","2023","","","",""
"TM","Detailed trade matrix","398","Kazakhstan","724","Spain","5922","Export value","21641.01","Rapeseed or canola oil, crude","2024","2024","","","",""
"TM","Detailed trade matrix","398","Kazakhstan","724","Spain","5910","Export quantity","01445","Sunflower seed","2018","2018","","","",""
"TM","Detailed trade matrix","398","Kazakhstan","724","Spain","5910","Export quantity","01445","Sunflower seed","2019","2019","","","",""
"TM","Detailed trade matrix","398","Kazakhstan","724","Spain","5910","Export quantity","01445","Sunflower seed","2020","2020","","","",""
"TM","Detailed trade matrix","398","Kazakhstan","724","Spain","5910","Export quantity","01445","Sunflower seed","2021","2021","","","",""
"TM","Detailed trade matrix","398","Kazakhstan","724","Spain","5910","Export quantity","01445","Sunflower seed","2022","2022","","","",""
"TM","Detailed trade matrix","398","Kazakhstan","724","Spain","5910","Export quantity","01445","Sunflower seed","2023","2023","","","",""
"TM","Detailed trade matrix","398","Kazakhstan","724","Spain","5910","Export quantity","01445","Sunflower seed","2024","2024","","","",""
"TM","Detailed trade matrix","398","Kazakhstan","724","Spain","5922","Export value","01445","Sunflower seed","2018","2018","","","",""
"TM","Detailed trade matrix","398","Kazakhstan","724","Spain","5922","Export value","01445","Sunflower seed","2019","2019","","","",""
"TM","Detailed trade matrix","398","Kazakhstan","724","Spain","5922","Export value","01445","Sunflower seed","2020","2020","","","",""
"TM","Detailed trade matrix","398","Kazakhstan","724","Spain","5922","Export value","01445","Sunflower seed","2021","2021","","","",""
"TM","Detailed trade matrix","398","Kazakhstan","724","Spain","5922","Export value","01445","Sunflower seed","2022","2022","","","",""
"TM","Detailed trade matrix","398","Kazakhstan","724","Spain","5922","Export value","01445","Sunflower seed","2023","2023","","","",""
"TM","Detailed trade matrix","398","Kazakhstan","724","Spain","5922","Export value","01445","Sunflower seed","2024","2024","","","",""
"TM","Detailed trade matrix","398","Kazakhstan","724","Spain","5910","Export quantity","21631.01","Sunflower-seed oil, crude","2018","2018","","","",""
"TM","Detailed trade matrix","398","Kazakhstan","724","Spain","5910","Export quantity","21631.01","Sunflower-seed oil, crude","2019","2019","","","",""
"TM","Detailed trade matrix","398","Kazakhstan","724","Spain","5910","Export quantity","21631.01","Sunflower-seed oil, crude","2020","2020","","","",""
"TM","Detailed trade matrix","398","Kazakhstan","724","Spain","5910","Export quantity","21631.01","Sunflower-seed oil, crude","2021","2021","","","",""
"TM","Detailed trade matrix","398","Kazakhstan","724","Spain","5910","Export quantity","21631.01","Sunflower-seed oil, crude","2022","2022","","","",""
"TM","Detailed trade matrix","398","Kazakhstan","724","Spain","5910","Export quantity","21631.01","Sunflower-seed oil, crude","2023","2023","","","",""
"TM","Detailed trade matrix","398","Kazakhstan","724","Spain","5910","Export quantity","21631.01","Sunflower-seed oil, crude","2024","2024","","","",""
"TM","Detailed trade matrix","398","Kazakhstan","724","Spain","5922","Export value","21631.01","Sunflower-seed oil, crude","2018","2018","","","",""
"TM","Detailed trade matrix","398","Kazakhstan","724","Spain","5922","Export value","21631.01","Sunflower-seed oil, crude","2019","2019","","","",""
"TM","Detailed trade matrix","398","Kazakhstan","724","Spain","5922","Export value","21631.01","Sunflower-seed oil, crude","2020","2020","","","",""
"TM","Detailed trade matrix","398","Kazakhstan","724","Spain","5922","Export value","21631.01","Sunflower-seed oil, crude","2021","2021","","","",""
"TM","Detailed trade matrix","398","Kazakhstan","724","Spain","5922","Export value","21631.01","Sunflower-seed oil, crude","2022","2022","","","",""
"TM","Detailed trade matrix","398","Kazakhstan","724","Spain","5922","Export value","21631.01","Sunflower-seed oil, crude","2023","2023","","","",""
"TM","Detailed trade matrix","398","Kazakhstan","724","Spain","5922","Export value","21631.01","Sunflower-seed oil, crude","2024","2024","","","",""
"TM","Detailed trade matrix","398","Kazakhstan","724","Spain","5910","Export quantity","0111","Wheat","2018","2018","t","26732.74","A","Official value"
"TM","Detailed trade matrix","398","Kazakhstan","724","Spain","5910","Export quantity","0111","Wheat","2019","2019","","","",""
"TM","Detailed trade matrix","398","Kazakhstan","724","Spain","5910","Export quantity","0111","Wheat","2020","2020","","","",""
"TM","Detailed trade matrix","398","Kazakhstan","724","Spain","5910","Export quantity","0111","Wheat","2021","2021","","","",""
"TM","Detailed trade matrix","398","Kazakhstan","724","Spain","5910","Export quantity","0111","Wheat","2022","2022","","","",""
"TM","Detailed trade matrix","398","Kazakhstan","724","Spain","5910","Export quantity","0111","Wheat","2023","2023","t","27035.96","A","Official value"
"TM","Detailed trade matrix","398","Kazakhstan","724","Spain","5910","Export quantity","0111","Wheat","2024","2024","t","40","A","Official value"
"TM","Detailed trade matrix","398","Kazakhstan","724","Spain","5922","Export value","0111","Wheat","2018","2018","1000 USD","5553","A","Official value"
"TM","Detailed trade matrix","398","Kazakhstan","724","Spain","5922","Export value","0111","Wheat","2019","2019","","","",""
"TM","Detailed trade matrix","398","Kazakhstan","724","Spain","5922","Export value","0111","Wheat","2020","2020","","","",""
"TM","Detailed trade matrix","398","Kazakhstan","724","Spain","5922","Export value","0111","Wheat","2021","2021","","","",""
"TM","Detailed trade matrix","398","Kazakhstan","724","Spain","5922","Export value","0111","Wheat","2022","2022","","","",""
"TM","Detailed trade matrix","398","Kazakhstan","724","Spain","5922","Export value","0111","Wheat","2023","2023","1000 USD","8092","A","Official value"
"TM","Detailed trade matrix","398","Kazakhstan","724","Spain","5922","Export value","0111","Wheat","2024","2024","1000 USD","7","A","Official value"
"TM","Detailed trade matrix","398","Kazakhstan","752","Sweden","5910","Export quantity","0115","Barley","2018","2018","","","",""
"TM","Detailed trade matrix","398","Kazakhstan","752","Sweden","5910","Export quantity","0115","Barley","2019","2019","","","",""
"TM","Detailed trade matrix","398","Kazakhstan","752","Sweden","5910","Export quantity","0115","Barley","2020","2020","","","",""
"TM","Detailed trade matrix","398","Kazakhstan","752","Sweden","5910","Export quantity","0115","Barley","2021","2021","","","",""
"TM","Detailed trade matrix","398","Kazakhstan","752","Sweden","5910","Export quantity","0115","Barley","2022","2022","","","",""
"TM","Detailed trade matrix","398","Kazakhstan","752","Sweden","5910","Export quantity","0115","Barley","2023","2023","","","",""
"TM","Detailed trade matrix","398","Kazakhstan","752","Sweden","5910","Export quantity","0115","Barley","2024","2024","","","",""
"TM","Detailed trade matrix","398","Kazakhstan","752","Sweden","5922","Export value","0115","Barley","2018","2018","","","",""
"TM","Detailed trade matrix","398","Kazakhstan","752","Sweden","5922","Export value","0115","Barley","2019","2019","","","",""
"TM","Detailed trade matrix","398","Kazakhstan","752","Sweden","5922","Export value","0115","Barley","2020","2020","","","",""
"TM","Detailed trade matrix","398","Kazakhstan","752","Sweden","5922","Export value","0115","Barley","2021","2021","","","",""
"TM","Detailed trade matrix","398","Kazakhstan","752","Sweden","5922","Export value","0115","Barley","2022","2022","","","",""
"TM","Detailed trade matrix","398","Kazakhstan","752","Sweden","5922","Export value","0115","Barley","2023","2023","","","",""
"TM","Detailed trade matrix","398","Kazakhstan","752","Sweden","5922","Export value","0115","Barley","2024","2024","","","",""
"TM","Detailed trade matrix","398","Kazakhstan","752","Sweden","5910","Export quantity","01704","Lentils, dry","2018","2018","","","",""
"TM","Detailed trade matrix","398","Kazakhstan","752","Sweden","5910","Export quantity","01704","Lentils, dry","2019","2019","","","",""
"TM","Detailed trade matrix","398","Kazakhstan","752","Sweden","5910","Export quantity","01704","Lentils, dry","2020","2020","","","",""
"TM","Detailed trade matrix","398","Kazakhstan","752","Sweden","5910","Export quantity","01704","Lentils, dry","2021","2021","","","",""
"TM","Detailed trade matrix","398","Kazakhstan","752","Sweden","5910","Export quantity","01704","Lentils, dry","2022","2022","","","",""
"TM","Detailed trade matrix","398","Kazakhstan","752","Sweden","5910","Export quantity","01704","Lentils, dry","2023","2023","","","",""
"TM","Detailed trade matrix","398","Kazakhstan","752","Sweden","5910","Export quantity","01704","Lentils, dry","2024","2024","","","",""
"TM","Detailed trade matrix","398","Kazakhstan","752","Sweden","5922","Export value","01704","Lentils, dry","2018","2018","","","",""
"TM","Detailed trade matrix","398","Kazakhstan","752","Sweden","5922","Export value","01704","Lentils, dry","2019","2019","","","",""
"TM","Detailed trade matrix","398","Kazakhstan","752","Sweden","5922","Export value","01704","Lentils, dry","2020","2020","","","",""
"TM","Detailed trade matrix","398","Kazakhstan","752","Sweden","5922","Export value","01704","Lentils, dry","2021","2021","","","",""
"TM","Detailed trade matrix","398","Kazakhstan","752","Sweden","5922","Export value","01704","Lentils, dry","2022","2022","","","",""
"TM","Detailed trade matrix","398","Kazakhstan","752","Sweden","5922","Export value","01704","Lentils, dry","2023","2023","","","",""
"TM","Detailed trade matrix","398","Kazakhstan","752","Sweden","5922","Export value","01704","Lentils, dry","2024","2024","","","",""
"TM","Detailed trade matrix","398","Kazakhstan","752","Sweden","5910","Export quantity","01441","Linseed","2018","2018","","","",""
"TM","Detailed trade matrix","398","Kazakhstan","752","Sweden","5910","Export quantity","01441","Linseed","2019","2019","","","",""
"TM","Detailed trade matrix","398","Kazakhstan","752","Sweden","5910","Export quantity","01441","Linseed","2020","2020","","","",""
"TM","Detailed trade matrix","398","Kazakhstan","752","Sweden","5910","Export quantity","01441","Linseed","2021","2021","","","",""
"TM","Detailed trade matrix","398","Kazakhstan","752","Sweden","5910","Export quantity","01441","Linseed","2022","2022","","","",""
"TM","Detailed trade matrix","398","Kazakhstan","752","Sweden","5910","Export quantity","01441","Linseed","2023","2023","t","154","A","Official value"
"TM","Detailed trade matrix","398","Kazakhstan","752","Sweden","5910","Export quantity","01441","Linseed","2024","2024","","","",""
"TM","Detailed trade matrix","398","Kazakhstan","752","Sweden","5922","Export value","01441","Linseed","2018","2018","","","",""
"TM","Detailed trade matrix","398","Kazakhstan","752","Sweden","5922","Export value","01441","Linseed","2019","2019","","","",""
"TM","Detailed trade matrix","398","Kazakhstan","752","Sweden","5922","Export value","01441","Linseed","2020","2020","","","",""
"TM","Detailed trade matrix","398","Kazakhstan","752","Sweden","5922","Export value","01441","Linseed","2021","2021","","","",""
"TM","Detailed trade matrix","398","Kazakhstan","752","Sweden","5922","Export value","01441","Linseed","2022","2022","","","",""
"TM","Detailed trade matrix","398","Kazakhstan","752","Sweden","5922","Export value","01441","Linseed","2023","2023","1000 USD","80","A","Official value"
"TM","Detailed trade matrix","398","Kazakhstan","752","Sweden","5922","Export value","01441","Linseed","2024","2024","","","",""
"TM","Detailed trade matrix","398","Kazakhstan","752","Sweden","5910","Export quantity","0112","Maize (corn)","2018","2018","","","",""
"TM","Detailed trade matrix","398","Kazakhstan","752","Sweden","5910","Export quantity","0112","Maize (corn)","2019","2019","","","",""
"TM","Detailed trade matrix","398","Kazakhstan","752","Sweden","5910","Export quantity","0112","Maize (corn)","2020","2020","","","",""
"TM","Detailed trade matrix","398","Kazakhstan","752","Sweden","5910","Export quantity","0112","Maize (corn)","2021","2021","","","",""
"TM","Detailed trade matrix","398","Kazakhstan","752","Sweden","5910","Export quantity","0112","Maize (corn)","2022","2022","","","",""
"TM","Detailed trade matrix","398","Kazakhstan","752","Sweden","5910","Export quantity","0112","Maize (corn)","2023","2023","","","",""
"TM","Detailed trade matrix","398","Kazakhstan","752","Sweden","5910","Export quantity","0112","Maize (corn)","2024","2024","","","",""
"TM","Detailed trade matrix","398","Kazakhstan","752","Sweden","5922","Export value","0112","Maize (corn)","2018","2018","","","",""
"TM","Detailed trade matrix","398","Kazakhstan","752","Sweden","5922","Export value","0112","Maize (corn)","2019","2019","","","",""
"TM","Detailed trade matrix","398","Kazakhstan","752","Sweden","5922","Export value","0112","Maize (corn)","2020","2020","","","",""
"TM","Detailed trade matrix","398","Kazakhstan","752","Sweden","5922","Export value","0112","Maize (corn)","2021","2021","","","",""
"TM","Detailed trade matrix","398","Kazakhstan","752","Sweden","5922","Export value","0112","Maize (corn)","2022","2022","","","",""
"TM","Detailed trade matrix","398","Kazakhstan","752","Sweden","5922","Export value","0112","Maize (corn)","2023","2023","","","",""
"TM","Detailed trade matrix","398","Kazakhstan","752","Sweden","5922","Export value","0112","Maize (corn)","2024","2024","","","",""
"TM","Detailed trade matrix","398","Kazakhstan","752","Sweden","5910","Export quantity","01705","Peas, dry","2018","2018","","","",""
"TM","Detailed trade matrix","398","Kazakhstan","752","Sweden","5910","Export quantity","01705","Peas, dry","2019","2019","","","",""
"TM","Detailed trade matrix","398","Kazakhstan","752","Sweden","5910","Export quantity","01705","Peas, dry","2020","2020","","","",""
"TM","Detailed trade matrix","398","Kazakhstan","752","Sweden","5910","Export quantity","01705","Peas, dry","2021","2021","","","",""
"TM","Detailed trade matrix","398","Kazakhstan","752","Sweden","5910","Export quantity","01705","Peas, dry","2022","2022","","","",""
"TM","Detailed trade matrix","398","Kazakhstan","752","Sweden","5910","Export quantity","01705","Peas, dry","2023","2023","","","",""
"TM","Detailed trade matrix","398","Kazakhstan","752","Sweden","5910","Export quantity","01705","Peas, dry","2024","2024","","","",""
"TM","Detailed trade matrix","398","Kazakhstan","752","Sweden","5922","Export value","01705","Peas, dry","2018","2018","","","",""
"TM","Detailed trade matrix","398","Kazakhstan","752","Sweden","5922","Export value","01705","Peas, dry","2019","2019","","","",""
"TM","Detailed trade matrix","398","Kazakhstan","752","Sweden","5922","Export value","01705","Peas, dry","2020","2020","","","",""
"TM","Detailed trade matrix","398","Kazakhstan","752","Sweden","5922","Export value","01705","Peas, dry","2021","2021","","","",""
"TM","Detailed trade matrix","398","Kazakhstan","752","Sweden","5922","Export value","01705","Peas, dry","2022","2022","","","",""
"TM","Detailed trade matrix","398","Kazakhstan","752","Sweden","5922","Export value","01705","Peas, dry","2023","2023","","","",""
"TM","Detailed trade matrix","398","Kazakhstan","752","Sweden","5922","Export value","01705","Peas, dry","2024","2024","","","",""
"TM","Detailed trade matrix","398","Kazakhstan","752","Sweden","5910","Export quantity","21641.01","Rapeseed or canola oil, crude","2018","2018","","","",""
"TM","Detailed trade matrix","398","Kazakhstan","752","Sweden","5910","Export quantity","21641.01","Rapeseed or canola oil, crude","2019","2019","","","",""
"TM","Detailed trade matrix","398","Kazakhstan","752","Sweden","5910","Export quantity","21641.01","Rapeseed or canola oil, crude","2020","2020","","","",""
"TM","Detailed trade matrix","398","Kazakhstan","752","Sweden","5910","Export quantity","21641.01","Rapeseed or canola oil, crude","2021","2021","","","",""
"TM","Detailed trade matrix","398","Kazakhstan","752","Sweden","5910","Export quantity","21641.01","Rapeseed or canola oil, crude","2022","2022","","","",""
"TM","Detailed trade matrix","398","Kazakhstan","752","Sweden","5910","Export quantity","21641.01","Rapeseed or canola oil, crude","2023","2023","","","",""
"TM","Detailed trade matrix","398","Kazakhstan","752","Sweden","5910","Export quantity","21641.01","Rapeseed or canola oil, crude","2024","2024","","","",""
"TM","Detailed trade matrix","398","Kazakhstan","752","Sweden","5922","Export value","21641.01","Rapeseed or canola oil, crude","2018","2018","","","",""
"TM","Detailed trade matrix","398","Kazakhstan","752","Sweden","5922","Export value","21641.01","Rapeseed or canola oil, crude","2019","2019","","","",""
"TM","Detailed trade matrix","398","Kazakhstan","752","Sweden","5922","Export value","21641.01","Rapeseed or canola oil, crude","2020","2020","","","",""
"TM","Detailed trade matrix","398","Kazakhstan","752","Sweden","5922","Export value","21641.01","Rapeseed or canola oil, crude","2021","2021","","","",""
"TM","Detailed trade matrix","398","Kazakhstan","752","Sweden","5922","Export value","21641.01","Rapeseed or canola oil, crude","2022","2022","","","",""
"TM","Detailed trade matrix","398","Kazakhstan","752","Sweden","5922","Export value","21641.01","Rapeseed or canola oil, crude","2023","2023","","","",""
"TM","Detailed trade matrix","398","Kazakhstan","752","Sweden","5922","Export value","21641.01","Rapeseed or canola oil, crude","2024","2024","","","",""
"TM","Detailed trade matrix","398","Kazakhstan","752","Sweden","5910","Export quantity","01445","Sunflower seed","2018","2018","","","",""
"TM","Detailed trade matrix","398","Kazakhstan","752","Sweden","5910","Export quantity","01445","Sunflower seed","2019","2019","","","",""
"TM","Detailed trade matrix","398","Kazakhstan","752","Sweden","5910","Export quantity","01445","Sunflower seed","2020","2020","","","",""
"TM","Detailed trade matrix","398","Kazakhstan","752","Sweden","5910","Export quantity","01445","Sunflower seed","2021","2021","","","",""
"TM","Detailed trade matrix","398","Kazakhstan","752","Sweden","5910","Export quantity","01445","Sunflower seed","2022","2022","","","",""
"TM","Detailed trade matrix","398","Kazakhstan","752","Sweden","5910","Export quantity","01445","Sunflower seed","2023","2023","","","",""
"TM","Detailed trade matrix","398","Kazakhstan","752","Sweden","5910","Export quantity","01445","Sunflower seed","2024","2024","","","",""
"TM","Detailed trade matrix","398","Kazakhstan","752","Sweden","5922","Export value","01445","Sunflower seed","2018","2018","","","",""
"TM","Detailed trade matrix","398","Kazakhstan","752","Sweden","5922","Export value","01445","Sunflower seed","2019","2019","","","",""
"TM","Detailed trade matrix","398","Kazakhstan","752","Sweden","5922","Export value","01445","Sunflower seed","2020","2020","","","",""
"TM","Detailed trade matrix","398","Kazakhstan","752","Sweden","5922","Export value","01445","Sunflower seed","2021","2021","","","",""
"TM","Detailed trade matrix","398","Kazakhstan","752","Sweden","5922","Export value","01445","Sunflower seed","2022","2022","","","",""
"TM","Detailed trade matrix","398","Kazakhstan","752","Sweden","5922","Export value","01445","Sunflower seed","2023","2023","","","",""
"TM","Detailed trade matrix","398","Kazakhstan","752","Sweden","5922","Export value","01445","Sunflower seed","2024","2024","","","",""
"TM","Detailed trade matrix","398","Kazakhstan","752","Sweden","5910","Export quantity","21631.01","Sunflower-seed oil, crude","2018","2018","","","",""
"TM","Detailed trade matrix","398","Kazakhstan","752","Sweden","5910","Export quantity","21631.01","Sunflower-seed oil, crude","2019","2019","","","",""
"TM","Detailed trade matrix","398","Kazakhstan","752","Sweden","5910","Export quantity","21631.01","Sunflower-seed oil, crude","2020","2020","","","",""
"TM","Detailed trade matrix","398","Kazakhstan","752","Sweden","5910","Export quantity","21631.01","Sunflower-seed oil, crude","2021","2021","","","",""
"TM","Detailed trade matrix","398","Kazakhstan","752","Sweden","5910","Export quantity","21631.01","Sunflower-seed oil, crude","2022","2022","","","",""
"TM","Detailed trade matrix","398","Kazakhstan","752","Sweden","5910","Export quantity","21631.01","Sunflower-seed oil, crude","2023","2023","","","",""
"TM","Detailed trade matrix","398","Kazakhstan","752","Sweden","5910","Export quantity","21631.01","Sunflower-seed oil, crude","2024","2024","","","",""
"TM","Detailed trade matrix","398","Kazakhstan","752","Sweden","5922","Export value","21631.01","Sunflower-seed oil, crude","2018","2018","","","",""
"TM","Detailed trade matrix","398","Kazakhstan","752","Sweden","5922","Export value","21631.01","Sunflower-seed oil, crude","2019","2019","","","",""
"TM","Detailed trade matrix","398","Kazakhstan","752","Sweden","5922","Export value","21631.01","Sunflower-seed oil, crude","2020","2020","","","",""
"TM","Detailed trade matrix","398","Kazakhstan","752","Sweden","5922","Export value","21631.01","Sunflower-seed oil, crude","2021","2021","","","",""
"TM","Detailed trade matrix","398","Kazakhstan","752","Sweden","5922","Export value","21631.01","Sunflower-seed oil, crude","2022","2022","","","",""
"TM","Detailed trade matrix","398","Kazakhstan","752","Sweden","5922","Export value","21631.01","Sunflower-seed oil, crude","2023","2023","","","",""
"TM","Detailed trade matrix","398","Kazakhstan","752","Sweden","5922","Export value","21631.01","Sunflower-seed oil, crude","2024","2024","","","",""
"TM","Detailed trade matrix","398","Kazakhstan","752","Sweden","5910","Export quantity","0111","Wheat","2018","2018","t","36950.6","A","Official value"
"TM","Detailed trade matrix","398","Kazakhstan","752","Sweden","5910","Export quantity","0111","Wheat","2019","2019","t","9000","A","Official value"
"TM","Detailed trade matrix","398","Kazakhstan","752","Sweden","5910","Export quantity","0111","Wheat","2020","2020","","","",""
"TM","Detailed trade matrix","398","Kazakhstan","752","Sweden","5910","Export quantity","0111","Wheat","2021","2021","","","",""
"TM","Detailed trade matrix","398","Kazakhstan","752","Sweden","5910","Export quantity","0111","Wheat","2022","2022","","","",""
"TM","Detailed trade matrix","398","Kazakhstan","752","Sweden","5910","Export quantity","0111","Wheat","2023","2023","t","10500","A","Official value"
"TM","Detailed trade matrix","398","Kazakhstan","752","Sweden","5910","Export quantity","0111","Wheat","2024","2024","","","",""
"TM","Detailed trade matrix","398","Kazakhstan","752","Sweden","5922","Export value","0111","Wheat","2018","2018","1000 USD","11218","A","Official value"
"TM","Detailed trade matrix","398","Kazakhstan","752","Sweden","5922","Export value","0111","Wheat","2019","2019","1000 USD","3150","A","Official value"
"TM","Detailed trade matrix","398","Kazakhstan","752","Sweden","5922","Export value","0111","Wheat","2020","2020","","","",""
"TM","Detailed trade matrix","398","Kazakhstan","752","Sweden","5922","Export value","0111","Wheat","2021","2021","","","",""
"TM","Detailed trade matrix","398","Kazakhstan","752","Sweden","5922","Export value","0111","Wheat","2022","2022","","","",""
"TM","Detailed trade matrix","398","Kazakhstan","752","Sweden","5922","Export value","0111","Wheat","2023","2023","1000 USD","4725","A","Official value"
"TM","Detailed trade matrix","398","Kazakhstan","752","Sweden","5922","Export value","0111","Wheat","2024","2024","","","",""
